{
  "results": [
    {
      "Suspense_ID": 13,
      "CD_CASE": "OAK082610004",
      "NBR_SEQUENCE": 1,
      "SuspenseDate": "2012-06-28T00:00:00",
      "RequestedBy": "PGG",
      "SuspenseReason": "BRD",
      "UpdatedBy": "MPG",
      "UpdateDate": "2012-12-04T13:35:47.093",
      "SuspenseDescription": null
    },
    {
      "Suspense_ID": 14,
      "CD_CASE": "OAK082610004",
      "NBR_SEQUENCE": 2,
      "SuspenseDate": "2017-01-23T00:00:00",
      "RequestedBy": "MPG",
      "SuspenseReason": "APP",
      "UpdatedBy": "MPG",
      "UpdateDate": "2012-12-04T13:35:47.1",
      "SuspenseDescription": null
    }
  ],
  "ResultCount": 2
}