{
  "CD_CASE_CLSE_ID": "PAT",
  "DT_CASE_CLSE": "2005-10-18T11:23:48.73",
  "DT_MOD_SCHED_HR": "0001-01-01T00:00:00",
  "CD_SCHED_RSL": "N",
  "CD_TYP_ACT": "10",
  "DT_TYP_ACT_EFF": "0001-01-01T00:00:00",
  "DT_TYP_ACT_MOD": "0001-01-01T00:00:00",
  "DT_TYP_ACT_END": "0001-01-01T00:00:00",
  "DT_TYP_ACT_TERM": "0001-01-01T00:00:00",
  "CD_VEH_AUTH_ORIG": null,
  "CD_VEH_AUTH1": null,
  "CD_VEH_AUTH2": null,
  "CD_VEH_AUTH3": null,
  "DT_SCHED_HRNG": "0001-01-01T00:00:00",
  "DT_MAIL": "0001-01-01T00:00:00",
  "CD_DL_UPDATE_ID": "PAT",
  "DT_DL_UPDATE": "2005-10-18T11:23:48.73",
  "CD_OFF_ABBR": null,
  "CD_EMP_ID": null,
  "NBR_DL": "I0000000",
  "CD_RSN": "100",
  "CD_HRNG_TYP": "D",
  "SUBJECT_FIRST_NAME": "GEORGE                             ",
  "SUBJECT_LAST_NAME": "VINCENT                            ",
  "SCHEDULED_EMPLOYEE_FIRST_NAME": null,
  "SCHEDULED_EMPLOYEE_LAST_NAME": null,
  "CLOSED_EMPLOYEE_FIRST_NAME": "Pat",
  "CLOSED_EMPLOYEE_LAST_NAME": "Timmons",
  "UPDATED_EMPLOYEE_FIRST_NAME": "Pat",
  "UPDATED_EMPLOYEE_LAST_NAME": "Timmons",
  "NBR_CASE_ACC_FR": "         ",
  "FLG_HEARING": null,
  "CD_FLD_DSO_ALPHA": "SAC"
}