{
  "newsId": 0,
  "empId": 0,
  "authorName": "string",
  "priority": "string",
  "newsText": "string",
  "createDate": "2018-06-26T16:44:20.455Z",
  "subject": "string",
  "startDate": "2018-06-26T16:44:20.455Z",
  "endDate": "2018-06-26T16:44:20.455Z",
  "offices": [
    {
      "results": [
        null
      ],
      "regionId": "string",
      "regionName": "string",
      "officeId": "string",
      "officeName": "string"
    }
  ],
  "employeeType": "string",
  "allOffices": true,
  "officeGroup": [
    "string"
  ]
}