{
  "newsId": 1,
  "empId": 220,
  "authorName": "Michael Grahn",
  "priority": "B",
  "subject": "Uber Self-Driving Cars",
  "newsText": "1. HEADLINE... Uber pulls self-driving cars from California roads\r\nAssociated Press  \r\nSAN FRANCISCO (AP) — Uber pulled its self-driving cars from California roads after state regulators moved to revoke their registrations, officials said Wednesday.\r\nThe move comes after a week of talks between the ride-sharing company and state regulators failed.\r\nHours after Uber launched the service in its hometown of San Francisco last Wednesday, the DMV threatened legal action if the company did not stop. The cars need the same special permit as the 20 other companies testing self-driving technology in California, regulators argued…..\r\n\r\n\r\n",
  "createDate": "2016-12-22T14:43:42.917",
  "startDate": "2017-01-05T00:00:00",
  "endDate": "2017-09-30T00:00:00",
  "allOffices": false,
  "emp": null,
  "officeNewsItem": []
}