{
  "results": [
    {
      "firstName": "George                             ",
      "lastName": "Vincent                            ",
      "dlNumber": "I0000000",
      "cases": null
    },
    {
      "firstName": "George                             ",
      "lastName": "Vincent                            ",
      "dlNumber": "I0000001",
      "cases": null
    },
    {
      "firstName": "George                             ",
      "lastName": "Vincent                            ",
      "dlNumber": "I0000002",
      "cases": null
    },
    {
      "firstName": "Terry                              ",
      "lastName": "Vincent                            ",
      "dlNumber": "I0001114",
      "cases": null
    },
    {
      "firstName": "Leo                                ",
      "lastName": "Vincent                            ",
      "dlNumber": "I0002500",
      "cases": null
    },
    {
      "firstName": "Susan                              ",
      "lastName": "Vincent                            ",
      "dlNumber": "I5371622",
      "cases": null
    },
    {
      "firstName": "Leo                                ",
      "lastName": "Vincent                            ",
      "dlNumber": "I5891617",
      "cases": null
    },
    {
      "firstName": "Edith                              ",
      "lastName": "Vincent                            ",
      "dlNumber": "I8271843",
      "cases": null
    },
    {
      "firstName": "Edith                              ",
      "lastName": "Vincent                            ",
      "dlNumber": "I8271844",
      "cases": null
    },
    {
      "firstName": "George                             ",
      "lastName": "Vincent                            ",
      "dlNumber": "I8888100",
      "cases": null
    },
    {
      "firstName": "George                             ",
      "lastName": "Vincent                            ",
      "dlNumber": "I8888103",
      "cases": null
    },
    {
      "firstName": "George                             ",
      "lastName": "Vincent                            ",
      "dlNumber": "I8888104",
      "cases": null
    },
    {
      "firstName": "George                             ",
      "lastName": "Vincent                            ",
      "dlNumber": "I8888108",
      "cases": null
    },
    {
      "firstName": "George                             ",
      "lastName": "Vincent                            ",
      "dlNumber": "I8888113",
      "cases": null
    },
    {
      "firstName": "George                             ",
      "lastName": "Vincent                            ",
      "dlNumber": "I8888189",
      "cases": null
    },
    {
      "firstName": "George                             ",
      "lastName": "Vincent                            ",
      "dlNumber": "I8888190",
      "cases": null
    }
  ],
  "resultCount": 16
}