{
  "Customer": {
    "DLNumber": "I8888333",
    "FirstName": "SYLVANUS                           ",
    "LastName": "SILVA                              ",
    "MiddleName": " ",
    "Suffix": " ",
    "SSN": null,
    "DT_BIRTH_PRSN": "1987-01-23T00:00:00",
    "PhoneNumber": "",
    "DOB": "01-23-1987",
    "MailingAddress": "2415 1ST AVE\r\nSACRAMENTO, CA ",
    "Address1": "2415 1ST AVE",
    "Address2": null,
    "City": "SACRAMENTO",
    "State": "CA",
    "ZipFull": null,
    "Zip": "95818",
    "cases": null,
    "classLicense": "C",
    "Class1": "C",
    "Class2": " ",
    "DCSDifferences": [],
    "D26ValidationMessage": null,
    "D26ValidationOK": false,
    "AccidentMessage": null,
    "Accidents": [],
    "FRCaseNumber": null,
    "AccidentCity": null,
    "AccidentDate": "0001-01-01T00:00:00",
    "Archived": false,
    "Message": null,
    "ErrorMessage": null
  },
  "CaseNumber": "SAC181960004",
  "DLNumber": "I8888333",
  "SubjectName": null,
  "DT_ORIG_TRANS": "2018-07-15T09:39:37.68",
  "createdDate": "07/15/2018",
  "Reason": null,
  "DESC_HRNG_TYP": "Hearing                            ",
  "CaseStatus": "UN",
  "CaseStatusCode": "UN",
  "DateReceived": "07/15/2018",
  "DT_RCPT": "2018-07-15T09:39:37.68",
  "CD_REFR_SRCE_TYP": "ABS",
  "CD_RSN": "104",
  "CD_ENDR": null,
  "CD_HRNG_TYP": "4",
  "DESC_RSN": "Alcohol",
  "firstName": "SYLVANUS                           ",
  "lastName": "SILVA                              ",
  "CaseComments": {
    "resourceURI": null,
    "TotalComments": 0,
    "TotalPages": 0,
    "baseURI": null,
    "NextPageURL": null,
    "PrevPageURL": null,
    "CurrentPage": 1,
    "Comments": []
  },
  "CaseOIPs": {
    "OIPs": [],
    "OIPCount": 0
  },
  "CaseContacts": {
    "results": [],
    "ResultCount": 0
  },
  "RescheduleList": {
    "results": [],
    "ErrorMessage": null,
    "ResultCount": 0
  },
  "EmployeeContacts": {
    "results": [],
    "ResultCount": 0
  },
  "FRCaseNumber": null,
  "AccidentDate": "0001-01-01T00:00:00",
  "AccidentCity": null,
  "Message": null,
  "ErrorMessage": "Case Not Updated - Error processing DUV -  <br />DATE:11-15-19*TIME:12-30*                                                       <br />DL#:I8888333*NAME:SILVA SYLVAN                                                  <br />NO MATCHING HEARING                                                             <br /> <br />Please see <a target='_blank' href='http://dmvweb/?pg=/content/Work_Tools/DMV_Manuals/ISD_Drivers_License_Update_Manual/default.xml'><font color='red'>DL Update Manual</font></a> for assistance.",
  "Archived": false
}