{
  "customer": {
    "dlNumber": "string",
    "firstName": "string",
    "lastName": "string",
    "middleName": "string",
    "suffix": "string",
    "ssn": "string",
    "dT_BIRTH_PRSN": "2018-07-12T19:36:14.197Z",
    "phoneNumber": "string",
    "address1": "string",
    "address2": "string",
    "city": "string",
    "state": "string",
    "zipFull": "string",
    "zip": "string",
    "cases": [
      null
    ],
    "classLicense": "string",
    "class1": "string",
    "class2": "string",
    "dcsDifferences": [
      "string"
    ],
    "d26ValidationMessage": "string",
    "d26ValidationOK": true,
    "accidentMessage": "string",
    "accidents": [
      {
        "date": "string",
        "city": "string",
        "caseNumber": "string"
      }
    ],
    "archived": true,
    "message": "string",
    "errorMessage": "string"
  },
  "caseNumber": "string",
  "dlNumber": "string",
  "subjectName": "string",
  "dT_ORIG_TRANS": "2018-07-12T19:36:14.197Z",
  "reason": "string",
  "desC_HRNG_TYP": "string",
  "caseStatus": "string",
  "caseStatusCode": "string",
  "dT_RCPT": "2018-07-12T19:36:14.197Z",
  "cD_REFR_SRCE_TYP": "string",
  "cD_RSN": "string",
  "cD_ENDR": "string",
  "cD_HRNG_TYP": "string",
  "desC_RSN": "string",
  "firstName": "string",
  "lastName": "string",
  "caseComments": {
    "resourceURI": "string",
    "totalComments": 0,
    "totalPages": 0,
    "baseURI": "string",
    "nextPageURL": "string",
    "prevPageURL": "string",
    "currentPage": 0,
    "comments": [
      {
        "nbR_COMM": 0,
        "cD_UPDT_TECH_ID": "string",
        "employeeFullName": "string",
        "dT_UPDT_TRANS": "2018-07-12T19:36:14.197Z",
        "txT_COMM": "string"
      }
    ]
  },
  "caseOIPs": {
    "oiPs": [
      {
        "detailsDisplayed": [
          "string"
        ],
        "detailsCleanNames": [
          "string"
        ],
        "resourceURI": "string",
        "caseAssignURI": "string",
        "oipid": 0,
        "nbR_OIP": "string",
        "cD_UPDT_TECH_ID": "string",
        "nmE_FRST_PRSN": "string",
        "nmE_SURNME_PRSN": "string",
        "nmE_MID_PRSN": "string",
        "nmE_SUFX_PRSN": "string",
        "nbR_PHONE": "string",
        "nbR_CELL_PHONE": "string",
        "nbR_FAX": "string",
        "emailAddress": "string",
        "addR_LN1": "string",
        "cD_CITY": "string",
        "cD_STATE": "string",
        "cD_ZIP": "string",
        "nmE_AGENCY": "string",
        "txT_COMM": "string",
        "cD_PRTY_TYP": "string",
        "desC_PRTY_TYP": "string",
        "cdCase": "string",
        "cD_LANGUAGE": "string",
        "error": true
      }
    ]
  },
  "caseContacts": {
    "results": [
      {
        "schedbY_NME_FRST_PRSN": "string",
        "schedbY_NME_SRNME_PRSN": "string",
        "dt_cntct_strt_tim": "string",
        "dt_cntct_end_tim": "string",
        "nme_Off": "string",
        "dT_SCHED_TRANS": "string",
        "status": "string",
        "room": "string"
      }
    ]
  },
  "rescheduleList": {
    "results": [
      {
        "dT_CNTCT_STRT_TIM": "2018-07-12T19:36:14.198Z",
        "cD_OFF_ABBR": "string",
        "txT_COMMENT": "string",
        "hO_NME_FRST_PRSN": "string",
        "hO_NME_SURNME_PRSN": "string",
        "schedbY_NME_FRST_PRSN": "string",
        "schedbY_NME_SRNME_PRSN": "string",
        "authorizeD_NME_FRST_PRSN": "string",
        "authorizeD_NME_SRNME_PRSN": "string"
      }
    ],
    "errorMessage": "string"
  },
  "employeeContacts": {
    "results": [
      {
        "nmE_FRST_PRSN": "string",
        "nmE_SURNME_PRSN": "string"
      }
    ]
  },
  "frCaseNumber": "string",
  "accidentDate": "2018-07-12T19:36:14.198Z",
  "accidentCity": "string",
  "message": "string",
  "errorMessage": "string",
  "archived": true
}