{
  "Customer": null,
  "CaseNumber": "I0000000",
  "DLNumber": null,
  "SubjectName": null,
  "DT_ORIG_TRANS": "0001-01-01T00:00:00",
  "createdDate": "01/01/0001",
  "Reason": null,
  "DESC_HRNG_TYP": null,
  "CaseStatus": "CL - Closed",
  "CaseStatusCode": "CL",
  "DateReceived": "01/01/0001",
  "DT_RCPT": "0001-01-01T00:00:00",
  "CD_REFR_SRCE_TYP": null,
  "CD_RSN": null,
  "CD_ENDR": null,
  "CD_HRNG_TYP": null,
  "DESC_RSN": null,
  "firstName": null,
  "lastName": null,
  "CaseComments": {
    "resourceURI": null,
    "TotalComments": 0,
    "TotalPages": 0,
    "baseURI": null,
    "NextPageURL": null,
    "PrevPageURL": null,
    "CurrentPage": 1,
    "Comments": []
  },
  "CaseOIPs": {
    "OIPs": [],
    "OIPCount": 0
  },
  "CaseContacts": {
    "results": [],
    "ResultCount": 0
  },
  "RescheduleList": {
    "results": [],
    "ErrorMessage": null,
    "ResultCount": 0
  },
  "EmployeeContacts": {
    "results": [],
    "ResultCount": 0
  },
  "FRCaseNumber": null,
  "AccidentDate": "0001-01-01T00:00:00",
  "AccidentCity": null,
  "Message": "Case is Archived",
  "ErrorMessage": null,
  "Archived": true
}