{
  "DLNumber": "I0000000",
  "LastName": "VINCENT                            ",
  "BirthDate": "1978-06-27T00:00:00",
  "PhoneNumber": "(916) 456-5358",
  "OIPPersons": {
    "results": [],
    "ResultCount": 0
  },
  "OIPAgencies": {
    "results": [],
    "ResultCount": 0
  },
  "Contacts": {
    "results": [
      {
        "dt_cntct_strt_tim": "2007-12-13T16:30:00",
        "CD_HRNG_TYP": "4",
        "CD_RSN": "311",
        "CD_EMP_ID": "JNO",
        "CD_OFF_ABBR": "SAC",
        "NBR_ROOM": "01 ",
        "CD_REFR_SRCE_TYP": "COR",
        "Comment": "Case closed",
        "CD_AUTH_ID": "JYW"
      }
    ],
    "ResultCount": 1
  },
  "Comments": {
    "results": [],
    "ResultCount": 0
  }
}