[
  {
    "detailsDisplayed": [
      "NME_AGENCY",
      "NBR_PHONE",
      "NBR_CELL_PHONE",
      "NBR_FAX"
    ],
    "detailsCleanNames": [
      "Agency Name",
      "Phone Number",
      "Cell Number",
      "Fax Number"
    ],
    "resourceURI": null,
    "caseAssignURI": null,
    "OIPID": 2,
    "NbrOIP": "A00002",
    "CDUPDTTECHID": null,
    "NMEFRSTPRSN": "DONALD",
    "NMESURNMEPRSN": "AINSLIE",
    "NMEMIDPRSN": "A.",
    "NMESUFXPRSN": null,
    "NBRPHONE": "8189017732",
    "NBRCELLPHONE": null,
    "NBRFAX": null,
    "EmailAddress": "mgrahn@comcast.net",
    "ADDRLN1": "14549 Archwood St., Ste. 211",
    "CDCITY": "Van Nuys",
    "CDSTATE": "CA",
    "CDZIP": "91405",
    "NMEAGENCY": null,
    "TXTCOMM": null,
    "CDPRTYTYP": "A",
    "DESCPRTYTYP": "Attorney",
    "CdCase": null,
    "CDLANGUAGE": null,
    "Error": false
  },
  {
    "detailsDisplayed": [
      "NME_AGENCY",
      "NBR_PHONE",
      "NBR_CELL_PHONE",
      "NBR_FAX"
    ],
    "detailsCleanNames": [
      "Agency Name",
      "Phone Number",
      "Cell Number",
      "Fax Number"
    ],
    "resourceURI": null,
    "caseAssignURI": null,
    "OIPID": 20898,
    "NbrOIP": "A24998",
    "CDUPDTTECHID": null,
    "NMEFRSTPRSN": "John",
    "NMESURNMEPRSN": "Caldwell",
    "NMEMIDPRSN": " ",
    "NMESUFXPRSN": " ",
    "NBRPHONE": "3232936322",
    "NBRCELLPHONE": null,
    "NBRFAX": null,
    "EmailAddress": null,
    "ADDRLN1": "3450 W 43rd St 110",
    "CDCITY": "Los Angeles",
    "CDSTATE": "CA",
    "CDZIP": "90008",
    "NMEAGENCY": " ",
    "TXTCOMM": " ",
    "CDPRTYTYP": "A",
    "DESCPRTYTYP": "Attorney",
    "CdCase": null,
    "CDLANGUAGE": null,
    "Error": false
  },
  {
    "detailsDisplayed": [
      "NME_AGENCY",
      "NBR_PHONE",
      "NBR_CELL_PHONE",
      "NBR_FAX"
    ],
    "detailsCleanNames": [
      "Agency Name",
      "Phone Number",
      "Cell Number",
      "Fax Number"
    ],
    "resourceURI": null,
    "caseAssignURI": null,
    "OIPID": 29254,
    "NbrOIP": null,
    "CDUPDTTECHID": null,
    "NMEFRSTPRSN": "Peter",
    "NMESURNMEPRSN": "Rabbit",
    "NMEMIDPRSN": null,
    "NMESUFXPRSN": null,
    "NBRPHONE": "916555555",
    "NBRCELLPHONE": null,
    "NBRFAX": null,
    "EmailAddress": null,
    "ADDRLN1": null,
    "CDCITY": null,
    "CDSTATE": null,
    "CDZIP": null,
    "NMEAGENCY": null,
    "TXTCOMM": null,
    "CDPRTYTYP": "A",
    "DESCPRTYTYP": "Attorney",
    "CdCase": null,
    "CDLANGUAGE": null,
    "Error": false
  },
  {
    "detailsDisplayed": [
      "NME_AGENCY",
      "NBR_PHONE",
      "NBR_CELL_PHONE",
      "NBR_FAX"
    ],
    "detailsCleanNames": [
      "Agency Name",
      "Phone Number",
      "Cell Number",
      "Fax Number"
    ],
    "resourceURI": null,
    "caseAssignURI": null,
    "OIPID": 3414,
    "NbrOIP": "A04204",
    "CDUPDTTECHID": null,
    "NMEFRSTPRSN": "DONALD",
    "NMESURNMEPRSN": "WAGNER",
    "NMEMIDPRSN": "R",
    "NMESUFXPRSN": " ",
    "NBRPHONE": "3102393939",
    "NBRCELLPHONE": null,
    "NBRFAX": null,
    "EmailAddress": null,
    "ADDRLN1": "10960 WILSHIRE BL SUITE 1000",
    "CDCITY": "LOS ANGELES",
    "CDSTATE": "CA",
    "CDZIP": "90024",
    "NMEAGENCY": " ",
    "TXTCOMM": " ",
    "CDPRTYTYP": "A",
    "DESCPRTYTYP": "Attorney",
    "CdCase": null,
    "CDLANGUAGE": null,
    "Error": false
  },
  {
    "detailsDisplayed": [
      "NME_AGENCY",
      "NBR_PHONE",
      "NBR_CELL_PHONE",
      "NBR_FAX"
    ],
    "detailsCleanNames": [
      "Agency Name",
      "Phone Number",
      "Cell Number",
      "Fax Number"
    ],
    "resourceURI": null,
    "caseAssignURI": null,
    "OIPID": 124,
    "NbrOIP": "N00110",
    "CDUPDTTECHID": null,
    "NMEFRSTPRSN": null,
    "NMESURNMEPRSN": null,
    "NMEMIDPRSN": null,
    "NMESUFXPRSN": null,
    "NBRPHONE": "9164444444",
    "NBRCELLPHONE": null,
    "NBRFAX": null,
    "EmailAddress": null,
    "ADDRLN1": null,
    "CDCITY": "SACRAMENTO",
    "CDSTATE": "CA",
    "CDZIP": "95823",
    "NMEAGENCY": "Chin Company",
    "TXTCOMM": " ",
    "CDPRTYTYP": "N",
    "DESCPRTYTYP": "Interpreter (Agency)",
    "CdCase": null,
    "CDLANGUAGE": null,
    "Error": false
  },
  {
    "detailsDisplayed": [
      "NME_AGENCY",
      "NBR_PHONE",
      "NBR_CELL_PHONE",
      "NBR_FAX"
    ],
    "detailsCleanNames": [
      "Agency Name",
      "Phone Number",
      "Cell Number",
      "Fax Number"
    ],
    "resourceURI": null,
    "caseAssignURI": null,
    "OIPID": 76,
    "NbrOIP": "N00033",
    "CDUPDTTECHID": null,
    "NMEFRSTPRSN": null,
    "NMESURNMEPRSN": null,
    "NMEMIDPRSN": null,
    "NMESUFXPRSN": null,
    "NBRPHONE": "9178388888",
    "NBRCELLPHONE": "7775553333",
    "NBRFAX": "7774441111",
    "EmailAddress": "email@zoom.com",
    "ADDRLN1": null,
    "CDCITY": "SACRAMENTO",
    "CDSTATE": "CA",
    "CDZIP": "95820",
    "NMEAGENCY": "zoom inc",
    "TXTCOMM": null,
    "CDPRTYTYP": "N",
    "DESCPRTYTYP": "Interpreter (Agency)",
    "CdCase": null,
    "CDLANGUAGE": null,
    "Error": false
  }
]