{
  "Customer": {
    "DLNumber": "I8888102",
    "FirstName": "ROSEMARY                           ",
    "LastName": "DEAN                               ",
    "MiddleName": " ",
    "Suffix": " ",
    "SSN": null,
    "DT_BIRTH_PRSN": "1989-12-11T00:00:00",
    "PhoneNumber": " ",
    "DOB": "12-11-1989",
    "MailingAddress": "2431 1ST AVE\r\nSACRAMENTO, CA ",
    "flgAddr": " ",
    "ConfidentialAddress": false,
    "Address1": "2431 1ST AVE",
    "Address2": null,
    "City": "SACRAMENTO",
    "State": "CA",
    "ZipFull": null,
    "Zip": "95818",
    "cases": null,
    "classLicense": "C",
    "Class1": "F",
    "Class2": " ",
    "DCSDifferences": [],
    "D26ValidationMessage": null,
    "D26ValidationOK": false,
    "AccidentMessage": null,
    "Accidents": [],
    "FRCaseNumber": null,
    "AccidentCity": null,
    "AccidentDate": "0001-01-01T00:00:00",
    "Archived": false,
    "Message": null,
    "ErrorMessage": null
  },
  "CaseNumber": "SAC130732790",
  "DLNumber": "I8888102",
  "SubjectName": null,
  "DT_ORIG_TRANS": "2013-03-14T09:23:00.74",
  "createdDate": "03/14/2013",
  "Reason": null,
  "DESC_HRNG_TYP": "Hearing                            ",
  "CaseStatus": "UN - UnScheduled",
  "CaseStatusCode": "UN",
  "DateReceived": "03/14/2013",
  "DT_RCPT": "2013-03-14T00:00:00",
  "CD_REFR_SRCE_TYP": "PHN",
  "CD_RSN": "865",
  "CD_ENDR": "  ",
  "CD_HRNG_TYP": "4",
  "DESC_RSN": "Admin Per Se/Excess BAC",
  "firstName": "ROSEMARY                           ",
  "lastName": "DEAN                               ",
  "CaseComments": {
    "resourceURI": null,
    "TotalComments": 0,
    "TotalPages": 0,
    "baseURI": null,
    "NextPageURL": null,
    "PrevPageURL": null,
    "CurrentPage": 0,
    "Comments": []
  },
  "CaseOIPs": {
    "OIPs": [
      {
        "detailsDisplayed": [
          "NME_AGENCY",
          "NBR_PHONE",
          "NBR_CELL_PHONE",
          "NBR_FAX"
        ],
        "detailsCleanNames": [
          "Agency Name",
          "Phone Number",
          "Cell Number",
          "Fax Number"
        ],
        "resourceURI": "/api/oip/A/2",
        "caseAssignURI": "/api/caseoip/2/SAC130732790/A",
        "OIPID": 2,
        "NbrOIP": "A00002",
        "CDUPDTTECHID": null,
        "NMEFRSTPRSN": "DONALD",
        "NMESURNMEPRSN": "AINSLIE",
        "NMEMIDPRSN": "A.",
        "NMESUFXPRSN": null,
        "NBRPHONE": "8189017732",
        "NBRCELLPHONE": null,
        "NBRFAX": null,
        "EmailAddress": "mgrahn@comcast.net",
        "ADDRLN1": "14549 Archwood St., Ste. 211",
        "CDCITY": "Van Nuys",
        "CDSTATE": "CA",
        "CDZIP": "91405",
        "NMEAGENCY": null,
        "TXTCOMM": null,
        "CDPRTYTYP": "A",
        "DESCPRTYTYP": "Attorney",
        "CdCase": null,
        "CDLANGUAGE": null,
        "Error": false
      },
      {
        "detailsDisplayed": [
          "NME_AGENCY",
          "NBR_PHONE",
          "NBR_CELL_PHONE",
          "NBR_FAX"
        ],
        "detailsCleanNames": [
          "Agency Name",
          "Phone Number",
          "Cell Number",
          "Fax Number"
        ],
        "resourceURI": "/api/oip/A/20898",
        "caseAssignURI": "/api/caseoip/20898/SAC130732790/A",
        "OIPID": 20898,
        "NbrOIP": "A24998",
        "CDUPDTTECHID": null,
        "NMEFRSTPRSN": "John",
        "NMESURNMEPRSN": "Caldwell",
        "NMEMIDPRSN": " ",
        "NMESUFXPRSN": " ",
        "NBRPHONE": "3232936322",
        "NBRCELLPHONE": null,
        "NBRFAX": null,
        "EmailAddress": null,
        "ADDRLN1": "3450 W 43rd St 110",
        "CDCITY": "Los Angeles",
        "CDSTATE": "CA",
        "CDZIP": "90008",
        "NMEAGENCY": " ",
        "TXTCOMM": " ",
        "CDPRTYTYP": "A",
        "DESCPRTYTYP": "Attorney",
        "CdCase": null,
        "CDLANGUAGE": null,
        "Error": false
      },
      {
        "detailsDisplayed": [
          "NME_AGENCY",
          "NBR_PHONE",
          "NBR_CELL_PHONE",
          "NBR_FAX"
        ],
        "detailsCleanNames": [
          "Agency Name",
          "Phone Number",
          "Cell Number",
          "Fax Number"
        ],
        "resourceURI": "/api/oip/A/29254",
        "caseAssignURI": "/api/caseoip/29254/SAC130732790/A",
        "OIPID": 29254,
        "NbrOIP": null,
        "CDUPDTTECHID": null,
        "NMEFRSTPRSN": "Peter",
        "NMESURNMEPRSN": "Rabbit",
        "NMEMIDPRSN": null,
        "NMESUFXPRSN": null,
        "NBRPHONE": "916555555",
        "NBRCELLPHONE": null,
        "NBRFAX": null,
        "EmailAddress": null,
        "ADDRLN1": null,
        "CDCITY": null,
        "CDSTATE": null,
        "CDZIP": null,
        "NMEAGENCY": null,
        "TXTCOMM": null,
        "CDPRTYTYP": "A",
        "DESCPRTYTYP": "Attorney",
        "CdCase": null,
        "CDLANGUAGE": null,
        "Error": false
      },
      {
        "detailsDisplayed": [
          "NME_AGENCY",
          "NBR_PHONE",
          "NBR_CELL_PHONE",
          "NBR_FAX"
        ],
        "detailsCleanNames": [
          "Agency Name",
          "Phone Number",
          "Cell Number",
          "Fax Number"
        ],
        "resourceURI": "/api/oip/A/3414",
        "caseAssignURI": "/api/caseoip/3414/SAC130732790/A",
        "OIPID": 3414,
        "NbrOIP": "A04204",
        "CDUPDTTECHID": null,
        "NMEFRSTPRSN": "DONALD",
        "NMESURNMEPRSN": "WAGNER",
        "NMEMIDPRSN": "R",
        "NMESUFXPRSN": " ",
        "NBRPHONE": "3102393939",
        "NBRCELLPHONE": null,
        "NBRFAX": null,
        "EmailAddress": null,
        "ADDRLN1": "10960 WILSHIRE BL SUITE 1000",
        "CDCITY": "LOS ANGELES",
        "CDSTATE": "CA",
        "CDZIP": "90024",
        "NMEAGENCY": " ",
        "TXTCOMM": " ",
        "CDPRTYTYP": "A",
        "DESCPRTYTYP": "Attorney",
        "CdCase": null,
        "CDLANGUAGE": null,
        "Error": false
      },
      {
        "detailsDisplayed": [
          "NME_AGENCY",
          "NBR_PHONE",
          "NBR_CELL_PHONE",
          "NBR_FAX"
        ],
        "detailsCleanNames": [
          "Agency Name",
          "Phone Number",
          "Cell Number",
          "Fax Number"
        ],
        "resourceURI": "/api/oip/N/124",
        "caseAssignURI": "/api/caseoip/124/SAC130732790/N",
        "OIPID": 124,
        "NbrOIP": "N00110",
        "CDUPDTTECHID": null,
        "NMEFRSTPRSN": null,
        "NMESURNMEPRSN": null,
        "NMEMIDPRSN": null,
        "NMESUFXPRSN": null,
        "NBRPHONE": "9164444444",
        "NBRCELLPHONE": null,
        "NBRFAX": null,
        "EmailAddress": null,
        "ADDRLN1": null,
        "CDCITY": "SACRAMENTO",
        "CDSTATE": "CA",
        "CDZIP": "95823",
        "NMEAGENCY": "Chin Company",
        "TXTCOMM": " ",
        "CDPRTYTYP": "N",
        "DESCPRTYTYP": "Interpreter (Agency)",
        "CdCase": null,
        "CDLANGUAGE": null,
        "Error": false
      },
      {
        "detailsDisplayed": [
          "NME_AGENCY",
          "NBR_PHONE",
          "NBR_CELL_PHONE",
          "NBR_FAX"
        ],
        "detailsCleanNames": [
          "Agency Name",
          "Phone Number",
          "Cell Number",
          "Fax Number"
        ],
        "resourceURI": "/api/oip/N/76",
        "caseAssignURI": "/api/caseoip/76/SAC130732790/N",
        "OIPID": 76,
        "NbrOIP": "N00033",
        "CDUPDTTECHID": null,
        "NMEFRSTPRSN": null,
        "NMESURNMEPRSN": null,
        "NMEMIDPRSN": null,
        "NMESUFXPRSN": null,
        "NBRPHONE": "9178388888",
        "NBRCELLPHONE": "7775553333",
        "NBRFAX": "7774441111",
        "EmailAddress": "email@zoom.com",
        "ADDRLN1": null,
        "CDCITY": "SACRAMENTO",
        "CDSTATE": "CA",
        "CDZIP": "95820",
        "NMEAGENCY": "zoom inc",
        "TXTCOMM": null,
        "CDPRTYTYP": "N",
        "DESCPRTYTYP": "Interpreter (Agency)",
        "CdCase": null,
        "CDLANGUAGE": null,
        "Error": false
      }
    ],
    "OIPCount": 6
  },
  "CaseContacts": {
    "results": [],
    "ResultCount": 0
  },
  "RescheduleList": {
    "results": [],
    "ErrorMessage": null,
    "ResultCount": 0
  },
  "EmployeeContacts": {
    "results": [],
    "ResultCount": 0
  },
  "FRCaseNumber": "         ",
  "AccidentDate": "0001-01-01T00:00:00",
  "AccidentCity": " ",
  "Message": null,
  "ErrorMessage": null,
  "Archived": false
}