{
  "detailsDisplayed": [
    "NME_AGENCY",
    "NBR_PHONE",
    "NBR_CELL_PHONE",
    "NBR_FAX"
  ],
  "detailsCleanNames": [
    "Agency Name",
    "Phone Number",
    "Cell Number",
    "Fax Number"
  ],
  "resourceURI": "/api/oip/N/124",
  "caseAssignURI": null,
  "OIPID": 124,
  "NbrOIP": "N00110",
  "CDUPDTTECHID": null,
  "NMEFRSTPRSN": null,
  "NMESURNMEPRSN": null,
  "NMEMIDPRSN": null,
  "NMESUFXPRSN": null,
  "NBRPHONE": "9164444444",
  "NBRCELLPHONE": null,
  "NBRFAX": null,
  "EmailAddress": null,
  "ADDRLN1": "123 street",
  "CDCITY": "SACRAMENTO",
  "CDSTATE": "CA",
  "CDZIP": "95823",
  "NMEAGENCY": "Chin Company",
  "TXTCOMM": " ",
  "CDPRTYTYP": "N",
  "DESCPRTYTYP": null,
  "CdCase": null,
  "CDLANGUAGE": null,
  "Error": false
}