[
  {
    "detailsDisplayed": [
      "NME_AGENCY",
      "NBR_PHONE",
      "NBR_CELL_PHONE",
      "NBR_FAX"
    ],
    "detailsCleanNames": [
      "Agency Name",
      "Phone Number",
      "Cell Number",
      "Fax Number"
    ],
    "resourceURI": "/api/oip/A/845",
    "caseAssignURI": "/api/caseoip/845/SAC130732790/A",
    "OIPID": 845,
    "NbrOIP": null,
    "CDUPDTTECHID": null,
    "NMEFRSTPRSN": "DAVID",
    "NMESURNMEPRSN": "WASHINGTON",
    "NMEMIDPRSN": null,
    "NMESUFXPRSN": null,
    "NBRPHONE": "4153254884",
    "NBRCELLPHONE": null,
    "NBRFAX": null,
    "EmailAddress": null,
    "ADDRLN1": "260 Sheridan Ave",
    "CDCITY": "PALO ALTO",
    "CDSTATE": "CA",
    "CDZIP": "94306",
    "NMEAGENCY": " ",
    "TXTCOMM": null,
    "CDPRTYTYP": "A",
    "DESCPRTYTYP": null,
    "CdCase": null,
    "CDLANGUAGE": null,
    "Error": false
  },
  {
    "detailsDisplayed": [
      "NME_AGENCY",
      "NBR_PHONE",
      "NBR_CELL_PHONE",
      "NBR_FAX"
    ],
    "detailsCleanNames": [
      "Agency Name",
      "Phone Number",
      "Cell Number",
      "Fax Number"
    ],
    "resourceURI": "/api/oip/A/5072",
    "caseAssignURI": "/api/caseoip/5072/SAC130732790/A",
    "OIPID": 5072,
    "NbrOIP": null,
    "CDUPDTTECHID": null,
    "NMEFRSTPRSN": "David",
    "NMESURNMEPRSN": "Washington",
    "NMEMIDPRSN": null,
    "NMESUFXPRSN": null,
    "NBRPHONE": "5107429341",
    "NBRCELLPHONE": null,
    "NBRFAX": null,
    "EmailAddress": null,
    "ADDRLN1": "2929 Summit St Ste 102",
    "CDCITY": "Oakland",
    "CDSTATE": "CA",
    "CDZIP": "94609",
    "NMEAGENCY": " ",
    "TXTCOMM": null,
    "CDPRTYTYP": "A",
    "DESCPRTYTYP": null,
    "CdCase": null,
    "CDLANGUAGE": null,
    "Error": false
  },
  {
    "detailsDisplayed": [
      "NME_AGENCY",
      "NBR_PHONE",
      "NBR_CELL_PHONE",
      "NBR_FAX"
    ],
    "detailsCleanNames": [
      "Agency Name",
      "Phone Number",
      "Cell Number",
      "Fax Number"
    ],
    "resourceURI": "/api/oip/A/15281",
    "caseAssignURI": "/api/caseoip/15281/SAC130732790/A",
    "OIPID": 15281,
    "NbrOIP": null,
    "CDUPDTTECHID": null,
    "NMEFRSTPRSN": "CARRYE",
    "NMESURNMEPRSN": "WASHINGTON",
    "NMEMIDPRSN": null,
    "NMESUFXPRSN": null,
    "NBRPHONE": "9093914434",
    "NBRCELLPHONE": null,
    "NBRFAX": null,
    "EmailAddress": null,
    "ADDRLN1": "429 N EUCLID AVE",
    "CDCITY": "ONTARIO",
    "CDSTATE": "CA",
    "CDZIP": "91764",
    "NMEAGENCY": " ",
    "TXTCOMM": null,
    "CDPRTYTYP": "A",
    "DESCPRTYTYP": null,
    "CdCase": null,
    "CDLANGUAGE": null,
    "Error": false
  },
  {
    "detailsDisplayed": [
      "NME_AGENCY",
      "NBR_PHONE",
      "NBR_CELL_PHONE",
      "NBR_FAX"
    ],
    "detailsCleanNames": [
      "Agency Name",
      "Phone Number",
      "Cell Number",
      "Fax Number"
    ],
    "resourceURI": "/api/oip/A/17055",
    "caseAssignURI": "/api/caseoip/17055/SAC130732790/A",
    "OIPID": 17055,
    "NbrOIP": null,
    "CDUPDTTECHID": null,
    "NMEFRSTPRSN": "DAISY",
    "NMESURNMEPRSN": "WASHINGTON",
    "NMEMIDPRSN": null,
    "NMESUFXPRSN": null,
    "NBRPHONE": "3236781095",
    "NBRCELLPHONE": null,
    "NBRFAX": null,
    "EmailAddress": null,
    "ADDRLN1": "111 NORTH LA BREA AVENUE 600",
    "CDCITY": "INGLEWOOD",
    "CDSTATE": "CA",
    "CDZIP": "90301",
    "NMEAGENCY": "LAW OFFICES OF CHARLES G. COHAN",
    "TXTCOMM": null,
    "CDPRTYTYP": "A",
    "DESCPRTYTYP": null,
    "CdCase": null,
    "CDLANGUAGE": null,
    "Error": false
  },
  {
    "detailsDisplayed": [
      "NME_AGENCY",
      "NBR_PHONE",
      "NBR_CELL_PHONE",
      "NBR_FAX"
    ],
    "detailsCleanNames": [
      "Agency Name",
      "Phone Number",
      "Cell Number",
      "Fax Number"
    ],
    "resourceURI": "/api/oip/A/19114",
    "caseAssignURI": "/api/caseoip/19114/SAC130732790/A",
    "OIPID": 19114,
    "NbrOIP": null,
    "CDUPDTTECHID": null,
    "NMEFRSTPRSN": "DAVID",
    "NMESURNMEPRSN": "WASHINGTON",
    "NMEMIDPRSN": null,
    "NMESUFXPRSN": null,
    "NBRPHONE": "2092340545",
    "NBRCELLPHONE": null,
    "NBRFAX": null,
    "EmailAddress": null,
    "ADDRLN1": "1741 VERNA TEST CT",
    "CDCITY": "STOCKTON",
    "CDSTATE": "CA",
    "CDZIP": "95206",
    "NMEAGENCY": " ",
    "TXTCOMM": null,
    "CDPRTYTYP": "A",
    "DESCPRTYTYP": null,
    "CdCase": null,
    "CDLANGUAGE": null,
    "Error": false
  },
  {
    "detailsDisplayed": [
      "NME_AGENCY",
      "NBR_PHONE",
      "NBR_CELL_PHONE",
      "NBR_FAX"
    ],
    "detailsCleanNames": [
      "Agency Name",
      "Phone Number",
      "Cell Number",
      "Fax Number"
    ],
    "resourceURI": "/api/oip/A/23349",
    "caseAssignURI": "/api/caseoip/23349/SAC130732790/A",
    "OIPID": 23349,
    "NbrOIP": null,
    "CDUPDTTECHID": null,
    "NMEFRSTPRSN": "EDDIE",
    "NMESURNMEPRSN": "WASHINGTON",
    "NMEMIDPRSN": null,
    "NMESUFXPRSN": null,
    "NBRPHONE": "3103701660",
    "NBRCELLPHONE": null,
    "NBRFAX": null,
    "EmailAddress": null,
    "ADDRLN1": "30434 OSAGE AVE, STE B",
    "CDCITY": "TORRANCE",
    "CDSTATE": "CA",
    "CDZIP": "90503",
    "NMEAGENCY": " ",
    "TXTCOMM": null,
    "CDPRTYTYP": "A",
    "DESCPRTYTYP": null,
    "CdCase": null,
    "CDLANGUAGE": null,
    "Error": false
  }
]