[
  {
    "Disabled": false,
    "Group": null,
    "Selected": false,
    "Text": "Select Option",
    "Value": ""
  },
  {
    "Disabled": false,
    "Group": null,
    "Selected": false,
    "Text": "AFGANISTAN",
    "Value": "45"
  },
  {
    "Disabled": false,
    "Group": null,
    "Selected": false,
    "Text": "ALBANIAN",
    "Value": "46"
  },
  {
    "Disabled": false,
    "Group": null,
    "Selected": false,
    "Text": "AMARIC",
    "Value": "56"
  },
  {
    "Disabled": false,
    "Group": null,
    "Selected": false,
    "Text": "AMERICAN SIGN",
    "Value": "25"
  },
  {
    "Disabled": false,
    "Group": null,
    "Selected": false,
    "Text": "ARABIC",
    "Value": "01"
  },
  {
    "Disabled": false,
    "Group": null,
    "Selected": false,
    "Text": "ARMENIAN",
    "Value": "02"
  },
  {
    "Disabled": false,
    "Group": null,
    "Selected": false,
    "Text": "ASSYRIAN",
    "Value": "41"
  },
  {
    "Disabled": false,
    "Group": null,
    "Selected": false,
    "Text": "BENGALI",
    "Value": "47"
  },
  {
    "Disabled": false,
    "Group": null,
    "Selected": false,
    "Text": "BULGARIAN",
    "Value": "03"
  },
  {
    "Disabled": false,
    "Group": null,
    "Selected": false,
    "Text": "BURMESE",
    "Value": "04"
  },
  {
    "Disabled": false,
    "Group": null,
    "Selected": false,
    "Text": "CAMBODIAN",
    "Value": "05"
  },
  {
    "Disabled": false,
    "Group": null,
    "Selected": false,
    "Text": "CANTONESE",
    "Value": "37"
  },
  {
    "Disabled": false,
    "Group": null,
    "Selected": false,
    "Text": "CHINESE",
    "Value": "06"
  },
  {
    "Disabled": false,
    "Group": null,
    "Selected": false,
    "Text": "CZECHOSLOVAKIAN",
    "Value": "35"
  },
  {
    "Disabled": false,
    "Group": null,
    "Selected": false,
    "Text": "ETHIOPIAN",
    "Value": "48"
  },
  {
    "Disabled": false,
    "Group": null,
    "Selected": false,
    "Text": "FARSI",
    "Value": "07"
  },
  {
    "Disabled": false,
    "Group": null,
    "Selected": false,
    "Text": "FRENCH",
    "Value": "08"
  },
  {
    "Disabled": false,
    "Group": null,
    "Selected": false,
    "Text": "GERMAN",
    "Value": "49"
  },
  {
    "Disabled": false,
    "Group": null,
    "Selected": false,
    "Text": "GREEK",
    "Value": "09"
  },
  {
    "Disabled": false,
    "Group": null,
    "Selected": false,
    "Text": "GUJARATI",
    "Value": "10"
  },
  {
    "Disabled": false,
    "Group": null,
    "Selected": false,
    "Text": "HAWAIIAN",
    "Value": "50"
  },
  {
    "Disabled": false,
    "Group": null,
    "Selected": false,
    "Text": "HEBREW",
    "Value": "11"
  },
  {
    "Disabled": false,
    "Group": null,
    "Selected": false,
    "Text": "HINDI",
    "Value": "12"
  },
  {
    "Disabled": false,
    "Group": null,
    "Selected": false,
    "Text": "HMIEN",
    "Value": "18"
  },
  {
    "Disabled": false,
    "Group": null,
    "Selected": false,
    "Text": "HMONG",
    "Value": "13"
  },
  {
    "Disabled": false,
    "Group": null,
    "Selected": false,
    "Text": "HUNGARIAN",
    "Value": "14"
  },
  {
    "Disabled": false,
    "Group": null,
    "Selected": false,
    "Text": "INDONESIAN",
    "Value": "57"
  },
  {
    "Disabled": false,
    "Group": null,
    "Selected": false,
    "Text": "IRANIAN",
    "Value": "42"
  },
  {
    "Disabled": false,
    "Group": null,
    "Selected": false,
    "Text": "ITALIAN",
    "Value": "43"
  },
  {
    "Disabled": false,
    "Group": null,
    "Selected": false,
    "Text": "JAPANESE",
    "Value": "15"
  },
  {
    "Disabled": false,
    "Group": null,
    "Selected": false,
    "Text": "KOREAN",
    "Value": "16"
  },
  {
    "Disabled": false,
    "Group": null,
    "Selected": false,
    "Text": "LAOTIAN",
    "Value": "17"
  },
  {
    "Disabled": false,
    "Group": null,
    "Selected": false,
    "Text": "LITHOWANIAN",
    "Value": "51"
  },
  {
    "Disabled": false,
    "Group": null,
    "Selected": false,
    "Text": "MACEDONIAN",
    "Value": "40"
  },
  {
    "Disabled": false,
    "Group": null,
    "Selected": false,
    "Text": "MANDARIN",
    "Value": "36"
  },
  {
    "Disabled": false,
    "Group": null,
    "Selected": false,
    "Text": "PACHTO",
    "Value": "58"
  },
  {
    "Disabled": false,
    "Group": null,
    "Selected": false,
    "Text": "PAKISTANIAN",
    "Value": "52"
  },
  {
    "Disabled": false,
    "Group": null,
    "Selected": false,
    "Text": "PERSIAN",
    "Value": "19"
  },
  {
    "Disabled": false,
    "Group": null,
    "Selected": false,
    "Text": "POLISH",
    "Value": "53"
  },
  {
    "Disabled": false,
    "Group": null,
    "Selected": false,
    "Text": "PORTUGUESE",
    "Value": "20"
  },
  {
    "Disabled": false,
    "Group": null,
    "Selected": false,
    "Text": "PUNJABI",
    "Value": "21"
  },
  {
    "Disabled": false,
    "Group": null,
    "Selected": false,
    "Text": "PUSHTO",
    "Value": "22"
  },
  {
    "Disabled": false,
    "Group": null,
    "Selected": false,
    "Text": "ROMANIAN",
    "Value": "23"
  },
  {
    "Disabled": false,
    "Group": null,
    "Selected": false,
    "Text": "RUSSIAN",
    "Value": "24"
  },
  {
    "Disabled": false,
    "Group": null,
    "Selected": false,
    "Text": "SAMOAN",
    "Value": "44"
  },
  {
    "Disabled": false,
    "Group": null,
    "Selected": false,
    "Text": "SERBO-CROATIAN",
    "Value": "39"
  },
  {
    "Disabled": false,
    "Group": null,
    "Selected": false,
    "Text": "SINGHLI",
    "Value": "54"
  },
  {
    "Disabled": false,
    "Group": null,
    "Selected": false,
    "Text": "SLOVENIAN",
    "Value": "38"
  },
  {
    "Disabled": false,
    "Group": null,
    "Selected": false,
    "Text": "SPANISH",
    "Value": "26"
  },
  {
    "Disabled": false,
    "Group": null,
    "Selected": false,
    "Text": "TAGALOG",
    "Value": "27"
  },
  {
    "Disabled": false,
    "Group": null,
    "Selected": false,
    "Text": "TEST99",
    "Value": "99"
  },
  {
    "Disabled": false,
    "Group": null,
    "Selected": false,
    "Text": "THAI",
    "Value": "28"
  },
  {
    "Disabled": false,
    "Group": null,
    "Selected": false,
    "Text": "TIGRIGNA",
    "Value": "29"
  },
  {
    "Disabled": false,
    "Group": null,
    "Selected": false,
    "Text": "TONGAN",
    "Value": "55"
  },
  {
    "Disabled": false,
    "Group": null,
    "Selected": false,
    "Text": "TURKISH",
    "Value": "30"
  },
  {
    "Disabled": false,
    "Group": null,
    "Selected": false,
    "Text": "UKRANIAN",
    "Value": "31"
  },
  {
    "Disabled": false,
    "Group": null,
    "Selected": false,
    "Text": "URDU",
    "Value": "32"
  },
  {
    "Disabled": false,
    "Group": null,
    "Selected": false,
    "Text": "VIETNAMESE",
    "Value": "33"
  },
  {
    "Disabled": false,
    "Group": null,
    "Selected": false,
    "Text": "YUGOSLAVIAN",
    "Value": "34"
  }
]