[
  {
    "Disabled": false,
    "Group": null,
    "Selected": false,
    "Text": "Select Option",
    "Value": ""
  },
  {
    "Disabled": false,
    "Group": null,
    "Selected": false,
    "Text": "A - Attorney",
    "Value": "A"
  },
  {
    "Disabled": false,
    "Group": null,
    "Selected": false,
    "Text": "B - Officer",
    "Value": "B"
  },
  {
    "Disabled": false,
    "Group": null,
    "Selected": false,
    "Text": "D - Advocate",
    "Value": "D"
  },
  {
    "Disabled": false,
    "Group": null,
    "Selected": false,
    "Text": "G - Guarantor",
    "Value": "G"
  },
  {
    "Disabled": false,
    "Group": null,
    "Selected": false,
    "Text": "L - Law Agency",
    "Value": "L"
  },
  {
    "Disabled": false,
    "Group": null,
    "Selected": false,
    "Text": "M - Interpreter (Person)",
    "Value": "M"
  },
  {
    "Disabled": false,
    "Group": null,
    "Selected": false,
    "Text": "N - Interpreter (Agency)",
    "Value": "N"
  },
  {
    "Disabled": false,
    "Group": null,
    "Selected": false,
    "Text": "O - Other",
    "Value": "O"
  },
  {
    "Disabled": false,
    "Group": null,
    "Selected": false,
    "Text": "P - Physician",
    "Value": "P"
  },
  {
    "Disabled": false,
    "Group": null,
    "Selected": false,
    "Text": "R - Referral",
    "Value": "R"
  },
  {
    "Disabled": false,
    "Group": null,
    "Selected": false,
    "Text": "T - Tester",
    "Value": "T"
  },
  {
    "Disabled": false,
    "Group": null,
    "Selected": false,
    "Text": "W - Witness",
    "Value": "W"
  }
]