[
  {
    "appointmentId": 0,
    "reacurrenceNumber": 0,
    "activityType": "string",
    "dayType": "string",
    "dayOfTheWeek": "string",
    "empId": 0,
    "monthOfTheYear": "string",
    "dayOfTheMonth": "string",
    "occuranceType": "string",
    "updatedBy": 0,
    "startTime": "2018-09-04T18:06:34.543Z",
    "endTime": "2018-09-04T18:06:34.543Z",
    "dateUpdated": "2018-09-04T18:06:34.543Z",
    "isDispayComment": true,
    "comment": "string",
    "appointmentNumber": 0,
    "isAllDay": true
  }
]