[
  {
    "hearingLocationId": 1,
    "officeId": "285",
    "roomNumber": "01 ",
    "roomDescription": "Check in at Reception Counter",
    "closedDate": null,
    "hearingRoomProfile": null
  },
  {
    "hearingLocationId": 2,
    "officeId": "285",
    "roomNumber": "02 ",
    "roomDescription": "Check in at Reception Counter",
    "closedDate": null,
    "hearingRoomProfile": null
  },
  {
    "hearingLocationId": 3,
    "officeId": "285",
    "roomNumber": "03 ",
    "roomDescription": "Check in at Reception Counter",
    "closedDate": null,
    "hearingRoomProfile": null
  },
  {
    "hearingLocationId": 4,
    "officeId": "285",
    "roomNumber": "04 ",
    "roomDescription": "Check in at Reception Counter",
    "closedDate": null,
    "hearingRoomProfile": null
  },
  {
    "hearingLocationId": 5,
    "officeId": "285",
    "roomNumber": "05 ",
    "roomDescription": "Check in at Reception Counter",
    "closedDate": "2000-12-19T00:00:00",
    "hearingRoomProfile": null
  },
  {
    "hearingLocationId": 6,
    "officeId": "285",
    "roomNumber": "06 ",
    "roomDescription": "Check in at Reception Counter",
    "closedDate": "1998-02-28T00:00:00",
    "hearingRoomProfile": null
  },
  {
    "hearingLocationId": 7,
    "officeId": "285",
    "roomNumber": "07 ",
    "roomDescription": "Go home",
    "closedDate": null,
    "hearingRoomProfile": null
  },
  {
    "hearingLocationId": 8,
    "officeId": "285",
    "roomNumber": "08 ",
    "roomDescription": "Check in at Reception Counter",
    "closedDate": null,
    "hearingRoomProfile": null
  },
  {
    "hearingLocationId": 9,
    "officeId": "285",
    "roomNumber": "09 ",
    "roomDescription": "Check in at Reception Counter",
    "closedDate": null,
    "hearingRoomProfile": null
  },
  {
    "hearingLocationId": 10,
    "officeId": "285",
    "roomNumber": "10 ",
    "roomDescription": "Check in at Reception Counter",
    "closedDate": null,
    "hearingRoomProfile": null
  },
  {
    "hearingLocationId": 11,
    "officeId": "285",
    "roomNumber": "11 ",
    "roomDescription": "Check in at Reception Counter",
    "closedDate": null,
    "hearingRoomProfile": null
  },
  {
    "hearingLocationId": 12,
    "officeId": "285",
    "roomNumber": "12 ",
    "roomDescription": "Check in at Reception Counter",
    "closedDate": null,
    "hearingRoomProfile": null
  },
  {
    "hearingLocationId": 13,
    "officeId": "285",
    "roomNumber": "13 ",
    "roomDescription": "Check in at Reception Counter",
    "closedDate": null,
    "hearingRoomProfile": null
  },
  {
    "hearingLocationId": 14,
    "officeId": "285",
    "roomNumber": "21A",
    "roomDescription": "Near the Exit",
    "closedDate": null,
    "hearingRoomProfile": null
  },
  {
    "hearingLocationId": 15,
    "officeId": "285",
    "roomNumber": "21B",
    "roomDescription": "Half Way Out the Door",
    "closedDate": null,
    "hearingRoomProfile": null
  },
  {
    "hearingLocationId": 16,
    "officeId": "285",
    "roomNumber": "301",
    "roomDescription": "On the 3rd floor",
    "closedDate": null,
    "hearingRoomProfile": null
  },
  {
    "hearingLocationId": 17,
    "officeId": "285",
    "roomNumber": "777",
    "roomDescription": "TESTING INSERTION 1",
    "closedDate": null,
    "hearingRoomProfile": null
  },
  {
    "hearingLocationId": 18,
    "officeId": "285",
    "roomNumber": "999",
    "roomDescription": "TESTING RECORD UPDATING 1",
    "closedDate": null,
    "hearingRoomProfile": null
  },
  {
    "hearingLocationId": 19,
    "officeId": "285",
    "roomNumber": "A  ",
    "roomDescription": "Check in at Reception Counter",
    "closedDate": null,
    "hearingRoomProfile": null
  }
]