[
  {
    "appointmentId": 92889,
    "reacurrenceNumber": 140429,
    "activityType": "B",
    "dayType": "1",
    "dayOfTheWeek": "2",
    "empId": 13,
    "monthOfTheYear": null,
    "dayOfTheMonth": null,
    "occuranceType": "M",
    "updatedBy": 76,
    "startTime": "2009-02-18T10:00:00",
    "endTime": "9999-12-27T12:00:00",
    "dateUpdated": "2018-08-28T10:12:14.183",
    "isDispayComment": true,
    "comment": null,
    "appointmentNumber": 3,
    "isAllDay": false
  }
]