{
  "loginId": "string",
  "netName": "string",
  "requestorCode": "string",
  "operator": "string",
  "dlNumber": "string",
  "threeCharacterLastName": "string",
  "frNumber": "string",
  "stay": "string",
  "authoritySection1": "string",
  "authoritySection2": "string",
  "authoritySection3": "string",
  "newEffectiveDate": "string",
  "originalEffectiveDate": "string",
  "originalHearingDate": "string",
  "updateCopies": "string",
  "outOfStateDLNo": "string",
  "outOfStateCd": "string",
  "commercialStatusIndicator": "string",
  "hearingType": "string",
  "hearingDate": "string",
  "hearingLocation": "string",
  "hearingResult": "string",
  "modDate": "string",
  "mailDate": "string",
  "coFo": "string",
  "proofBypass": true,
  "accidentDate": "string",
  "accidentLocation": "string",
  "routeCode": "string",
  "insertParagraph": "string",
  "dufResponse": "string",
  "nextDLNumber": "string",
  "error": true
}