{
  "RequestorCode": "86301",
  "Operator": "MPG",
  "NetName": "#ADMV6LI",
  "LoginId": "MWMPG4  ",
  "DLNumber": null,
  "ThreeCharacterName": null,
  "Birthdate": null,
  "DSUserFieldOffice": "SAC",
  "TypeAction": [
    {
      "Disabled": false,
      "Group": null,
      "Selected": false,
      "Text": "Select Option",
      "Value": ""
    }
  ],
  "Reasons": [
    {
      "Disabled": false,
      "Group": null,
      "Selected": false,
      "Text": "Select Option",
      "Value": ""
    },
    {
      "Disabled": false,
      "Group": null,
      "Selected": false,
      "Text": "License Cancellation",
      "Value": "000"
    },
    {
      "Disabled": false,
      "Group": null,
      "Selected": false,
      "Text": "PL Warn Lttr",
      "Value": "004"
    },
    {
      "Disabled": false,
      "Group": null,
      "Selected": false,
      "Text": "Alcohol",
      "Value": "100"
    },
    {
      "Disabled": false,
      "Group": null,
      "Selected": false,
      "Text": "Alcohol/Negligent Operator",
      "Value": "101"
    },
    {
      "Disabled": false,
      "Group": null,
      "Selected": false,
      "Text": "Alcohol/Drug Addition (Not Methadone)",
      "Value": "103"
    },
    {
      "Disabled": false,
      "Group": null,
      "Selected": false,
      "Text": "Alc/Drug Add or Hab use (Meth. Main",
      "Value": "104"
    },
    {
      "Disabled": false,
      "Group": null,
      "Selected": false,
      "Text": "Alcohol/Refusal of CL A or B Licens",
      "Value": "114"
    },
    {
      "Disabled": false,
      "Group": null,
      "Selected": false,
      "Text": "Alcohol/Mandatory Action Interview",
      "Value": "115"
    },
    {
      "Disabled": false,
      "Group": null,
      "Selected": false,
      "Text": "Mental Condition",
      "Value": "120"
    },
    {
      "Disabled": false,
      "Group": null,
      "Selected": false,
      "Text": "Mental/Negligent Operator",
      "Value": "121"
    },
    {
      "Disabled": false,
      "Group": null,
      "Selected": false,
      "Text": "Mental/Alcohol",
      "Value": "122"
    },
    {
      "Disabled": false,
      "Group": null,
      "Selected": false,
      "Text": "Mental Condition/Physical Condition",
      "Value": "123"
    },
    {
      "Disabled": false,
      "Group": null,
      "Selected": false,
      "Text": "Mental/Refusal of Cl A or B License",
      "Value": "130"
    },
    {
      "Disabled": false,
      "Group": null,
      "Selected": false,
      "Text": "Mental Condition/Alzheimer's Disease",
      "Value": "134"
    },
    {
      "Disabled": false,
      "Group": null,
      "Selected": false,
      "Text": "Mental Condition/Dementia",
      "Value": "139"
    },
    {
      "Disabled": false,
      "Group": null,
      "Selected": false,
      "Text": "Physical",
      "Value": "140"
    },
    {
      "Disabled": false,
      "Group": null,
      "Selected": false,
      "Text": "Physical/Negligent Operator",
      "Value": "141"
    },
    {
      "Disabled": false,
      "Group": null,
      "Selected": false,
      "Text": "Physical/Alcohol",
      "Value": "142"
    },
    {
      "Disabled": false,
      "Group": null,
      "Selected": false,
      "Text": "Physical/Refusal of Cl A or B License",
      "Value": "149"
    },
    {
      "Disabled": false,
      "Group": null,
      "Selected": false,
      "Text": "Physical/Cardiovasculal Disease",
      "Value": "153"
    },
    {
      "Disabled": false,
      "Group": null,
      "Selected": false,
      "Text": "Physical/Diabetes Mellitus",
      "Value": "154"
    },
    {
      "Disabled": false,
      "Group": null,
      "Selected": false,
      "Text": "Physical/Hearing Disorders/Deficiencies",
      "Value": "155"
    },
    {
      "Disabled": false,
      "Group": null,
      "Selected": false,
      "Text": "Physical/Musculoskeletal Disorders",
      "Value": "156"
    },
    {
      "Disabled": false,
      "Group": null,
      "Selected": false,
      "Text": "Physical/Neurological Disorders",
      "Value": "157"
    },
    {
      "Disabled": false,
      "Group": null,
      "Selected": false,
      "Text": "Physical/Pulmonary Disorders",
      "Value": "158"
    },
    {
      "Disabled": false,
      "Group": null,
      "Selected": false,
      "Text": "Physical Condition/Vision",
      "Value": "159"
    },
    {
      "Disabled": false,
      "Group": null,
      "Selected": false,
      "Text": "Lapse of Consciousness",
      "Value": "160"
    },
    {
      "Disabled": false,
      "Group": null,
      "Selected": false,
      "Text": "Lapse of Cons/Negligent Operator",
      "Value": "161"
    },
    {
      "Disabled": false,
      "Group": null,
      "Selected": false,
      "Text": "Lapse of Cons/Alcohol",
      "Value": "162"
    },
    {
      "Disabled": false,
      "Group": null,
      "Selected": false,
      "Text": "Lapse of Cons/Drug Addition (Methadone)",
      "Value": "167"
    },
    {
      "Disabled": false,
      "Group": null,
      "Selected": false,
      "Text": "Lapse of Cons/Ref of Cl A or B License",
      "Value": "169"
    },
    {
      "Disabled": false,
      "Group": null,
      "Selected": false,
      "Text": "Drug Addition (Not Methadone)",
      "Value": "203"
    },
    {
      "Disabled": false,
      "Group": null,
      "Selected": false,
      "Text": "Drug Addition (Methadone)",
      "Value": "204"
    },
    {
      "Disabled": false,
      "Group": null,
      "Selected": false,
      "Text": "Drug Addition/Neg Operator (Not Meth)",
      "Value": "216"
    },
    {
      "Disabled": false,
      "Group": null,
      "Selected": false,
      "Text": "Drug/Refusal of Cl A or B Lic (Not Meth)",
      "Value": "220"
    },
    {
      "Disabled": false,
      "Group": null,
      "Selected": false,
      "Text": "Drug Addition/Negligent Op (Methadone)",
      "Value": "222"
    },
    {
      "Disabled": false,
      "Group": null,
      "Selected": false,
      "Text": "Drug/Refusal of Cl A or B Lic (Meth)",
      "Value": "225"
    },
    {
      "Disabled": false,
      "Group": null,
      "Selected": false,
      "Text": "299",
      "Value": "240"
    },
    {
      "Disabled": false,
      "Group": null,
      "Selected": false,
      "Text": "Lack of Skill",
      "Value": "241"
    },
    {
      "Disabled": false,
      "Group": null,
      "Selected": false,
      "Text": "Lask of Knowledge/Skill",
      "Value": "242"
    },
    {
      "Disabled": false,
      "Group": null,
      "Selected": false,
      "Text": "Negligent Operator (Not 311,312,316,317)",
      "Value": "309"
    },
    {
      "Disabled": false,
      "Group": null,
      "Selected": false,
      "Text": "Negligent Oper/Viol Traf Laws NOTS III",
      "Value": "311"
    },
    {
      "Disabled": false,
      "Group": null,
      "Selected": false,
      "Text": "Negligent Oper/Viol Traf Laws & Fatal",
      "Value": "312"
    },
    {
      "Disabled": false,
      "Group": null,
      "Selected": false,
      "Text": "Negligent Operator/Serious Injury",
      "Value": "324"
    },
    {
      "Disabled": false,
      "Group": null,
      "Selected": false,
      "Text": "Provisional Neg Operator/2 points",
      "Value": "370"
    },
    {
      "Disabled": false,
      "Group": null,
      "Selected": false,
      "Text": "Provisional Neg Operator/3+ points",
      "Value": "371"
    },
    {
      "Disabled": false,
      "Group": null,
      "Selected": false,
      "Text": "Fraudulent Application",
      "Value": "400"
    },
    {
      "Disabled": false,
      "Group": null,
      "Selected": false,
      "Text": "Unlawful Use of Lic-not issued to subj",
      "Value": "401"
    },
    {
      "Disabled": false,
      "Group": null,
      "Selected": false,
      "Text": "Unlawful Use of Lic-License Altered",
      "Value": "402"
    },
    {
      "Disabled": false,
      "Group": null,
      "Selected": false,
      "Text": "Unlawful Use of Lic-tests by another",
      "Value": "403"
    },
    {
      "Disabled": false,
      "Group": null,
      "Selected": false,
      "Text": "Unlawful Use of Lic-Fictitious,Fraud,Alt",
      "Value": "404"
    },
    {
      "Disabled": false,
      "Group": null,
      "Selected": false,
      "Text": "Fraudulent Application/False Name",
      "Value": "405"
    },
    {
      "Disabled": false,
      "Group": null,
      "Selected": false,
      "Text": "Fraudulent App/Tests taken by another",
      "Value": "407"
    },
    {
      "Disabled": false,
      "Group": null,
      "Selected": false,
      "Text": "Fraudulent App/Filed by other than subj",
      "Value": "409"
    },
    {
      "Disabled": false,
      "Group": null,
      "Selected": false,
      "Text": "Fraudulent App/False custody statement",
      "Value": "411"
    },
    {
      "Disabled": false,
      "Group": null,
      "Selected": false,
      "Text": "Fraudulent App/False Application",
      "Value": "413"
    },
    {
      "Disabled": false,
      "Group": null,
      "Selected": false,
      "Text": "Fraudulent App/Under Suspension",
      "Value": "415"
    },
    {
      "Disabled": false,
      "Group": null,
      "Selected": false,
      "Text": "Fraudulent App-False Name/Under Susp",
      "Value": "420"
    },
    {
      "Disabled": false,
      "Group": null,
      "Selected": false,
      "Text": "Fraudulent App-False Name/Date of Birth",
      "Value": "421"
    },
    {
      "Disabled": false,
      "Group": null,
      "Selected": false,
      "Text": "Fraud Doc-False doc submitted",
      "Value": "432"
    },
    {
      "Disabled": false,
      "Group": null,
      "Selected": false,
      "Text": "Fraud Legal Presence Document",
      "Value": "433"
    },
    {
      "Disabled": false,
      "Group": null,
      "Selected": false,
      "Text": "Violation of N.O. Probation",
      "Value": "450"
    },
    {
      "Disabled": false,
      "Group": null,
      "Selected": false,
      "Text": "2nd or subsequent violation of N.O. Prob",
      "Value": "451"
    },
    {
      "Disabled": false,
      "Group": null,
      "Selected": false,
      "Text": "Commercial Disq",
      "Value": "60A"
    },
    {
      "Disabled": false,
      "Group": null,
      "Selected": false,
      "Text": "Canc-Voluntary Surrender Letter",
      "Value": "640"
    },
    {
      "Disabled": false,
      "Group": null,
      "Selected": false,
      "Text": "1st Railroad crossing violation - coml",
      "Value": "657"
    },
    {
      "Disabled": false,
      "Group": null,
      "Selected": false,
      "Text": "2nd Railroad crossing violation-coml",
      "Value": "658"
    },
    {
      "Disabled": false,
      "Group": null,
      "Selected": false,
      "Text": "3rd Railroad crossing violation-coml",
      "Value": "659"
    },
    {
      "Disabled": false,
      "Group": null,
      "Selected": false,
      "Text": "Evading peace officer-coml",
      "Value": "660"
    },
    {
      "Disabled": false,
      "Group": null,
      "Selected": false,
      "Text": "Evading peace officer-hazmat",
      "Value": "661"
    },
    {
      "Disabled": false,
      "Group": null,
      "Selected": false,
      "Text": "2nd Evading peace officer-coml",
      "Value": "662"
    },
    {
      "Disabled": false,
      "Group": null,
      "Selected": false,
      "Text": "Out-of-service non-compliance",
      "Value": "663"
    },
    {
      "Disabled": false,
      "Group": null,
      "Selected": false,
      "Text": "Out-of-service non-compliance",
      "Value": "664"
    },
    {
      "Disabled": false,
      "Group": null,
      "Selected": false,
      "Text": "Out-of-service non-compliance",
      "Value": "665"
    },
    {
      "Disabled": false,
      "Group": null,
      "Selected": false,
      "Text": "DUI/DRUGS-coml",
      "Value": "667"
    },
    {
      "Disabled": false,
      "Group": null,
      "Selected": false,
      "Text": "Hit and run coml",
      "Value": "668"
    },
    {
      "Disabled": false,
      "Group": null,
      "Selected": false,
      "Text": "DUI/DRUGS hazardous materials",
      "Value": "670"
    },
    {
      "Disabled": false,
      "Group": null,
      "Selected": false,
      "Text": "Hit and run/hazardous materials",
      "Value": "671"
    },
    {
      "Disabled": false,
      "Group": null,
      "Selected": false,
      "Text": "Felony/hazardous materials",
      "Value": "672"
    },
    {
      "Disabled": false,
      "Group": null,
      "Selected": false,
      "Text": "2nd DUI/DRUGS coml",
      "Value": "673"
    },
    {
      "Disabled": false,
      "Group": null,
      "Selected": false,
      "Text": "2nd hit and run/coml",
      "Value": "674"
    },
    {
      "Disabled": false,
      "Group": null,
      "Selected": false,
      "Text": "2nd felony conviction/coml",
      "Value": "675"
    },
    {
      "Disabled": false,
      "Group": null,
      "Selected": false,
      "Text": "2nd DUI/Hit and run/evading/felony coml",
      "Value": "676"
    },
    {
      "Disabled": false,
      "Group": null,
      "Selected": false,
      "Text": "Health and safety felony conviction coml",
      "Value": "677"
    },
    {
      "Disabled": false,
      "Group": null,
      "Selected": false,
      "Text": "Serious traffic violation -coml 2 in 3 y",
      "Value": "678"
    },
    {
      "Disabled": false,
      "Group": null,
      "Selected": false,
      "Text": "Serious traffic violation-coml 3 in 3 ye",
      "Value": "679"
    },
    {
      "Disabled": false,
      "Group": null,
      "Selected": false,
      "Text": "Invalid CDL-coml",
      "Value": "681"
    },
    {
      "Disabled": false,
      "Group": null,
      "Selected": false,
      "Text": "Causing a  fatality-coml",
      "Value": "682"
    },
    {
      "Disabled": false,
      "Group": null,
      "Selected": false,
      "Text": "Invalid CDL-Hazmat",
      "Value": "684"
    },
    {
      "Disabled": false,
      "Group": null,
      "Selected": false,
      "Text": "Causing a fatality-Hazmat",
      "Value": "685"
    },
    {
      "Disabled": false,
      "Group": null,
      "Selected": false,
      "Text": "2nd Invalid CDL-coml",
      "Value": "686"
    },
    {
      "Disabled": false,
      "Group": null,
      "Selected": false,
      "Text": "2nd causing a fatality-coml",
      "Value": "687"
    },
    {
      "Disabled": false,
      "Group": null,
      "Selected": false,
      "Text": "Ref of Cl A/B (failed to meet phys)",
      "Value": "690"
    },
    {
      "Disabled": false,
      "Group": null,
      "Selected": false,
      "Text": "Demand hearing for disqualification",
      "Value": "699"
    },
    {
      "Disabled": false,
      "Group": null,
      "Selected": false,
      "Text": "Drunk driving or Drugs Commercial",
      "Value": "700"
    },
    {
      "Disabled": false,
      "Group": null,
      "Selected": false,
      "Text": "Hit and Run Commercial",
      "Value": "701"
    },
    {
      "Disabled": false,
      "Group": null,
      "Selected": false,
      "Text": "Drunk Driving or Drugs Hazardous Materia",
      "Value": "703"
    },
    {
      "Disabled": false,
      "Group": null,
      "Selected": false,
      "Text": "Hit ans Run/Hazardous Materials",
      "Value": "704"
    },
    {
      "Disabled": false,
      "Group": null,
      "Selected": false,
      "Text": "Felony Conviction/Hazardous Materials",
      "Value": "705"
    },
    {
      "Disabled": false,
      "Group": null,
      "Selected": false,
      "Text": "2nd Drunk Driving or Drugs/Commercial",
      "Value": "706"
    },
    {
      "Disabled": false,
      "Group": null,
      "Selected": false,
      "Text": "2nd Hit and Run/Commercial",
      "Value": "707"
    },
    {
      "Disabled": false,
      "Group": null,
      "Selected": false,
      "Text": "2nd Felony Conviction/Commercial",
      "Value": "708"
    },
    {
      "Disabled": false,
      "Group": null,
      "Selected": false,
      "Text": "2nd DUI/Hit Run/Evading/Felony/Fatality-",
      "Value": "709"
    },
    {
      "Disabled": false,
      "Group": null,
      "Selected": false,
      "Text": "Health and Safety Felony Conviction/Comm",
      "Value": "710"
    },
    {
      "Disabled": false,
      "Group": null,
      "Selected": false,
      "Text": "Serious Traffic Violation - 2 in 3 years",
      "Value": "711"
    },
    {
      "Disabled": false,
      "Group": null,
      "Selected": false,
      "Text": "Serious Traffic Violation - 3 in 3 years",
      "Value": "712"
    },
    {
      "Disabled": false,
      "Group": null,
      "Selected": false,
      "Text": "Evading a Peace Officer/Commercial",
      "Value": "713"
    },
    {
      "Disabled": false,
      "Group": null,
      "Selected": false,
      "Text": "Evading a Peace Officer/HazMat",
      "Value": "714"
    },
    {
      "Disabled": false,
      "Group": null,
      "Selected": false,
      "Text": "2nd Evading a Peace Officer/Commercial",
      "Value": "715"
    },
    {
      "Disabled": false,
      "Group": null,
      "Selected": false,
      "Text": "Failure to Comply with Out-of-Service Or",
      "Value": "716"
    },
    {
      "Disabled": false,
      "Group": null,
      "Selected": false,
      "Text": "Failure to Comply w/ Out/Svc or 2 in 10",
      "Value": "717"
    },
    {
      "Disabled": false,
      "Group": null,
      "Selected": false,
      "Text": "Failure to Comply w/ Out/Svc or 3 in 10",
      "Value": "718"
    },
    {
      "Disabled": false,
      "Group": null,
      "Selected": false,
      "Text": "Invalid CDL-Coml",
      "Value": "719"
    },
    {
      "Disabled": false,
      "Group": null,
      "Selected": false,
      "Text": "Causing a fatality-Coml",
      "Value": "720"
    },
    {
      "Disabled": false,
      "Group": null,
      "Selected": false,
      "Text": "Invalid CDL-HazMat",
      "Value": "721"
    },
    {
      "Disabled": false,
      "Group": null,
      "Selected": false,
      "Text": "Causing a fatality-HazMat",
      "Value": "722"
    },
    {
      "Disabled": false,
      "Group": null,
      "Selected": false,
      "Text": "2nd Invalid CDL-Coml",
      "Value": "723"
    },
    {
      "Disabled": false,
      "Group": null,
      "Selected": false,
      "Text": "2nd causing a fatality-Coml",
      "Value": "724"
    },
    {
      "Disabled": false,
      "Group": null,
      "Selected": false,
      "Text": "1st railroad crossing violation-commerci",
      "Value": "725"
    },
    {
      "Disabled": false,
      "Group": null,
      "Selected": false,
      "Text": "2nd railroad crossing violation-commerci",
      "Value": "726"
    },
    {
      "Disabled": false,
      "Group": null,
      "Selected": false,
      "Text": "3rd railroad crossing violation-commerci",
      "Value": "727"
    },
    {
      "Disabled": false,
      "Group": null,
      "Selected": false,
      "Text": "Alcohol/Disqualification of CDL",
      "Value": "820"
    },
    {
      "Disabled": false,
      "Group": null,
      "Selected": false,
      "Text": "Mental condition/Disqualification of CDL",
      "Value": "822"
    },
    {
      "Disabled": false,
      "Group": null,
      "Selected": false,
      "Text": "Physical condition/Disqualification of C",
      "Value": "823"
    },
    {
      "Disabled": false,
      "Group": null,
      "Selected": false,
      "Text": "Lapse of Cons/Disqualification of CDL",
      "Value": "824"
    },
    {
      "Disabled": false,
      "Group": null,
      "Selected": false,
      "Text": "Drug addiction or Habitual use Disqualif",
      "Value": "825"
    },
    {
      "Disabled": false,
      "Group": null,
      "Selected": false,
      "Text": "Disqualification of CDL/ Fail to meet ph",
      "Value": "826"
    },
    {
      "Disabled": false,
      "Group": null,
      "Selected": false,
      "Text": "Violation of Restriction-Junior Permit",
      "Value": "830"
    },
    {
      "Disabled": false,
      "Group": null,
      "Selected": false,
      "Text": "Violation of Restriction-Other than Ins.",
      "Value": "831"
    },
    {
      "Disabled": false,
      "Group": null,
      "Selected": false,
      "Text": "Admin Per Se/Refusal",
      "Value": "860"
    },
    {
      "Disabled": false,
      "Group": null,
      "Selected": false,
      "Text": "Admin Per Se/Excess BAC",
      "Value": "865"
    },
    {
      "Disabled": false,
      "Group": null,
      "Selected": false,
      "Text": "PAS Refusal",
      "Value": "866"
    },
    {
      "Disabled": false,
      "Group": null,
      "Selected": false,
      "Text": "0.01 Admin Per Se",
      "Value": "867"
    },
    {
      "Disabled": false,
      "Group": null,
      "Selected": false,
      "Text": "Admin Per Se Dismissal",
      "Value": "868"
    },
    {
      "Disabled": false,
      "Group": null,
      "Selected": false,
      "Text": "KHM-3434",
      "Value": "872"
    },
    {
      "Disabled": false,
      "Group": null,
      "Selected": false,
      "Text": "Demand Hrg/Tow Truck Driver",
      "Value": "873"
    },
    {
      "Disabled": false,
      "Group": null,
      "Selected": false,
      "Text": "Demand Hrg/Hazardous Materials Endr",
      "Value": "875"
    },
    {
      "Disabled": false,
      "Group": null,
      "Selected": false,
      "Text": "KHM-3434",
      "Value": "880"
    },
    {
      "Disabled": false,
      "Group": null,
      "Selected": false,
      "Text": "KHM-3434",
      "Value": "881"
    },
    {
      "Disabled": false,
      "Group": null,
      "Selected": false,
      "Text": "KHM-3434",
      "Value": "882"
    },
    {
      "Disabled": false,
      "Group": null,
      "Selected": false,
      "Text": "KHM-3434",
      "Value": "883"
    },
    {
      "Disabled": false,
      "Group": null,
      "Selected": false,
      "Text": "KHM-3434",
      "Value": "884"
    },
    {
      "Disabled": false,
      "Group": null,
      "Selected": false,
      "Text": "KHM-3434",
      "Value": "885"
    },
    {
      "Disabled": false,
      "Group": null,
      "Selected": false,
      "Text": "KHM-3434",
      "Value": "887"
    },
    {
      "Disabled": false,
      "Group": null,
      "Selected": false,
      "Text": "KHM-3434",
      "Value": "888"
    },
    {
      "Disabled": false,
      "Group": null,
      "Selected": false,
      "Text": "KHM-3434",
      "Value": "889"
    },
    {
      "Disabled": false,
      "Group": null,
      "Selected": false,
      "Text": "KXH-3364",
      "Value": "890"
    },
    {
      "Disabled": false,
      "Group": null,
      "Selected": false,
      "Text": "KHM-3434",
      "Value": "891"
    },
    {
      "Disabled": false,
      "Group": null,
      "Selected": false,
      "Text": "Demand Hrg/Ambulance",
      "Value": "892"
    },
    {
      "Disabled": false,
      "Group": null,
      "Selected": false,
      "Text": "Demand Hrg/Farm Labor",
      "Value": "893"
    },
    {
      "Disabled": false,
      "Group": null,
      "Selected": false,
      "Text": "KHM-3434",
      "Value": "894"
    },
    {
      "Disabled": false,
      "Group": null,
      "Selected": false,
      "Text": "Demand Hrg/School-Youth Bus,SPAB",
      "Value": "895"
    },
    {
      "Disabled": false,
      "Group": null,
      "Selected": false,
      "Text": "Demand Hrg/Radioactive Materials",
      "Value": "896"
    },
    {
      "Disabled": false,
      "Group": null,
      "Selected": false,
      "Text": "KHM-3434",
      "Value": "897"
    },
    {
      "Disabled": false,
      "Group": null,
      "Selected": false,
      "Text": "KHM-3434",
      "Value": "898"
    },
    {
      "Disabled": false,
      "Group": null,
      "Selected": false,
      "Text": "KHM-3434",
      "Value": "899"
    },
    {
      "Disabled": false,
      "Group": null,
      "Selected": false,
      "Text": "Demand FR Hearing",
      "Value": "950"
    },
    {
      "Disabled": false,
      "Group": null,
      "Selected": false,
      "Text": "955",
      "Value": "955"
    },
    {
      "Disabled": false,
      "Group": null,
      "Selected": false,
      "Text": "admin per se ????",
      "Value": "966"
    },
    {
      "Disabled": false,
      "Group": null,
      "Selected": false,
      "Text": "Acquittal",
      "Value": "ACQ"
    },
    {
      "Disabled": false,
      "Group": null,
      "Selected": false,
      "Text": "APS",
      "Value": "APS"
    },
    {
      "Disabled": false,
      "Group": null,
      "Selected": false,
      "Text": "Court Case - Tort",
      "Value": "CCT"
    },
    {
      "Disabled": false,
      "Group": null,
      "Selected": false,
      "Text": "Court Case - Writ",
      "Value": "CCW"
    },
    {
      "Disabled": false,
      "Group": null,
      "Selected": false,
      "Text": "Disqualification",
      "Value": "DIS"
    },
    {
      "Disabled": false,
      "Group": null,
      "Selected": false,
      "Text": "Disqualification Support Case",
      "Value": "DSC"
    },
    {
      "Disabled": false,
      "Group": null,
      "Selected": false,
      "Text": "PAS",
      "Value": "PAS"
    },
    {
      "Disabled": false,
      "Group": null,
      "Selected": false,
      "Text": "Quality Review",
      "Value": "QLR"
    },
    {
      "Disabled": false,
      "Group": null,
      "Selected": false,
      "Text": "Renewal By Mail",
      "Value": "RBM"
    },
    {
      "Disabled": false,
      "Group": null,
      "Selected": false,
      "Text": "Refund",
      "Value": "REF"
    },
    {
      "Disabled": false,
      "Group": null,
      "Selected": false,
      "Text": "Renewed Hearing Right",
      "Value": "REN"
    },
    {
      "Disabled": false,
      "Group": null,
      "Selected": false,
      "Text": "Stay",
      "Value": "STY"
    },
    {
      "Disabled": false,
      "Group": null,
      "Selected": false,
      "Text": "Subpoena - Appearance",
      "Value": "SUA"
    },
    {
      "Disabled": false,
      "Group": null,
      "Selected": false,
      "Text": "Subpoena - Record Only",
      "Value": "SUR"
    },
    {
      "Disabled": false,
      "Group": null,
      "Selected": false,
      "Text": "Tape Request",
      "Value": "TPR"
    },
    {
      "Disabled": false,
      "Group": null,
      "Selected": false,
      "Text": "Transcript Request",
      "Value": "TSR"
    }
  ],
  "AuthoritySection1": [
    {
      "Disabled": false,
      "Group": null,
      "Selected": false,
      "Text": "Select Option",
      "Value": ""
    },
    {
      "Disabled": false,
      "Group": null,
      "Selected": false,
      "Text": "Ambulance",
      "Value": "60000"
    },
    {
      "Disabled": false,
      "Group": null,
      "Selected": false,
      "Text": "SPAB",
      "Value": "70100"
    },
    {
      "Disabled": false,
      "Group": null,
      "Selected": false,
      "Text": "Hazmat",
      "Value": "91000"
    },
    {
      "Disabled": false,
      "Group": null,
      "Selected": false,
      "Text": "PV",
      "Value": "92000"
    },
    {
      "Disabled": false,
      "Group": null,
      "Selected": false,
      "Text": "Cancellation",
      "Value": "13100"
    },
    {
      "Disabled": false,
      "Group": null,
      "Selected": false,
      "Text": "Sp Cert",
      "Value": "13377A2"
    },
    {
      "Disabled": false,
      "Group": null,
      "Selected": false,
      "Text": "GPPV",
      "Value": "95000"
    },
    {
      "Disabled": false,
      "Group": null,
      "Selected": false,
      "Text": "Class 1/2 refusal",
      "Value": "12809A"
    },
    {
      "Disabled": false,
      "Group": null,
      "Selected": false,
      "Text": "Sp cert",
      "Value": "13372A"
    },
    {
      "Disabled": false,
      "Group": null,
      "Selected": false,
      "Text": "Sp cert",
      "Value": "13372B"
    },
    {
      "Disabled": false,
      "Group": null,
      "Selected": false,
      "Text": "Sp cert",
      "Value": "13372C"
    },
    {
      "Disabled": false,
      "Group": null,
      "Selected": false,
      "Text": "Sp cert",
      "Value": "13376"
    },
    {
      "Disabled": false,
      "Group": null,
      "Selected": false,
      "Text": "Sp cert",
      "Value": "13369"
    },
    {
      "Disabled": false,
      "Group": null,
      "Selected": false,
      "Text": "Sp cert",
      "Value": "13370"
    },
    {
      "Disabled": false,
      "Group": null,
      "Selected": false,
      "Text": "Sp cert",
      "Value": "13369A1"
    },
    {
      "Disabled": false,
      "Group": null,
      "Selected": false,
      "Text": "Sp cert",
      "Value": "13369A2"
    },
    {
      "Disabled": false,
      "Group": null,
      "Selected": false,
      "Text": "Sp cert",
      "Value": "13369A3"
    },
    {
      "Disabled": false,
      "Group": null,
      "Selected": false,
      "Text": "Sp cert",
      "Value": "13369A4"
    },
    {
      "Disabled": false,
      "Group": null,
      "Selected": false,
      "Text": "Sp cert",
      "Value": "13377A1"
    },
    {
      "Disabled": false,
      "Group": null,
      "Selected": false,
      "Text": "Sp cert",
      "Value": "13377A3"
    },
    {
      "Disabled": false,
      "Group": null,
      "Selected": false,
      "Text": "Sp cert",
      "Value": "13377A4"
    },
    {
      "Disabled": false,
      "Group": null,
      "Selected": false,
      "Text": "Sp cert",
      "Value": "13377A5"
    },
    {
      "Disabled": false,
      "Group": null,
      "Selected": false,
      "Text": "School bus",
      "Value": "70000"
    },
    {
      "Disabled": false,
      "Group": null,
      "Selected": false,
      "Text": "Youth bus",
      "Value": "70200"
    },
    {
      "Disabled": false,
      "Group": null,
      "Selected": false,
      "Text": "Farm labor",
      "Value": "80000"
    },
    {
      "Disabled": false,
      "Group": null,
      "Selected": false,
      "Text": "Tow truck",
      "Value": "97000"
    },
    {
      "Disabled": false,
      "Group": null,
      "Selected": false,
      "Text": "Sp Cert Driver Tested Positive (b2)",
      "Value": "13376B2"
    },
    {
      "Disabled": false,
      "Group": null,
      "Selected": false,
      "Text": "Sp Cert Driver in Compliance Program (b1)",
      "Value": "13376B1"
    },
    {
      "Disabled": false,
      "Group": null,
      "Selected": false,
      "Text": "Ambulance",
      "Value": "60000"
    },
    {
      "Disabled": false,
      "Group": null,
      "Selected": false,
      "Text": "SPAB",
      "Value": "70100"
    },
    {
      "Disabled": false,
      "Group": null,
      "Selected": false,
      "Text": "Hazmat",
      "Value": "91000"
    },
    {
      "Disabled": false,
      "Group": null,
      "Selected": false,
      "Text": "PV",
      "Value": "92000"
    },
    {
      "Disabled": false,
      "Group": null,
      "Selected": false,
      "Text": "Cancellation",
      "Value": "13100"
    },
    {
      "Disabled": false,
      "Group": null,
      "Selected": false,
      "Text": "Sp Cert",
      "Value": "13377A2"
    },
    {
      "Disabled": false,
      "Group": null,
      "Selected": false,
      "Text": "GPPV",
      "Value": "95000"
    },
    {
      "Disabled": false,
      "Group": null,
      "Selected": false,
      "Text": "Class 1/2 refusal",
      "Value": "12809A"
    },
    {
      "Disabled": false,
      "Group": null,
      "Selected": false,
      "Text": "Sp cert",
      "Value": "13372A"
    },
    {
      "Disabled": false,
      "Group": null,
      "Selected": false,
      "Text": "Sp cert",
      "Value": "13372B"
    },
    {
      "Disabled": false,
      "Group": null,
      "Selected": false,
      "Text": "Sp cert",
      "Value": "13372C"
    },
    {
      "Disabled": false,
      "Group": null,
      "Selected": false,
      "Text": "Sp cert",
      "Value": "13376"
    },
    {
      "Disabled": false,
      "Group": null,
      "Selected": false,
      "Text": "Sp cert",
      "Value": "13369"
    },
    {
      "Disabled": false,
      "Group": null,
      "Selected": false,
      "Text": "Sp cert",
      "Value": "13370"
    },
    {
      "Disabled": false,
      "Group": null,
      "Selected": false,
      "Text": "Sp cert",
      "Value": "13369A1"
    },
    {
      "Disabled": false,
      "Group": null,
      "Selected": false,
      "Text": "Sp cert",
      "Value": "13369A2"
    },
    {
      "Disabled": false,
      "Group": null,
      "Selected": false,
      "Text": "Sp cert",
      "Value": "13369A3"
    },
    {
      "Disabled": false,
      "Group": null,
      "Selected": false,
      "Text": "Sp cert",
      "Value": "13369A4"
    },
    {
      "Disabled": false,
      "Group": null,
      "Selected": false,
      "Text": "Sp cert",
      "Value": "13377A1"
    },
    {
      "Disabled": false,
      "Group": null,
      "Selected": false,
      "Text": "Sp cert",
      "Value": "13377A3"
    },
    {
      "Disabled": false,
      "Group": null,
      "Selected": false,
      "Text": "Sp cert",
      "Value": "13377A4"
    },
    {
      "Disabled": false,
      "Group": null,
      "Selected": false,
      "Text": "Sp cert",
      "Value": "13377A5"
    },
    {
      "Disabled": false,
      "Group": null,
      "Selected": false,
      "Text": "School bus",
      "Value": "70000"
    },
    {
      "Disabled": false,
      "Group": null,
      "Selected": false,
      "Text": "Youth bus",
      "Value": "70200"
    },
    {
      "Disabled": false,
      "Group": null,
      "Selected": false,
      "Text": "Farm labor",
      "Value": "80000"
    },
    {
      "Disabled": false,
      "Group": null,
      "Selected": false,
      "Text": "Tow truck",
      "Value": "97000"
    },
    {
      "Disabled": false,
      "Group": null,
      "Selected": false,
      "Text": "Sp cert Driver in Compliance Program (b2)",
      "Value": "13376B2"
    },
    {
      "Disabled": false,
      "Group": null,
      "Selected": false,
      "Text": "VDDP",
      "Value": "94000"
    },
    {
      "Disabled": false,
      "Group": null,
      "Selected": false,
      "Text": "Verification Transit Training",
      "Value": "96000"
    },
    {
      "Disabled": false,
      "Group": null,
      "Selected": false,
      "Text": "Sp cert Driver in Compliance Program (b1)",
      "Value": "13376B1"
    },
    {
      "Disabled": false,
      "Group": null,
      "Selected": false,
      "Text": "PC 667.5c or 1192.7c",
      "Value": "13370a5"
    },
    {
      "Disabled": false,
      "Group": null,
      "Selected": false,
      "Text": "Restriction (Class A or B)",
      "Value": "12813"
    }
  ],
  "AuthoritySection2": [
    {
      "Disabled": false,
      "Group": null,
      "Selected": false,
      "Text": "Select Option",
      "Value": ""
    },
    {
      "Disabled": false,
      "Group": null,
      "Selected": false,
      "Text": "Ambulance",
      "Value": "60000"
    },
    {
      "Disabled": false,
      "Group": null,
      "Selected": false,
      "Text": "SPAB",
      "Value": "70100"
    },
    {
      "Disabled": false,
      "Group": null,
      "Selected": false,
      "Text": "Hazmat",
      "Value": "91000"
    },
    {
      "Disabled": false,
      "Group": null,
      "Selected": false,
      "Text": "PV",
      "Value": "92000"
    },
    {
      "Disabled": false,
      "Group": null,
      "Selected": false,
      "Text": "Cancellation",
      "Value": "13100"
    },
    {
      "Disabled": false,
      "Group": null,
      "Selected": false,
      "Text": "Sp Cert",
      "Value": "13377A2"
    },
    {
      "Disabled": false,
      "Group": null,
      "Selected": false,
      "Text": "GPPV",
      "Value": "95000"
    },
    {
      "Disabled": false,
      "Group": null,
      "Selected": false,
      "Text": "Class 1/2 refusal",
      "Value": "12809A"
    },
    {
      "Disabled": false,
      "Group": null,
      "Selected": false,
      "Text": "Sp cert",
      "Value": "13372A"
    },
    {
      "Disabled": false,
      "Group": null,
      "Selected": false,
      "Text": "Sp cert",
      "Value": "13372B"
    },
    {
      "Disabled": false,
      "Group": null,
      "Selected": false,
      "Text": "Sp cert",
      "Value": "13372C"
    },
    {
      "Disabled": false,
      "Group": null,
      "Selected": false,
      "Text": "Sp cert",
      "Value": "13376"
    },
    {
      "Disabled": false,
      "Group": null,
      "Selected": false,
      "Text": "Sp cert",
      "Value": "13369"
    },
    {
      "Disabled": false,
      "Group": null,
      "Selected": false,
      "Text": "Sp cert",
      "Value": "13370"
    },
    {
      "Disabled": false,
      "Group": null,
      "Selected": false,
      "Text": "Sp cert",
      "Value": "13369A1"
    },
    {
      "Disabled": false,
      "Group": null,
      "Selected": false,
      "Text": "Sp cert",
      "Value": "13369A2"
    },
    {
      "Disabled": false,
      "Group": null,
      "Selected": false,
      "Text": "Sp cert",
      "Value": "13369A3"
    },
    {
      "Disabled": false,
      "Group": null,
      "Selected": false,
      "Text": "Sp cert",
      "Value": "13369A4"
    },
    {
      "Disabled": false,
      "Group": null,
      "Selected": false,
      "Text": "Sp cert",
      "Value": "13377A1"
    },
    {
      "Disabled": false,
      "Group": null,
      "Selected": false,
      "Text": "Sp cert",
      "Value": "13377A3"
    },
    {
      "Disabled": false,
      "Group": null,
      "Selected": false,
      "Text": "Sp cert",
      "Value": "13377A4"
    },
    {
      "Disabled": false,
      "Group": null,
      "Selected": false,
      "Text": "Sp cert",
      "Value": "13377A5"
    },
    {
      "Disabled": false,
      "Group": null,
      "Selected": false,
      "Text": "School bus",
      "Value": "70000"
    },
    {
      "Disabled": false,
      "Group": null,
      "Selected": false,
      "Text": "Youth bus",
      "Value": "70200"
    },
    {
      "Disabled": false,
      "Group": null,
      "Selected": false,
      "Text": "Farm labor",
      "Value": "80000"
    },
    {
      "Disabled": false,
      "Group": null,
      "Selected": false,
      "Text": "Tow truck",
      "Value": "97000"
    },
    {
      "Disabled": false,
      "Group": null,
      "Selected": false,
      "Text": "Sp Cert Driver Tested Positive (b2)",
      "Value": "13376B2"
    },
    {
      "Disabled": false,
      "Group": null,
      "Selected": false,
      "Text": "Sp Cert Driver in Compliance Program (b1)",
      "Value": "13376B1"
    },
    {
      "Disabled": false,
      "Group": null,
      "Selected": false,
      "Text": "Ambulance",
      "Value": "60000"
    },
    {
      "Disabled": false,
      "Group": null,
      "Selected": false,
      "Text": "SPAB",
      "Value": "70100"
    },
    {
      "Disabled": false,
      "Group": null,
      "Selected": false,
      "Text": "Hazmat",
      "Value": "91000"
    },
    {
      "Disabled": false,
      "Group": null,
      "Selected": false,
      "Text": "PV",
      "Value": "92000"
    },
    {
      "Disabled": false,
      "Group": null,
      "Selected": false,
      "Text": "Cancellation",
      "Value": "13100"
    },
    {
      "Disabled": false,
      "Group": null,
      "Selected": false,
      "Text": "Sp Cert",
      "Value": "13377A2"
    },
    {
      "Disabled": false,
      "Group": null,
      "Selected": false,
      "Text": "GPPV",
      "Value": "95000"
    },
    {
      "Disabled": false,
      "Group": null,
      "Selected": false,
      "Text": "Class 1/2 refusal",
      "Value": "12809A"
    },
    {
      "Disabled": false,
      "Group": null,
      "Selected": false,
      "Text": "Sp cert",
      "Value": "13372A"
    },
    {
      "Disabled": false,
      "Group": null,
      "Selected": false,
      "Text": "Sp cert",
      "Value": "13372B"
    },
    {
      "Disabled": false,
      "Group": null,
      "Selected": false,
      "Text": "Sp cert",
      "Value": "13372C"
    },
    {
      "Disabled": false,
      "Group": null,
      "Selected": false,
      "Text": "Sp cert",
      "Value": "13376"
    },
    {
      "Disabled": false,
      "Group": null,
      "Selected": false,
      "Text": "Sp cert",
      "Value": "13369"
    },
    {
      "Disabled": false,
      "Group": null,
      "Selected": false,
      "Text": "Sp cert",
      "Value": "13370"
    },
    {
      "Disabled": false,
      "Group": null,
      "Selected": false,
      "Text": "Sp cert",
      "Value": "13369A1"
    },
    {
      "Disabled": false,
      "Group": null,
      "Selected": false,
      "Text": "Sp cert",
      "Value": "13369A2"
    },
    {
      "Disabled": false,
      "Group": null,
      "Selected": false,
      "Text": "Sp cert",
      "Value": "13369A3"
    },
    {
      "Disabled": false,
      "Group": null,
      "Selected": false,
      "Text": "Sp cert",
      "Value": "13369A4"
    },
    {
      "Disabled": false,
      "Group": null,
      "Selected": false,
      "Text": "Sp cert",
      "Value": "13377A1"
    },
    {
      "Disabled": false,
      "Group": null,
      "Selected": false,
      "Text": "Sp cert",
      "Value": "13377A3"
    },
    {
      "Disabled": false,
      "Group": null,
      "Selected": false,
      "Text": "Sp cert",
      "Value": "13377A4"
    },
    {
      "Disabled": false,
      "Group": null,
      "Selected": false,
      "Text": "Sp cert",
      "Value": "13377A5"
    },
    {
      "Disabled": false,
      "Group": null,
      "Selected": false,
      "Text": "School bus",
      "Value": "70000"
    },
    {
      "Disabled": false,
      "Group": null,
      "Selected": false,
      "Text": "Youth bus",
      "Value": "70200"
    },
    {
      "Disabled": false,
      "Group": null,
      "Selected": false,
      "Text": "Farm labor",
      "Value": "80000"
    },
    {
      "Disabled": false,
      "Group": null,
      "Selected": false,
      "Text": "Tow truck",
      "Value": "97000"
    },
    {
      "Disabled": false,
      "Group": null,
      "Selected": false,
      "Text": "Sp cert Driver in Compliance Program (b2)",
      "Value": "13376B2"
    },
    {
      "Disabled": false,
      "Group": null,
      "Selected": false,
      "Text": "VDDP",
      "Value": "94000"
    },
    {
      "Disabled": false,
      "Group": null,
      "Selected": false,
      "Text": "Verification Transit Training",
      "Value": "96000"
    },
    {
      "Disabled": false,
      "Group": null,
      "Selected": false,
      "Text": "Sp cert Driver in Compliance Program (b1)",
      "Value": "13376B1"
    },
    {
      "Disabled": false,
      "Group": null,
      "Selected": false,
      "Text": "PC 667.5c or 1192.7c",
      "Value": "13370a5"
    },
    {
      "Disabled": false,
      "Group": null,
      "Selected": false,
      "Text": "Restriction (Class A or B)",
      "Value": "12813"
    }
  ],
  "PMCode": [
    {
      "Disabled": false,
      "Group": null,
      "Selected": false,
      "Text": "Select Option",
      "Value": ""
    },
    {
      "Disabled": false,
      "Group": null,
      "Selected": false,
      "Text": "Alcohol",
      "Value": "A"
    },
    {
      "Disabled": false,
      "Group": null,
      "Selected": false,
      "Text": "Drugs",
      "Value": "D"
    },
    {
      "Disabled": false,
      "Group": null,
      "Selected": false,
      "Text": "Lack of Skill",
      "Value": "K"
    },
    {
      "Disabled": false,
      "Group": null,
      "Selected": false,
      "Text": "Lapse of Consciousness",
      "Value": "L"
    },
    {
      "Disabled": false,
      "Group": null,
      "Selected": false,
      "Text": "Mental Condition",
      "Value": "M"
    },
    {
      "Disabled": false,
      "Group": null,
      "Selected": false,
      "Text": "Progressive Physical",
      "Value": "P"
    },
    {
      "Disabled": false,
      "Group": null,
      "Selected": false,
      "Text": "Static Physical",
      "Value": "S"
    },
    {
      "Disabled": false,
      "Group": null,
      "Selected": false,
      "Text": "Vision",
      "Value": "V"
    },
    {
      "Disabled": false,
      "Group": null,
      "Selected": false,
      "Text": "Req DUI Compl/Proof",
      "Value": "X"
    },
    {
      "Disabled": false,
      "Group": null,
      "Selected": false,
      "Text": "Class 1 & 2 P&M",
      "Value": "Z"
    }
  ],
  "Rest1": [
    {
      "Disabled": false,
      "Group": null,
      "Selected": false,
      "Text": "Select Option",
      "Value": ""
    },
    {
      "Disabled": false,
      "Group": null,
      "Selected": false,
      "Text": "Must wear corrective lenses while driving",
      "Value": "01"
    },
    {
      "Disabled": false,
      "Group": null,
      "Selected": false,
      "Text": "No Freeway Driving",
      "Value": "02"
    },
    {
      "Disabled": false,
      "Group": null,
      "Selected": false,
      "Text": "Restricted to driving veh w/additional right side",
      "Value": "06"
    },
    {
      "Disabled": false,
      "Group": null,
      "Selected": false,
      "Text": "Restricted to Driving from Sunrise to Sunset",
      "Value": "07"
    },
    {
      "Disabled": false,
      "Group": null,
      "Selected": false,
      "Text": "Restricted to driving vehicle w/adequate signaling",
      "Value": "09"
    },
    {
      "Disabled": false,
      "Group": null,
      "Selected": false,
      "Text": "Cl C limited to vehicle w/automatic transmission",
      "Value": "10"
    },
    {
      "Disabled": false,
      "Group": null,
      "Selected": false,
      "Text": "Must use adequate support to ensure proper driving",
      "Value": "11"
    },
    {
      "Disabled": false,
      "Group": null,
      "Selected": false,
      "Text": "Area restriction-use restriction 50",
      "Value": "13"
    },
    {
      "Disabled": false,
      "Group": null,
      "Selected": false,
      "Text": "Restricted to driving vehicle w/hand controlled br",
      "Value": "16"
    },
    {
      "Disabled": false,
      "Group": null,
      "Selected": false,
      "Text": "Restricted to driving veh w/knob attachment on ste",
      "Value": "17"
    },
    {
      "Disabled": false,
      "Group": null,
      "Selected": false,
      "Text": "Restricted to Driving Vehicle within Scope of Empl",
      "Value": "18"
    },
    {
      "Disabled": false,
      "Group": null,
      "Selected": false,
      "Text": "Must wear leg prosthesis when driving",
      "Value": "19"
    },
    {
      "Disabled": false,
      "Group": null,
      "Selected": false,
      "Text": "Restricted to driving veh equipped w/full hand con",
      "Value": "22"
    },
    {
      "Disabled": false,
      "Group": null,
      "Selected": false,
      "Text": "Class B/2 May Operate a Bus Subject to Restriction",
      "Value": "27"
    },
    {
      "Disabled": false,
      "Group": null,
      "Selected": false,
      "Text": "Must wear hearing aid when driving commercially",
      "Value": "32"
    },
    {
      "Disabled": false,
      "Group": null,
      "Selected": false,
      "Text": "Restricted to Driving To and From Employment",
      "Value": "35"
    },
    {
      "Disabled": false,
      "Group": null,
      "Selected": false,
      "Text": "Restricted to Driving To/From/During Course of Emp",
      "Value": "36"
    },
    {
      "Disabled": false,
      "Group": null,
      "Selected": false,
      "Text": "Restricted to Driving To and From School",
      "Value": "37"
    },
    {
      "Disabled": false,
      "Group": null,
      "Selected": false,
      "Text": "Must Not Drive on Saturday/Sunday and any Holiday",
      "Value": "38"
    },
    {
      "Disabled": false,
      "Group": null,
      "Selected": false,
      "Text": "Must Wear Bioptic Telescopic Lens when Driving",
      "Value": "44"
    },
    {
      "Disabled": false,
      "Group": null,
      "Selected": false,
      "Text": "No Passenger when Driving Commercially or Transpor",
      "Value": "45"
    },
    {
      "Disabled": false,
      "Group": null,
      "Selected": false,
      "Text": "Must wear corrective lenses when driving commercia",
      "Value": "46"
    },
    {
      "Disabled": false,
      "Group": null,
      "Selected": false,
      "Text": "Tour Bus 11 - 16 Passengers Only",
      "Value": "47"
    },
    {
      "Disabled": false,
      "Group": null,
      "Selected": false,
      "Text": "Limited to Vehicles without Air Brakes when Drivin",
      "Value": "48"
    },
    {
      "Disabled": false,
      "Group": null,
      "Selected": false,
      "Text": "Customized Restrictions on File - Contact DMV",
      "Value": "50"
    },
    {
      "Disabled": false,
      "Group": null,
      "Selected": false,
      "Text": "Restricted to driving to/from medical treatment pe",
      "Value": "51"
    },
    {
      "Disabled": false,
      "Group": null,
      "Selected": false,
      "Text": "Restricted to Driving To/From/During Course of Emp",
      "Value": "52"
    },
    {
      "Disabled": false,
      "Group": null,
      "Selected": false,
      "Text": "Must Be Accompanied by a Licensed Driver Age 25 or",
      "Value": "58"
    },
    {
      "Disabled": false,
      "Group": null,
      "Selected": false,
      "Text": "Provisional Licensee",
      "Value": "59"
    },
    {
      "Disabled": false,
      "Group": null,
      "Selected": false,
      "Text": "Class C Vehicle Only To/From/During Course of Empl",
      "Value": "63"
    },
    {
      "Disabled": false,
      "Group": null,
      "Selected": false,
      "Text": "Cl A/B - Limited to Vehicle with Automatic Transmi",
      "Value": "64"
    },
    {
      "Disabled": false,
      "Group": null,
      "Selected": false,
      "Text": "May Not Drive in Interstate Commerce",
      "Value": "67"
    },
    {
      "Disabled": false,
      "Group": null,
      "Selected": false,
      "Text": "Disqualified from Driving Commercially",
      "Value": "68"
    },
    {
      "Disabled": false,
      "Group": null,
      "Selected": false,
      "Text": "Disqualified for life from driving commercially",
      "Value": "69"
    },
    {
      "Disabled": false,
      "Group": null,
      "Selected": false,
      "Text": "Passenger Vehicle Endorsement Limited to a Bus Dsi",
      "Value": "75"
    },
    {
      "Disabled": false,
      "Group": null,
      "Selected": false,
      "Text": "Cl B & pass veh end limited to buses weighing < 26",
      "Value": "76"
    },
    {
      "Disabled": false,
      "Group": null,
      "Selected": false,
      "Text": "Restrict Driving To/From/ And During Course of Emp",
      "Value": "77"
    },
    {
      "Disabled": false,
      "Group": null,
      "Selected": false,
      "Text": "Restrict Driving To and From Treatment Program per",
      "Value": "78"
    },
    {
      "Disabled": false,
      "Group": null,
      "Selected": false,
      "Text": "CL B Restricted to Operating Firefighting Equipmen",
      "Value": "80"
    },
    {
      "Disabled": false,
      "Group": null,
      "Selected": false,
      "Text": "Cl A and B Restricted to Operating Firefighting Eq",
      "Value": "81"
    },
    {
      "Disabled": false,
      "Group": null,
      "Selected": false,
      "Text": "CL B Operating Firefighting Equipment Only - May D",
      "Value": "82"
    },
    {
      "Disabled": false,
      "Group": null,
      "Selected": false,
      "Text": "Cl A Operating Firefighting Equipment Only - May D",
      "Value": "83"
    },
    {
      "Disabled": false,
      "Group": null,
      "Selected": false,
      "Text": "Cl A Operating Firefighting Equipment Only - May D",
      "Value": "84"
    },
    {
      "Disabled": false,
      "Group": null,
      "Selected": false,
      "Text": "May Drive a Tour Bus",
      "Value": "99"
    }
  ],
  "Rest2": [
    {
      "Disabled": false,
      "Group": null,
      "Selected": false,
      "Text": "Select Option",
      "Value": ""
    },
    {
      "Disabled": false,
      "Group": null,
      "Selected": false,
      "Text": "Must wear corrective lenses while driving",
      "Value": "01"
    },
    {
      "Disabled": false,
      "Group": null,
      "Selected": false,
      "Text": "No Freeway Driving",
      "Value": "02"
    },
    {
      "Disabled": false,
      "Group": null,
      "Selected": false,
      "Text": "Restricted to driving veh w/additional right side",
      "Value": "06"
    },
    {
      "Disabled": false,
      "Group": null,
      "Selected": false,
      "Text": "Restricted to Driving from Sunrise to Sunset",
      "Value": "07"
    },
    {
      "Disabled": false,
      "Group": null,
      "Selected": false,
      "Text": "Restricted to driving vehicle w/adequate signaling",
      "Value": "09"
    },
    {
      "Disabled": false,
      "Group": null,
      "Selected": false,
      "Text": "Cl C limited to vehicle w/automatic transmission",
      "Value": "10"
    },
    {
      "Disabled": false,
      "Group": null,
      "Selected": false,
      "Text": "Must use adequate support to ensure proper driving",
      "Value": "11"
    },
    {
      "Disabled": false,
      "Group": null,
      "Selected": false,
      "Text": "Area restriction-use restriction 50",
      "Value": "13"
    },
    {
      "Disabled": false,
      "Group": null,
      "Selected": false,
      "Text": "Restricted to driving vehicle w/hand controlled br",
      "Value": "16"
    },
    {
      "Disabled": false,
      "Group": null,
      "Selected": false,
      "Text": "Restricted to driving veh w/knob attachment on ste",
      "Value": "17"
    },
    {
      "Disabled": false,
      "Group": null,
      "Selected": false,
      "Text": "Restricted to Driving Vehicle within Scope of Empl",
      "Value": "18"
    },
    {
      "Disabled": false,
      "Group": null,
      "Selected": false,
      "Text": "Must wear leg prosthesis when driving",
      "Value": "19"
    },
    {
      "Disabled": false,
      "Group": null,
      "Selected": false,
      "Text": "Restricted to driving veh equipped w/full hand con",
      "Value": "22"
    },
    {
      "Disabled": false,
      "Group": null,
      "Selected": false,
      "Text": "Class B/2 May Operate a Bus Subject to Restriction",
      "Value": "27"
    },
    {
      "Disabled": false,
      "Group": null,
      "Selected": false,
      "Text": "Must wear hearing aid when driving commercially",
      "Value": "32"
    },
    {
      "Disabled": false,
      "Group": null,
      "Selected": false,
      "Text": "Restricted to Driving To and From Employment",
      "Value": "35"
    },
    {
      "Disabled": false,
      "Group": null,
      "Selected": false,
      "Text": "Restricted to Driving To/From/During Course of Emp",
      "Value": "36"
    },
    {
      "Disabled": false,
      "Group": null,
      "Selected": false,
      "Text": "Restricted to Driving To and From School",
      "Value": "37"
    },
    {
      "Disabled": false,
      "Group": null,
      "Selected": false,
      "Text": "Must Not Drive on Saturday/Sunday and any Holiday",
      "Value": "38"
    },
    {
      "Disabled": false,
      "Group": null,
      "Selected": false,
      "Text": "Must Wear Bioptic Telescopic Lens when Driving",
      "Value": "44"
    },
    {
      "Disabled": false,
      "Group": null,
      "Selected": false,
      "Text": "No Passenger when Driving Commercially or Transpor",
      "Value": "45"
    },
    {
      "Disabled": false,
      "Group": null,
      "Selected": false,
      "Text": "Must wear corrective lenses when driving commercia",
      "Value": "46"
    },
    {
      "Disabled": false,
      "Group": null,
      "Selected": false,
      "Text": "Tour Bus 11 - 16 Passengers Only",
      "Value": "47"
    },
    {
      "Disabled": false,
      "Group": null,
      "Selected": false,
      "Text": "Limited to Vehicles without Air Brakes when Drivin",
      "Value": "48"
    },
    {
      "Disabled": false,
      "Group": null,
      "Selected": false,
      "Text": "Customized Restrictions on File - Contact DMV",
      "Value": "50"
    },
    {
      "Disabled": false,
      "Group": null,
      "Selected": false,
      "Text": "Restricted to driving to/from medical treatment pe",
      "Value": "51"
    },
    {
      "Disabled": false,
      "Group": null,
      "Selected": false,
      "Text": "Restricted to Driving To/From/During Course of Emp",
      "Value": "52"
    },
    {
      "Disabled": false,
      "Group": null,
      "Selected": false,
      "Text": "Must Be Accompanied by a Licensed Driver Age 25 or",
      "Value": "58"
    },
    {
      "Disabled": false,
      "Group": null,
      "Selected": false,
      "Text": "Provisional Licensee",
      "Value": "59"
    },
    {
      "Disabled": false,
      "Group": null,
      "Selected": false,
      "Text": "Class C Vehicle Only To/From/During Course of Empl",
      "Value": "63"
    },
    {
      "Disabled": false,
      "Group": null,
      "Selected": false,
      "Text": "Cl A/B - Limited to Vehicle with Automatic Transmi",
      "Value": "64"
    },
    {
      "Disabled": false,
      "Group": null,
      "Selected": false,
      "Text": "May Not Drive in Interstate Commerce",
      "Value": "67"
    },
    {
      "Disabled": false,
      "Group": null,
      "Selected": false,
      "Text": "Disqualified from Driving Commercially",
      "Value": "68"
    },
    {
      "Disabled": false,
      "Group": null,
      "Selected": false,
      "Text": "Disqualified for life from driving commercially",
      "Value": "69"
    },
    {
      "Disabled": false,
      "Group": null,
      "Selected": false,
      "Text": "Passenger Vehicle Endorsement Limited to a Bus Dsi",
      "Value": "75"
    },
    {
      "Disabled": false,
      "Group": null,
      "Selected": false,
      "Text": "Cl B & pass veh end limited to buses weighing < 26",
      "Value": "76"
    },
    {
      "Disabled": false,
      "Group": null,
      "Selected": false,
      "Text": "Restrict Driving To/From/ And During Course of Emp",
      "Value": "77"
    },
    {
      "Disabled": false,
      "Group": null,
      "Selected": false,
      "Text": "Restrict Driving To and From Treatment Program per",
      "Value": "78"
    },
    {
      "Disabled": false,
      "Group": null,
      "Selected": false,
      "Text": "CL B Restricted to Operating Firefighting Equipmen",
      "Value": "80"
    },
    {
      "Disabled": false,
      "Group": null,
      "Selected": false,
      "Text": "Cl A and B Restricted to Operating Firefighting Eq",
      "Value": "81"
    },
    {
      "Disabled": false,
      "Group": null,
      "Selected": false,
      "Text": "CL B Operating Firefighting Equipment Only - May D",
      "Value": "82"
    },
    {
      "Disabled": false,
      "Group": null,
      "Selected": false,
      "Text": "Cl A Operating Firefighting Equipment Only - May D",
      "Value": "83"
    },
    {
      "Disabled": false,
      "Group": null,
      "Selected": false,
      "Text": "Cl A Operating Firefighting Equipment Only - May D",
      "Value": "84"
    },
    {
      "Disabled": false,
      "Group": null,
      "Selected": false,
      "Text": "May Drive a Tour Bus",
      "Value": "99"
    }
  ],
  "Rest3": [
    {
      "Disabled": false,
      "Group": null,
      "Selected": false,
      "Text": "Select Option",
      "Value": ""
    },
    {
      "Disabled": false,
      "Group": null,
      "Selected": false,
      "Text": "Must wear corrective lenses while driving",
      "Value": "01"
    },
    {
      "Disabled": false,
      "Group": null,
      "Selected": false,
      "Text": "No Freeway Driving",
      "Value": "02"
    },
    {
      "Disabled": false,
      "Group": null,
      "Selected": false,
      "Text": "Restricted to driving veh w/additional right side",
      "Value": "06"
    },
    {
      "Disabled": false,
      "Group": null,
      "Selected": false,
      "Text": "Restricted to Driving from Sunrise to Sunset",
      "Value": "07"
    },
    {
      "Disabled": false,
      "Group": null,
      "Selected": false,
      "Text": "Restricted to driving vehicle w/adequate signaling",
      "Value": "09"
    },
    {
      "Disabled": false,
      "Group": null,
      "Selected": false,
      "Text": "Cl C limited to vehicle w/automatic transmission",
      "Value": "10"
    },
    {
      "Disabled": false,
      "Group": null,
      "Selected": false,
      "Text": "Must use adequate support to ensure proper driving",
      "Value": "11"
    },
    {
      "Disabled": false,
      "Group": null,
      "Selected": false,
      "Text": "Area restriction-use restriction 50",
      "Value": "13"
    },
    {
      "Disabled": false,
      "Group": null,
      "Selected": false,
      "Text": "Restricted to driving vehicle w/hand controlled br",
      "Value": "16"
    },
    {
      "Disabled": false,
      "Group": null,
      "Selected": false,
      "Text": "Restricted to driving veh w/knob attachment on ste",
      "Value": "17"
    },
    {
      "Disabled": false,
      "Group": null,
      "Selected": false,
      "Text": "Restricted to Driving Vehicle within Scope of Empl",
      "Value": "18"
    },
    {
      "Disabled": false,
      "Group": null,
      "Selected": false,
      "Text": "Must wear leg prosthesis when driving",
      "Value": "19"
    },
    {
      "Disabled": false,
      "Group": null,
      "Selected": false,
      "Text": "Restricted to driving veh equipped w/full hand con",
      "Value": "22"
    },
    {
      "Disabled": false,
      "Group": null,
      "Selected": false,
      "Text": "Class B/2 May Operate a Bus Subject to Restriction",
      "Value": "27"
    },
    {
      "Disabled": false,
      "Group": null,
      "Selected": false,
      "Text": "Must wear hearing aid when driving commercially",
      "Value": "32"
    },
    {
      "Disabled": false,
      "Group": null,
      "Selected": false,
      "Text": "Restricted to Driving To and From Employment",
      "Value": "35"
    },
    {
      "Disabled": false,
      "Group": null,
      "Selected": false,
      "Text": "Restricted to Driving To/From/During Course of Emp",
      "Value": "36"
    },
    {
      "Disabled": false,
      "Group": null,
      "Selected": false,
      "Text": "Restricted to Driving To and From School",
      "Value": "37"
    },
    {
      "Disabled": false,
      "Group": null,
      "Selected": false,
      "Text": "Must Not Drive on Saturday/Sunday and any Holiday",
      "Value": "38"
    },
    {
      "Disabled": false,
      "Group": null,
      "Selected": false,
      "Text": "Must Wear Bioptic Telescopic Lens when Driving",
      "Value": "44"
    },
    {
      "Disabled": false,
      "Group": null,
      "Selected": false,
      "Text": "No Passenger when Driving Commercially or Transpor",
      "Value": "45"
    },
    {
      "Disabled": false,
      "Group": null,
      "Selected": false,
      "Text": "Must wear corrective lenses when driving commercia",
      "Value": "46"
    },
    {
      "Disabled": false,
      "Group": null,
      "Selected": false,
      "Text": "Tour Bus 11 - 16 Passengers Only",
      "Value": "47"
    },
    {
      "Disabled": false,
      "Group": null,
      "Selected": false,
      "Text": "Limited to Vehicles without Air Brakes when Drivin",
      "Value": "48"
    },
    {
      "Disabled": false,
      "Group": null,
      "Selected": false,
      "Text": "Customized Restrictions on File - Contact DMV",
      "Value": "50"
    },
    {
      "Disabled": false,
      "Group": null,
      "Selected": false,
      "Text": "Restricted to driving to/from medical treatment pe",
      "Value": "51"
    },
    {
      "Disabled": false,
      "Group": null,
      "Selected": false,
      "Text": "Restricted to Driving To/From/During Course of Emp",
      "Value": "52"
    },
    {
      "Disabled": false,
      "Group": null,
      "Selected": false,
      "Text": "Must Be Accompanied by a Licensed Driver Age 25 or",
      "Value": "58"
    },
    {
      "Disabled": false,
      "Group": null,
      "Selected": false,
      "Text": "Provisional Licensee",
      "Value": "59"
    },
    {
      "Disabled": false,
      "Group": null,
      "Selected": false,
      "Text": "Class C Vehicle Only To/From/During Course of Empl",
      "Value": "63"
    },
    {
      "Disabled": false,
      "Group": null,
      "Selected": false,
      "Text": "Cl A/B - Limited to Vehicle with Automatic Transmi",
      "Value": "64"
    },
    {
      "Disabled": false,
      "Group": null,
      "Selected": false,
      "Text": "May Not Drive in Interstate Commerce",
      "Value": "67"
    },
    {
      "Disabled": false,
      "Group": null,
      "Selected": false,
      "Text": "Disqualified from Driving Commercially",
      "Value": "68"
    },
    {
      "Disabled": false,
      "Group": null,
      "Selected": false,
      "Text": "Disqualified for life from driving commercially",
      "Value": "69"
    },
    {
      "Disabled": false,
      "Group": null,
      "Selected": false,
      "Text": "Passenger Vehicle Endorsement Limited to a Bus Dsi",
      "Value": "75"
    },
    {
      "Disabled": false,
      "Group": null,
      "Selected": false,
      "Text": "Cl B & pass veh end limited to buses weighing < 26",
      "Value": "76"
    },
    {
      "Disabled": false,
      "Group": null,
      "Selected": false,
      "Text": "Restrict Driving To/From/ And During Course of Emp",
      "Value": "77"
    },
    {
      "Disabled": false,
      "Group": null,
      "Selected": false,
      "Text": "Restrict Driving To and From Treatment Program per",
      "Value": "78"
    },
    {
      "Disabled": false,
      "Group": null,
      "Selected": false,
      "Text": "CL B Restricted to Operating Firefighting Equipmen",
      "Value": "80"
    },
    {
      "Disabled": false,
      "Group": null,
      "Selected": false,
      "Text": "Cl A and B Restricted to Operating Firefighting Eq",
      "Value": "81"
    },
    {
      "Disabled": false,
      "Group": null,
      "Selected": false,
      "Text": "CL B Operating Firefighting Equipment Only - May D",
      "Value": "82"
    },
    {
      "Disabled": false,
      "Group": null,
      "Selected": false,
      "Text": "Cl A Operating Firefighting Equipment Only - May D",
      "Value": "83"
    },
    {
      "Disabled": false,
      "Group": null,
      "Selected": false,
      "Text": "Cl A Operating Firefighting Equipment Only - May D",
      "Value": "84"
    },
    {
      "Disabled": false,
      "Group": null,
      "Selected": false,
      "Text": "May Drive a Tour Bus",
      "Value": "99"
    }
  ],
  "LicenseLocation": [
    {
      "Disabled": false,
      "Group": null,
      "Selected": false,
      "Text": "Select Option",
      "Value": ""
    },
    {
      "Disabled": false,
      "Group": null,
      "Selected": false,
      "Text": "License lost",
      "Value": "60"
    },
    {
      "Disabled": false,
      "Group": null,
      "Selected": false,
      "Text": "License destroyed/Surrendered by subject",
      "Value": "75"
    },
    {
      "Disabled": false,
      "Group": null,
      "Selected": false,
      "Text": "License destroyed/Mutilated",
      "Value": "76"
    },
    {
      "Disabled": false,
      "Group": null,
      "Selected": false,
      "Text": "Delete License Location",
      "Value": "98"
    },
    {
      "Disabled": false,
      "Group": null,
      "Selected": false,
      "Text": "Update Remail Date",
      "Value": "99"
    },
    {
      "Disabled": false,
      "Group": null,
      "Selected": false,
      "Text": "Issuance of license withheld/Surrendered by subject",
      "Value": "X5"
    }
  ],
  "OriginalAuthoritySection": [
    {
      "Disabled": false,
      "Group": null,
      "Selected": false,
      "Text": "Select Option",
      "Value": ""
    },
    {
      "Disabled": false,
      "Group": null,
      "Selected": false,
      "Text": "Ambulance",
      "Value": "60000"
    },
    {
      "Disabled": false,
      "Group": null,
      "Selected": false,
      "Text": "SPAB",
      "Value": "70100"
    },
    {
      "Disabled": false,
      "Group": null,
      "Selected": false,
      "Text": "Hazmat",
      "Value": "91000"
    },
    {
      "Disabled": false,
      "Group": null,
      "Selected": false,
      "Text": "PV",
      "Value": "92000"
    },
    {
      "Disabled": false,
      "Group": null,
      "Selected": false,
      "Text": "Cancellation",
      "Value": "13100"
    },
    {
      "Disabled": false,
      "Group": null,
      "Selected": false,
      "Text": "Sp Cert",
      "Value": "13377A2"
    },
    {
      "Disabled": false,
      "Group": null,
      "Selected": false,
      "Text": "GPPV",
      "Value": "95000"
    },
    {
      "Disabled": false,
      "Group": null,
      "Selected": false,
      "Text": "Class 1/2 refusal",
      "Value": "12809A"
    },
    {
      "Disabled": false,
      "Group": null,
      "Selected": false,
      "Text": "Sp cert",
      "Value": "13372A"
    },
    {
      "Disabled": false,
      "Group": null,
      "Selected": false,
      "Text": "Sp cert",
      "Value": "13372B"
    },
    {
      "Disabled": false,
      "Group": null,
      "Selected": false,
      "Text": "Sp cert",
      "Value": "13372C"
    },
    {
      "Disabled": false,
      "Group": null,
      "Selected": false,
      "Text": "Sp cert",
      "Value": "13376"
    },
    {
      "Disabled": false,
      "Group": null,
      "Selected": false,
      "Text": "Sp cert",
      "Value": "13369"
    },
    {
      "Disabled": false,
      "Group": null,
      "Selected": false,
      "Text": "Sp cert",
      "Value": "13370"
    },
    {
      "Disabled": false,
      "Group": null,
      "Selected": false,
      "Text": "Sp cert",
      "Value": "13369A1"
    },
    {
      "Disabled": false,
      "Group": null,
      "Selected": false,
      "Text": "Sp cert",
      "Value": "13369A2"
    },
    {
      "Disabled": false,
      "Group": null,
      "Selected": false,
      "Text": "Sp cert",
      "Value": "13369A3"
    },
    {
      "Disabled": false,
      "Group": null,
      "Selected": false,
      "Text": "Sp cert",
      "Value": "13369A4"
    },
    {
      "Disabled": false,
      "Group": null,
      "Selected": false,
      "Text": "Sp cert",
      "Value": "13377A1"
    },
    {
      "Disabled": false,
      "Group": null,
      "Selected": false,
      "Text": "Sp cert",
      "Value": "13377A3"
    },
    {
      "Disabled": false,
      "Group": null,
      "Selected": false,
      "Text": "Sp cert",
      "Value": "13377A4"
    },
    {
      "Disabled": false,
      "Group": null,
      "Selected": false,
      "Text": "Sp cert",
      "Value": "13377A5"
    },
    {
      "Disabled": false,
      "Group": null,
      "Selected": false,
      "Text": "School bus",
      "Value": "70000"
    },
    {
      "Disabled": false,
      "Group": null,
      "Selected": false,
      "Text": "Youth bus",
      "Value": "70200"
    },
    {
      "Disabled": false,
      "Group": null,
      "Selected": false,
      "Text": "Farm labor",
      "Value": "80000"
    },
    {
      "Disabled": false,
      "Group": null,
      "Selected": false,
      "Text": "Tow truck",
      "Value": "97000"
    },
    {
      "Disabled": false,
      "Group": null,
      "Selected": false,
      "Text": "Sp Cert Driver Tested Positive (b2)",
      "Value": "13376B2"
    },
    {
      "Disabled": false,
      "Group": null,
      "Selected": false,
      "Text": "Sp Cert Driver in Compliance Program (b1)",
      "Value": "13376B1"
    },
    {
      "Disabled": false,
      "Group": null,
      "Selected": false,
      "Text": "Ambulance",
      "Value": "60000"
    },
    {
      "Disabled": false,
      "Group": null,
      "Selected": false,
      "Text": "SPAB",
      "Value": "70100"
    },
    {
      "Disabled": false,
      "Group": null,
      "Selected": false,
      "Text": "Hazmat",
      "Value": "91000"
    },
    {
      "Disabled": false,
      "Group": null,
      "Selected": false,
      "Text": "PV",
      "Value": "92000"
    },
    {
      "Disabled": false,
      "Group": null,
      "Selected": false,
      "Text": "Cancellation",
      "Value": "13100"
    },
    {
      "Disabled": false,
      "Group": null,
      "Selected": false,
      "Text": "Sp Cert",
      "Value": "13377A2"
    },
    {
      "Disabled": false,
      "Group": null,
      "Selected": false,
      "Text": "GPPV",
      "Value": "95000"
    },
    {
      "Disabled": false,
      "Group": null,
      "Selected": false,
      "Text": "Class 1/2 refusal",
      "Value": "12809A"
    },
    {
      "Disabled": false,
      "Group": null,
      "Selected": false,
      "Text": "Sp cert",
      "Value": "13372A"
    },
    {
      "Disabled": false,
      "Group": null,
      "Selected": false,
      "Text": "Sp cert",
      "Value": "13372B"
    },
    {
      "Disabled": false,
      "Group": null,
      "Selected": false,
      "Text": "Sp cert",
      "Value": "13372C"
    },
    {
      "Disabled": false,
      "Group": null,
      "Selected": false,
      "Text": "Sp cert",
      "Value": "13376"
    },
    {
      "Disabled": false,
      "Group": null,
      "Selected": false,
      "Text": "Sp cert",
      "Value": "13369"
    },
    {
      "Disabled": false,
      "Group": null,
      "Selected": false,
      "Text": "Sp cert",
      "Value": "13370"
    },
    {
      "Disabled": false,
      "Group": null,
      "Selected": false,
      "Text": "Sp cert",
      "Value": "13369A1"
    },
    {
      "Disabled": false,
      "Group": null,
      "Selected": false,
      "Text": "Sp cert",
      "Value": "13369A2"
    },
    {
      "Disabled": false,
      "Group": null,
      "Selected": false,
      "Text": "Sp cert",
      "Value": "13369A3"
    },
    {
      "Disabled": false,
      "Group": null,
      "Selected": false,
      "Text": "Sp cert",
      "Value": "13369A4"
    },
    {
      "Disabled": false,
      "Group": null,
      "Selected": false,
      "Text": "Sp cert",
      "Value": "13377A1"
    },
    {
      "Disabled": false,
      "Group": null,
      "Selected": false,
      "Text": "Sp cert",
      "Value": "13377A3"
    },
    {
      "Disabled": false,
      "Group": null,
      "Selected": false,
      "Text": "Sp cert",
      "Value": "13377A4"
    },
    {
      "Disabled": false,
      "Group": null,
      "Selected": false,
      "Text": "Sp cert",
      "Value": "13377A5"
    },
    {
      "Disabled": false,
      "Group": null,
      "Selected": false,
      "Text": "School bus",
      "Value": "70000"
    },
    {
      "Disabled": false,
      "Group": null,
      "Selected": false,
      "Text": "Youth bus",
      "Value": "70200"
    },
    {
      "Disabled": false,
      "Group": null,
      "Selected": false,
      "Text": "Farm labor",
      "Value": "80000"
    },
    {
      "Disabled": false,
      "Group": null,
      "Selected": false,
      "Text": "Tow truck",
      "Value": "97000"
    },
    {
      "Disabled": false,
      "Group": null,
      "Selected": false,
      "Text": "Sp cert Driver in Compliance Program (b2)",
      "Value": "13376B2"
    },
    {
      "Disabled": false,
      "Group": null,
      "Selected": false,
      "Text": "VDDP",
      "Value": "94000"
    },
    {
      "Disabled": false,
      "Group": null,
      "Selected": false,
      "Text": "Verification Transit Training",
      "Value": "96000"
    },
    {
      "Disabled": false,
      "Group": null,
      "Selected": false,
      "Text": "Sp cert Driver in Compliance Program (b1)",
      "Value": "13376B1"
    },
    {
      "Disabled": false,
      "Group": null,
      "Selected": false,
      "Text": "PC 667.5c or 1192.7c",
      "Value": "13370a5"
    },
    {
      "Disabled": false,
      "Group": null,
      "Selected": false,
      "Text": "Restriction (Class A or B)",
      "Value": "12813"
    }
  ],
  "CoFo": [
    {
      "Disabled": false,
      "Group": null,
      "Selected": false,
      "Text": "Select Option",
      "Value": ""
    },
    {
      "Disabled": false,
      "Group": null,
      "Selected": false,
      "Text": "Recreate New Automated Order",
      "Value": "5"
    },
    {
      "Disabled": false,
      "Group": null,
      "Selected": false,
      "Text": "Recreate Order for Remail",
      "Value": "6"
    },
    {
      "Disabled": false,
      "Group": null,
      "Selected": false,
      "Text": "Amend Type Action 14 to 13",
      "Value": "7"
    },
    {
      "Disabled": false,
      "Group": null,
      "Selected": false,
      "Text": "To Remail an APS action to another address (Not the Latest)",
      "Value": "8"
    },
    {
      "Disabled": false,
      "Group": null,
      "Selected": false,
      "Text": "Amended Order (Susp/Rev/Ref/Canc/Restr/Prob)",
      "Value": "A"
    },
    {
      "Disabled": false,
      "Group": null,
      "Selected": false,
      "Text": "Cor Order (Susp/Rev/Ref/Canc/Restr/Prob)",
      "Value": "B"
    },
    {
      "Disabled": false,
      "Group": null,
      "Selected": false,
      "Text": "File Only NBA (No Better Address) or Deceased",
      "Value": "C"
    },
    {
      "Disabled": false,
      "Group": null,
      "Selected": false,
      "Text": "File Only-Amended Order (Susp/Rev/Ref/Canc/Restr/Prob)",
      "Value": "D"
    },
    {
      "Disabled": false,
      "Group": null,
      "Selected": false,
      "Text": "File Only-Cor Order (Susp/Rev/Ref/Canc/Restr/Prob)",
      "Value": "E"
    },
    {
      "Disabled": false,
      "Group": null,
      "Selected": false,
      "Text": "Amended Order (Reinstatement)",
      "Value": "F"
    },
    {
      "Disabled": false,
      "Group": null,
      "Selected": false,
      "Text": "Amended Order (Term/Set Aside)",
      "Value": "L"
    },
    {
      "Disabled": false,
      "Group": null,
      "Selected": false,
      "Text": "File Only-Subj Deceased",
      "Value": "M"
    },
    {
      "Disabled": false,
      "Group": null,
      "Selected": false,
      "Text": "Cor Order (Term/Set Aside)",
      "Value": "R"
    },
    {
      "Disabled": false,
      "Group": null,
      "Selected": false,
      "Text": "Cor Order (Reinstatement)",
      "Value": "U"
    }
  ]
}