{
  "loginId": "string",
  "netName": "string",
  "requestorCode": "string",
  "operator": "string",
  "dlNumber": "string",
  "threeCharacterLastName": "string",
  "birthDate": "string",
  "typeAction": "string",
  "reason": "string",
  "authoritySection1": "string",
  "authoritySection2": "string",
  "originalHearingDate": "string",
  "effectiveDate": "string",
  "actionTermDate": "string",
  "mailDate": "string",
  "routeCode": "string",
  "pmOption": true,
  "pmCode": "string",
  "restrictionsOptions": "string",
  "restriction1": "string",
  "restriction2": "string",
  "restriction3": "string",
  "licenseLocation": "string",
  "countyCode": "string",
  "origAuthoritySection": "string",
  "origEffectiveDate": "string",
  "coFo": "string",
  "dupResponse": "string",
  "nextDLNumber": "string",
  "error": true
}