{
  "RequestorCode": "86301",
  "Operator": "MPG",
  "NetName": "#ADMV6LI",
  "LoginId": "MWMPG4  ",
  "DLNumber": null,
  "ThreeCharacterName": null,
  "Location": "SAC",
  "HearingType": [
    {
      "Disabled": false,
      "Group": null,
      "Selected": false,
      "Text": "Select Option",
      "Value": ""
    },
    {
      "Disabled": false,
      "Group": null,
      "Selected": false,
      "Text": "Telephone Interview",
      "Value": "0"
    },
    {
      "Disabled": false,
      "Group": null,
      "Selected": false,
      "Text": "Departmental Review",
      "Value": "1"
    },
    {
      "Disabled": false,
      "Group": null,
      "Selected": false,
      "Text": "Interview",
      "Value": "2"
    },
    {
      "Disabled": false,
      "Group": null,
      "Selected": false,
      "Text": "Reexamination",
      "Value": "3"
    },
    {
      "Disabled": false,
      "Group": null,
      "Selected": false,
      "Text": "Hearing",
      "Value": "4"
    },
    {
      "Disabled": false,
      "Group": null,
      "Selected": false,
      "Text": "Priority Reexamination",
      "Value": "6"
    },
    {
      "Disabled": false,
      "Group": null,
      "Selected": false,
      "Text": "Telephone Hearing",
      "Value": "7"
    },
    {
      "Disabled": false,
      "Group": null,
      "Selected": false,
      "Text": "Telephone Reexamination",
      "Value": "8"
    },
    {
      "Disabled": false,
      "Group": null,
      "Selected": false,
      "Text": "Driver Safety Driver Investigation",
      "Value": "9"
    }
  ],
  "HearingLocations": [
    {
      "Disabled": false,
      "Group": null,
      "Selected": false,
      "Text": "Select Option",
      "Value": ""
    },
    {
      "Disabled": false,
      "Group": null,
      "Selected": false,
      "Text": "test",
      "Value": "aaa"
    },
    {
      "Disabled": false,
      "Group": null,
      "Selected": false,
      "Text": "AAABBBCCC",
      "Value": "ABC"
    },
    {
      "Disabled": false,
      "Group": null,
      "Selected": false,
      "Text": "Driver Safety Actions Unit",
      "Value": "ACT"
    },
    {
      "Disabled": false,
      "Group": null,
      "Selected": false,
      "Text": "Alturas",
      "Value": "ALT"
    },
    {
      "Disabled": false,
      "Group": null,
      "Selected": false,
      "Text": "Driver Safety Appeals Unit",
      "Value": "APL"
    },
    {
      "Disabled": false,
      "Group": null,
      "Selected": false,
      "Text": "Abstract Processing Unit",
      "Value": "APU"
    },
    {
      "Disabled": false,
      "Group": null,
      "Selected": false,
      "Text": "Auburn",
      "Value": "AUB"
    },
    {
      "Disabled": false,
      "Group": null,
      "Selected": false,
      "Text": "Bakersfield",
      "Value": "BAK"
    },
    {
      "Disabled": false,
      "Group": null,
      "Selected": false,
      "Text": "Bakersfield",
      "Value": "BAK"
    },
    {
      "Disabled": false,
      "Group": null,
      "Selected": false,
      "Text": "Bishop",
      "Value": "BSH"
    },
    {
      "Disabled": false,
      "Group": null,
      "Selected": false,
      "Text": "Campbell",
      "Value": "CAM"
    },
    {
      "Disabled": false,
      "Group": null,
      "Selected": false,
      "Text": "Capitola",
      "Value": "CAP"
    },
    {
      "Disabled": false,
      "Group": null,
      "Selected": false,
      "Text": "City of Commerce",
      "Value": "CCM"
    },
    {
      "Disabled": false,
      "Group": null,
      "Selected": false,
      "Text": "Driver Safety Chiefs Office",
      "Value": "CHF"
    },
    {
      "Disabled": false,
      "Group": null,
      "Selected": false,
      "Text": "Chico",
      "Value": "CHI"
    },
    {
      "Disabled": false,
      "Group": null,
      "Selected": false,
      "Text": "Concord",
      "Value": "CNC"
    },
    {
      "Disabled": false,
      "Group": null,
      "Selected": false,
      "Text": "Colusa",
      "Value": "COL"
    },
    {
      "Disabled": false,
      "Group": null,
      "Selected": false,
      "Text": "Compton",
      "Value": "COM"
    },
    {
      "Disabled": false,
      "Group": null,
      "Selected": false,
      "Text": "Covina",
      "Value": "COV"
    },
    {
      "Disabled": false,
      "Group": null,
      "Selected": false,
      "Text": "Region III",
      "Value": "CRG"
    },
    {
      "Disabled": false,
      "Group": null,
      "Selected": false,
      "Text": "Crescent City",
      "Value": "CSC"
    },
    {
      "Disabled": false,
      "Group": null,
      "Selected": false,
      "Text": "Corte Madera",
      "Value": "CTM"
    },
    {
      "Disabled": false,
      "Group": null,
      "Selected": false,
      "Text": "Davis",
      "Value": "DAV"
    },
    {
      "Disabled": false,
      "Group": null,
      "Selected": false,
      "Text": "LOD Office of Deputy Director",
      "Value": "DDD"
    },
    {
      "Disabled": false,
      "Group": null,
      "Selected": false,
      "Text": "Driver Safety Autom Development",
      "Value": "DSA"
    },
    {
      "Disabled": false,
      "Group": null,
      "Selected": false,
      "Text": "Headquarters Operations",
      "Value": "DSH"
    },
    {
      "Disabled": false,
      "Group": null,
      "Selected": false,
      "Text": "Driver Safety Training & Procedures",
      "Value": "DSP"
    },
    {
      "Disabled": false,
      "Group": null,
      "Selected": false,
      "Text": "Driver Safety Services Unit",
      "Value": "DSS"
    },
    {
      "Disabled": false,
      "Group": null,
      "Selected": false,
      "Text": "Daly City",
      "Value": "DYC"
    },
    {
      "Disabled": false,
      "Group": null,
      "Selected": false,
      "Text": "El Cajon",
      "Value": "ECA"
    },
    {
      "Disabled": false,
      "Group": null,
      "Selected": false,
      "Text": "El Cerrito",
      "Value": "ECR"
    },
    {
      "Disabled": false,
      "Group": null,
      "Selected": false,
      "Text": "El Centro",
      "Value": "ELC"
    },
    {
      "Disabled": false,
      "Group": null,
      "Selected": false,
      "Text": "Eureka",
      "Value": "ERK"
    },
    {
      "Disabled": false,
      "Group": null,
      "Selected": false,
      "Text": "El Segundo",
      "Value": "ESG"
    },
    {
      "Disabled": false,
      "Group": null,
      "Selected": false,
      "Text": "test11",
      "Value": "FFF"
    },
    {
      "Disabled": false,
      "Group": null,
      "Selected": false,
      "Text": "Folsom",
      "Value": "FOM"
    },
    {
      "Disabled": false,
      "Group": null,
      "Selected": false,
      "Text": "Fremont",
      "Value": "FRE"
    },
    {
      "Disabled": false,
      "Group": null,
      "Selected": false,
      "Text": "Fairfield",
      "Value": "FRF"
    },
    {
      "Disabled": false,
      "Group": null,
      "Selected": false,
      "Text": "Fall River Mills",
      "Value": "FRM"
    },
    {
      "Disabled": false,
      "Group": null,
      "Selected": false,
      "Text": "Fresno",
      "Value": "FSO"
    },
    {
      "Disabled": false,
      "Group": null,
      "Selected": false,
      "Text": "Fort Bragg",
      "Value": "FTB"
    },
    {
      "Disabled": false,
      "Group": null,
      "Selected": false,
      "Text": "Gilroy",
      "Value": "GIL"
    },
    {
      "Disabled": false,
      "Group": null,
      "Selected": false,
      "Text": "Goleta",
      "Value": "GOL"
    },
    {
      "Disabled": false,
      "Group": null,
      "Selected": false,
      "Text": "Grass Valley",
      "Value": "GRV"
    },
    {
      "Disabled": false,
      "Group": null,
      "Selected": false,
      "Text": "Hemet",
      "Value": "HEM"
    },
    {
      "Disabled": false,
      "Group": null,
      "Selected": false,
      "Text": "Hollister",
      "Value": "HOL"
    },
    {
      "Disabled": false,
      "Group": null,
      "Selected": false,
      "Text": "Hayward",
      "Value": "HWD"
    },
    {
      "Disabled": false,
      "Group": null,
      "Selected": false,
      "Text": "Inglewood",
      "Value": "ING"
    },
    {
      "Disabled": false,
      "Group": null,
      "Selected": false,
      "Text": "Inland Region",
      "Value": "IRG"
    },
    {
      "Disabled": false,
      "Group": null,
      "Selected": false,
      "Text": "Irvine",
      "Value": "IRV"
    },
    {
      "Disabled": false,
      "Group": null,
      "Selected": false,
      "Text": "Jackson",
      "Value": "JCK"
    },
    {
      "Disabled": false,
      "Group": null,
      "Selected": false,
      "Text": "King City",
      "Value": "KGC"
    },
    {
      "Disabled": false,
      "Group": null,
      "Selected": false,
      "Text": "Lancaster",
      "Value": "LAN"
    },
    {
      "Disabled": false,
      "Group": null,
      "Selected": false,
      "Text": "Long Beach",
      "Value": "LGB"
    },
    {
      "Disabled": false,
      "Group": null,
      "Selected": false,
      "Text": "Driver Safety Litigation Unit",
      "Value": "LIT"
    },
    {
      "Disabled": false,
      "Group": null,
      "Selected": false,
      "Text": "Lakeport",
      "Value": "LKP"
    },
    {
      "Disabled": false,
      "Group": null,
      "Selected": false,
      "Text": "Lompoc",
      "Value": "LOM"
    },
    {
      "Disabled": false,
      "Group": null,
      "Selected": false,
      "Text": "Los Angeles",
      "Value": "LSA"
    },
    {
      "Disabled": false,
      "Group": null,
      "Selected": false,
      "Text": "DS Mandatory Actions Unit",
      "Value": "MAU"
    },
    {
      "Disabled": false,
      "Group": null,
      "Selected": false,
      "Text": "Modesto",
      "Value": "MOD"
    },
    {
      "Disabled": false,
      "Group": null,
      "Selected": false,
      "Text": "Mount Shasta",
      "Value": "MTS"
    },
    {
      "Disabled": false,
      "Group": null,
      "Selected": false,
      "Text": "Mountain Dew",
      "Value": "MVW"
    },
    {
      "Disabled": false,
      "Group": null,
      "Selected": false,
      "Text": "North Hollywood",
      "Value": "NHY"
    },
    {
      "Disabled": false,
      "Group": null,
      "Selected": false,
      "Text": "Novato",
      "Value": "NOV"
    },
    {
      "Disabled": false,
      "Group": null,
      "Selected": false,
      "Text": "Napa",
      "Value": "NPA"
    },
    {
      "Disabled": false,
      "Group": null,
      "Selected": false,
      "Text": "Region I",
      "Value": "NRG"
    },
    {
      "Disabled": false,
      "Group": null,
      "Selected": false,
      "Text": "Oakland",
      "Value": "OAK"
    },
    {
      "Disabled": false,
      "Group": null,
      "Selected": false,
      "Text": "Oceanside",
      "Value": "OCN"
    },
    {
      "Disabled": false,
      "Group": null,
      "Selected": false,
      "Text": "Oroville",
      "Value": "ORO"
    },
    {
      "Disabled": false,
      "Group": null,
      "Selected": false,
      "Text": "Oxnard",
      "Value": "OXN"
    },
    {
      "Disabled": false,
      "Group": null,
      "Selected": false,
      "Text": "Region II",
      "Value": "OXN"
    },
    {
      "Disabled": false,
      "Group": null,
      "Selected": false,
      "Text": "Paradise",
      "Value": "PAR"
    },
    {
      "Disabled": false,
      "Group": null,
      "Selected": false,
      "Text": "Petaluma",
      "Value": "PET"
    },
    {
      "Disabled": false,
      "Group": null,
      "Selected": false,
      "Text": "Pittsburg",
      "Value": "PIT"
    },
    {
      "Disabled": false,
      "Group": null,
      "Selected": false,
      "Text": "Placerville",
      "Value": "PLC"
    },
    {
      "Disabled": false,
      "Group": null,
      "Selected": false,
      "Text": "Pleasanton",
      "Value": "PLE"
    },
    {
      "Disabled": false,
      "Group": null,
      "Selected": false,
      "Text": "Palm Springs",
      "Value": "PLS"
    },
    {
      "Disabled": false,
      "Group": null,
      "Selected": false,
      "Text": "Pomona",
      "Value": "POM"
    },
    {
      "Disabled": false,
      "Group": null,
      "Selected": false,
      "Text": "Poway",
      "Value": "POW"
    },
    {
      "Disabled": false,
      "Group": null,
      "Selected": false,
      "Text": "Paso Robles",
      "Value": "PRO"
    },
    {
      "Disabled": false,
      "Group": null,
      "Selected": false,
      "Text": "QuincyDog",
      "Value": "QCY"
    },
    {
      "Disabled": false,
      "Group": null,
      "Selected": false,
      "Text": "Redwood City",
      "Value": "RCY"
    },
    {
      "Disabled": false,
      "Group": null,
      "Selected": false,
      "Text": "Red Bluff",
      "Value": "RDB"
    },
    {
      "Disabled": false,
      "Group": null,
      "Selected": false,
      "Text": "Redding",
      "Value": "RDG"
    },
    {
      "Disabled": false,
      "Group": null,
      "Selected": false,
      "Text": "Redding",
      "Value": "RDG"
    },
    {
      "Disabled": false,
      "Group": null,
      "Selected": false,
      "Text": "Ridgecrest",
      "Value": "RID"
    },
    {
      "Disabled": false,
      "Group": null,
      "Selected": false,
      "Text": "Rocklin",
      "Value": "ROC"
    },
    {
      "Disabled": false,
      "Group": null,
      "Selected": false,
      "Text": "Sacramento",
      "Value": "SAC"
    },
    {
      "Disabled": false,
      "Group": null,
      "Selected": false,
      "Text": "Salinas",
      "Value": "SAL"
    },
    {
      "Disabled": false,
      "Group": null,
      "Selected": false,
      "Text": "San Diego - Clairemont",
      "Value": "SDC"
    },
    {
      "Disabled": false,
      "Group": null,
      "Selected": false,
      "Text": "Senior Driver Ombudsman",
      "Value": "SDO"
    },
    {
      "Disabled": false,
      "Group": null,
      "Selected": false,
      "Text": "Seaside",
      "Value": "SEA"
    },
    {
      "Disabled": false,
      "Group": null,
      "Selected": false,
      "Text": "Simi Valley",
      "Value": "SIV"
    },
    {
      "Disabled": false,
      "Group": null,
      "Selected": false,
      "Text": "Stockton",
      "Value": "SKN"
    },
    {
      "Disabled": false,
      "Group": null,
      "Selected": false,
      "Text": "Stockton",
      "Value": "SKN"
    },
    {
      "Disabled": false,
      "Group": null,
      "Selected": false,
      "Text": "San Luis Obispo",
      "Value": "SLO"
    },
    {
      "Disabled": false,
      "Group": null,
      "Selected": false,
      "Text": "South Lake Tahoe",
      "Value": "SLT"
    },
    {
      "Disabled": false,
      "Group": null,
      "Selected": false,
      "Text": "San Andreas",
      "Value": "SNA"
    },
    {
      "Disabled": false,
      "Group": null,
      "Selected": false,
      "Text": "San Bernardino",
      "Value": "SNB"
    },
    {
      "Disabled": false,
      "Group": null,
      "Selected": false,
      "Text": "San Diego",
      "Value": "SND"
    },
    {
      "Disabled": false,
      "Group": null,
      "Selected": false,
      "Text": "San Francisco",
      "Value": "SNF"
    },
    {
      "Disabled": false,
      "Group": null,
      "Selected": false,
      "Text": "San Jose",
      "Value": "SNJ"
    },
    {
      "Disabled": false,
      "Group": null,
      "Selected": false,
      "Text": "San Mateo",
      "Value": "SNM"
    },
    {
      "Disabled": false,
      "Group": null,
      "Selected": false,
      "Text": "Sonora",
      "Value": "SNR"
    },
    {
      "Disabled": false,
      "Group": null,
      "Selected": false,
      "Text": "San Ysidro",
      "Value": "SNY"
    },
    {
      "Disabled": false,
      "Group": null,
      "Selected": false,
      "Text": "Test Office",
      "Value": "so"
    },
    {
      "Disabled": false,
      "Group": null,
      "Selected": false,
      "Text": "Region IV",
      "Value": "SRG"
    },
    {
      "Disabled": false,
      "Group": null,
      "Selected": false,
      "Text": "Santa Barbara",
      "Value": "STB"
    },
    {
      "Disabled": false,
      "Group": null,
      "Selected": false,
      "Text": "Santa Clara",
      "Value": "STC"
    },
    {
      "Disabled": false,
      "Group": null,
      "Selected": false,
      "Text": "Santa Maria",
      "Value": "STM"
    },
    {
      "Disabled": false,
      "Group": null,
      "Selected": false,
      "Text": "Santa Rosa",
      "Value": "STR"
    },
    {
      "Disabled": false,
      "Group": null,
      "Selected": false,
      "Text": "Santa Teresa",
      "Value": "STT"
    },
    {
      "Disabled": false,
      "Group": null,
      "Selected": false,
      "Text": "Susanville",
      "Value": "SUS"
    },
    {
      "Disabled": false,
      "Group": null,
      "Selected": false,
      "Text": "Bakersfield Southwest",
      "Value": "SWB"
    },
    {
      "Disabled": false,
      "Group": null,
      "Selected": false,
      "Text": "Truckee",
      "Value": "TRK"
    },
    {
      "Disabled": false,
      "Group": null,
      "Selected": false,
      "Text": "Technical Services Section",
      "Value": "TSS"
    },
    {
      "Disabled": false,
      "Group": null,
      "Selected": false,
      "Text": "Ukiah",
      "Value": "UKI"
    },
    {
      "Disabled": false,
      "Group": null,
      "Selected": false,
      "Text": "Ventura",
      "Value": "VEN"
    },
    {
      "Disabled": false,
      "Group": null,
      "Selected": false,
      "Text": "Vallejo",
      "Value": "VLO"
    },
    {
      "Disabled": false,
      "Group": null,
      "Selected": false,
      "Text": "State Building - Van Nuys",
      "Value": "VNY"
    },
    {
      "Disabled": false,
      "Group": null,
      "Selected": false,
      "Text": "Van Nuys",
      "Value": "VNY"
    },
    {
      "Disabled": false,
      "Group": null,
      "Selected": false,
      "Text": "Visalia",
      "Value": "VSL"
    },
    {
      "Disabled": false,
      "Group": null,
      "Selected": false,
      "Text": "Walnut Creek",
      "Value": "WCR"
    },
    {
      "Disabled": false,
      "Group": null,
      "Selected": false,
      "Text": "Woodland",
      "Value": "WDL"
    },
    {
      "Disabled": false,
      "Group": null,
      "Selected": false,
      "Text": "Whittier",
      "Value": "WHT"
    },
    {
      "Disabled": false,
      "Group": null,
      "Selected": false,
      "Text": "Willows",
      "Value": "WLW"
    },
    {
      "Disabled": false,
      "Group": null,
      "Selected": false,
      "Text": "West Covina",
      "Value": "WSC"
    },
    {
      "Disabled": false,
      "Group": null,
      "Selected": false,
      "Text": "Watsonville",
      "Value": "WTS"
    },
    {
      "Disabled": false,
      "Group": null,
      "Selected": false,
      "Text": "Yuba City",
      "Value": "YCY"
    },
    {
      "Disabled": false,
      "Group": null,
      "Selected": false,
      "Text": "Yreka",
      "Value": "YKA"
    }
  ],
  "HearingReasons": [
    {
      "Disabled": false,
      "Group": null,
      "Selected": false,
      "Text": "Select Option",
      "Value": ""
    },
    {
      "Disabled": false,
      "Group": null,
      "Selected": false,
      "Text": "License Cancellation",
      "Value": "000"
    },
    {
      "Disabled": false,
      "Group": null,
      "Selected": false,
      "Text": "PL Warn Lttr",
      "Value": "004"
    },
    {
      "Disabled": false,
      "Group": null,
      "Selected": false,
      "Text": "Alcohol",
      "Value": "100"
    },
    {
      "Disabled": false,
      "Group": null,
      "Selected": false,
      "Text": "Alcohol/Negligent Operator",
      "Value": "101"
    },
    {
      "Disabled": false,
      "Group": null,
      "Selected": false,
      "Text": "Alcohol/Drug Addition (Not Methadone)",
      "Value": "103"
    },
    {
      "Disabled": false,
      "Group": null,
      "Selected": false,
      "Text": "Alc/Drug Add or Hab use (Meth. Main",
      "Value": "104"
    },
    {
      "Disabled": false,
      "Group": null,
      "Selected": false,
      "Text": "Alcohol/Refusal of CL A or B Licens",
      "Value": "114"
    },
    {
      "Disabled": false,
      "Group": null,
      "Selected": false,
      "Text": "Alcohol/Mandatory Action Interview",
      "Value": "115"
    },
    {
      "Disabled": false,
      "Group": null,
      "Selected": false,
      "Text": "Mental Condition",
      "Value": "120"
    },
    {
      "Disabled": false,
      "Group": null,
      "Selected": false,
      "Text": "Mental/Negligent Operator",
      "Value": "121"
    },
    {
      "Disabled": false,
      "Group": null,
      "Selected": false,
      "Text": "Mental/Alcohol",
      "Value": "122"
    },
    {
      "Disabled": false,
      "Group": null,
      "Selected": false,
      "Text": "Mental Condition/Physical Condition",
      "Value": "123"
    },
    {
      "Disabled": false,
      "Group": null,
      "Selected": false,
      "Text": "Mental/Refusal of Cl A or B License",
      "Value": "130"
    },
    {
      "Disabled": false,
      "Group": null,
      "Selected": false,
      "Text": "Mental Condition/Alzheimer's Disease",
      "Value": "134"
    },
    {
      "Disabled": false,
      "Group": null,
      "Selected": false,
      "Text": "Mental Condition/Dementia",
      "Value": "139"
    },
    {
      "Disabled": false,
      "Group": null,
      "Selected": false,
      "Text": "Physical",
      "Value": "140"
    },
    {
      "Disabled": false,
      "Group": null,
      "Selected": false,
      "Text": "Physical/Negligent Operator",
      "Value": "141"
    },
    {
      "Disabled": false,
      "Group": null,
      "Selected": false,
      "Text": "Physical/Alcohol",
      "Value": "142"
    },
    {
      "Disabled": false,
      "Group": null,
      "Selected": false,
      "Text": "Physical/Refusal of Cl A or B License",
      "Value": "149"
    },
    {
      "Disabled": false,
      "Group": null,
      "Selected": false,
      "Text": "Physical/Cardiovasculal Disease",
      "Value": "153"
    },
    {
      "Disabled": false,
      "Group": null,
      "Selected": false,
      "Text": "Physical/Diabetes Mellitus",
      "Value": "154"
    },
    {
      "Disabled": false,
      "Group": null,
      "Selected": false,
      "Text": "Physical/Hearing Disorders/Deficiencies",
      "Value": "155"
    },
    {
      "Disabled": false,
      "Group": null,
      "Selected": false,
      "Text": "Physical/Musculoskeletal Disorders",
      "Value": "156"
    },
    {
      "Disabled": false,
      "Group": null,
      "Selected": false,
      "Text": "Physical/Neurological Disorders",
      "Value": "157"
    },
    {
      "Disabled": false,
      "Group": null,
      "Selected": false,
      "Text": "Physical/Pulmonary Disorders",
      "Value": "158"
    },
    {
      "Disabled": false,
      "Group": null,
      "Selected": false,
      "Text": "Physical Condition/Vision",
      "Value": "159"
    },
    {
      "Disabled": false,
      "Group": null,
      "Selected": false,
      "Text": "Lapse of Consciousness",
      "Value": "160"
    },
    {
      "Disabled": false,
      "Group": null,
      "Selected": false,
      "Text": "Lapse of Cons/Negligent Operator",
      "Value": "161"
    },
    {
      "Disabled": false,
      "Group": null,
      "Selected": false,
      "Text": "Lapse of Cons/Alcohol",
      "Value": "162"
    },
    {
      "Disabled": false,
      "Group": null,
      "Selected": false,
      "Text": "Lapse of Cons/Drug Addition (Methadone)",
      "Value": "167"
    },
    {
      "Disabled": false,
      "Group": null,
      "Selected": false,
      "Text": "Lapse of Cons/Ref of Cl A or B License",
      "Value": "169"
    },
    {
      "Disabled": false,
      "Group": null,
      "Selected": false,
      "Text": "Drug Addition (Not Methadone)",
      "Value": "203"
    },
    {
      "Disabled": false,
      "Group": null,
      "Selected": false,
      "Text": "Drug Addition (Methadone)",
      "Value": "204"
    },
    {
      "Disabled": false,
      "Group": null,
      "Selected": false,
      "Text": "Drug Addition/Neg Operator (Not Meth)",
      "Value": "216"
    },
    {
      "Disabled": false,
      "Group": null,
      "Selected": false,
      "Text": "Drug/Refusal of Cl A or B Lic (Not Meth)",
      "Value": "220"
    },
    {
      "Disabled": false,
      "Group": null,
      "Selected": false,
      "Text": "Drug Addition/Negligent Op (Methadone)",
      "Value": "222"
    },
    {
      "Disabled": false,
      "Group": null,
      "Selected": false,
      "Text": "Drug/Refusal of Cl A or B Lic (Meth)",
      "Value": "225"
    },
    {
      "Disabled": false,
      "Group": null,
      "Selected": false,
      "Text": "299",
      "Value": "240"
    },
    {
      "Disabled": false,
      "Group": null,
      "Selected": false,
      "Text": "Lack of Skill",
      "Value": "241"
    },
    {
      "Disabled": false,
      "Group": null,
      "Selected": false,
      "Text": "Lask of Knowledge/Skill",
      "Value": "242"
    },
    {
      "Disabled": false,
      "Group": null,
      "Selected": false,
      "Text": "Negligent Operator (Not 311,312,316,317)",
      "Value": "309"
    },
    {
      "Disabled": false,
      "Group": null,
      "Selected": false,
      "Text": "Negligent Oper/Viol Traf Laws NOTS III",
      "Value": "311"
    },
    {
      "Disabled": false,
      "Group": null,
      "Selected": false,
      "Text": "Negligent Oper/Viol Traf Laws & Fatal",
      "Value": "312"
    },
    {
      "Disabled": false,
      "Group": null,
      "Selected": false,
      "Text": "Negligent Operator/Serious Injury",
      "Value": "324"
    },
    {
      "Disabled": false,
      "Group": null,
      "Selected": false,
      "Text": "Provisional Neg Operator/2 points",
      "Value": "370"
    },
    {
      "Disabled": false,
      "Group": null,
      "Selected": false,
      "Text": "Provisional Neg Operator/3+ points",
      "Value": "371"
    },
    {
      "Disabled": false,
      "Group": null,
      "Selected": false,
      "Text": "Fraudulent Application",
      "Value": "400"
    },
    {
      "Disabled": false,
      "Group": null,
      "Selected": false,
      "Text": "Unlawful Use of Lic-not issued to subj",
      "Value": "401"
    },
    {
      "Disabled": false,
      "Group": null,
      "Selected": false,
      "Text": "Unlawful Use of Lic-License Altered",
      "Value": "402"
    },
    {
      "Disabled": false,
      "Group": null,
      "Selected": false,
      "Text": "Unlawful Use of Lic-tests by another",
      "Value": "403"
    },
    {
      "Disabled": false,
      "Group": null,
      "Selected": false,
      "Text": "Unlawful Use of Lic-Fictitious,Fraud,Alt",
      "Value": "404"
    },
    {
      "Disabled": false,
      "Group": null,
      "Selected": false,
      "Text": "Fraudulent Application/False Name",
      "Value": "405"
    },
    {
      "Disabled": false,
      "Group": null,
      "Selected": false,
      "Text": "Fraudulent App/Tests taken by another",
      "Value": "407"
    },
    {
      "Disabled": false,
      "Group": null,
      "Selected": false,
      "Text": "Fraudulent App/Filed by other than subj",
      "Value": "409"
    },
    {
      "Disabled": false,
      "Group": null,
      "Selected": false,
      "Text": "Fraudulent App/False custody statement",
      "Value": "411"
    },
    {
      "Disabled": false,
      "Group": null,
      "Selected": false,
      "Text": "Fraudulent App/False Application",
      "Value": "413"
    },
    {
      "Disabled": false,
      "Group": null,
      "Selected": false,
      "Text": "Fraudulent App/Under Suspension",
      "Value": "415"
    },
    {
      "Disabled": false,
      "Group": null,
      "Selected": false,
      "Text": "Fraudulent App-False Name/Under Susp",
      "Value": "420"
    },
    {
      "Disabled": false,
      "Group": null,
      "Selected": false,
      "Text": "Fraudulent App-False Name/Date of Birth",
      "Value": "421"
    },
    {
      "Disabled": false,
      "Group": null,
      "Selected": false,
      "Text": "Fraud Doc-False doc submitted",
      "Value": "432"
    },
    {
      "Disabled": false,
      "Group": null,
      "Selected": false,
      "Text": "Fraud Legal Presence Document",
      "Value": "433"
    },
    {
      "Disabled": false,
      "Group": null,
      "Selected": false,
      "Text": "Violation of N.O. Probation",
      "Value": "450"
    },
    {
      "Disabled": false,
      "Group": null,
      "Selected": false,
      "Text": "2nd or subsequent violation of N.O. Prob",
      "Value": "451"
    },
    {
      "Disabled": false,
      "Group": null,
      "Selected": false,
      "Text": "Commercial Disq",
      "Value": "60A"
    },
    {
      "Disabled": false,
      "Group": null,
      "Selected": false,
      "Text": "Canc-Voluntary Surrender Letter",
      "Value": "640"
    },
    {
      "Disabled": false,
      "Group": null,
      "Selected": false,
      "Text": "1st Railroad crossing violation - coml",
      "Value": "657"
    },
    {
      "Disabled": false,
      "Group": null,
      "Selected": false,
      "Text": "2nd Railroad crossing violation-coml",
      "Value": "658"
    },
    {
      "Disabled": false,
      "Group": null,
      "Selected": false,
      "Text": "3rd Railroad crossing violation-coml",
      "Value": "659"
    },
    {
      "Disabled": false,
      "Group": null,
      "Selected": false,
      "Text": "Evading peace officer-coml",
      "Value": "660"
    },
    {
      "Disabled": false,
      "Group": null,
      "Selected": false,
      "Text": "Evading peace officer-hazmat",
      "Value": "661"
    },
    {
      "Disabled": false,
      "Group": null,
      "Selected": false,
      "Text": "2nd Evading peace officer-coml",
      "Value": "662"
    },
    {
      "Disabled": false,
      "Group": null,
      "Selected": false,
      "Text": "Out-of-service non-compliance",
      "Value": "663"
    },
    {
      "Disabled": false,
      "Group": null,
      "Selected": false,
      "Text": "Out-of-service non-compliance",
      "Value": "664"
    },
    {
      "Disabled": false,
      "Group": null,
      "Selected": false,
      "Text": "Out-of-service non-compliance",
      "Value": "665"
    },
    {
      "Disabled": false,
      "Group": null,
      "Selected": false,
      "Text": "DUI/DRUGS-coml",
      "Value": "667"
    },
    {
      "Disabled": false,
      "Group": null,
      "Selected": false,
      "Text": "Hit and run coml",
      "Value": "668"
    },
    {
      "Disabled": false,
      "Group": null,
      "Selected": false,
      "Text": "DUI/DRUGS hazardous materials",
      "Value": "670"
    },
    {
      "Disabled": false,
      "Group": null,
      "Selected": false,
      "Text": "Hit and run/hazardous materials",
      "Value": "671"
    },
    {
      "Disabled": false,
      "Group": null,
      "Selected": false,
      "Text": "Felony/hazardous materials",
      "Value": "672"
    },
    {
      "Disabled": false,
      "Group": null,
      "Selected": false,
      "Text": "2nd DUI/DRUGS coml",
      "Value": "673"
    },
    {
      "Disabled": false,
      "Group": null,
      "Selected": false,
      "Text": "2nd hit and run/coml",
      "Value": "674"
    },
    {
      "Disabled": false,
      "Group": null,
      "Selected": false,
      "Text": "2nd felony conviction/coml",
      "Value": "675"
    },
    {
      "Disabled": false,
      "Group": null,
      "Selected": false,
      "Text": "2nd DUI/Hit and run/evading/felony coml",
      "Value": "676"
    },
    {
      "Disabled": false,
      "Group": null,
      "Selected": false,
      "Text": "Health and safety felony conviction coml",
      "Value": "677"
    },
    {
      "Disabled": false,
      "Group": null,
      "Selected": false,
      "Text": "Serious traffic violation -coml 2 in 3 y",
      "Value": "678"
    },
    {
      "Disabled": false,
      "Group": null,
      "Selected": false,
      "Text": "Serious traffic violation-coml 3 in 3 ye",
      "Value": "679"
    },
    {
      "Disabled": false,
      "Group": null,
      "Selected": false,
      "Text": "Invalid CDL-coml",
      "Value": "681"
    },
    {
      "Disabled": false,
      "Group": null,
      "Selected": false,
      "Text": "Causing a  fatality-coml",
      "Value": "682"
    },
    {
      "Disabled": false,
      "Group": null,
      "Selected": false,
      "Text": "Invalid CDL-Hazmat",
      "Value": "684"
    },
    {
      "Disabled": false,
      "Group": null,
      "Selected": false,
      "Text": "Causing a fatality-Hazmat",
      "Value": "685"
    },
    {
      "Disabled": false,
      "Group": null,
      "Selected": false,
      "Text": "2nd Invalid CDL-coml",
      "Value": "686"
    },
    {
      "Disabled": false,
      "Group": null,
      "Selected": false,
      "Text": "2nd causing a fatality-coml",
      "Value": "687"
    },
    {
      "Disabled": false,
      "Group": null,
      "Selected": false,
      "Text": "Ref of Cl A/B (failed to meet phys)",
      "Value": "690"
    },
    {
      "Disabled": false,
      "Group": null,
      "Selected": false,
      "Text": "Demand hearing for disqualification",
      "Value": "699"
    },
    {
      "Disabled": false,
      "Group": null,
      "Selected": false,
      "Text": "Drunk driving or Drugs Commercial",
      "Value": "700"
    },
    {
      "Disabled": false,
      "Group": null,
      "Selected": false,
      "Text": "Hit and Run Commercial",
      "Value": "701"
    },
    {
      "Disabled": false,
      "Group": null,
      "Selected": false,
      "Text": "Drunk Driving or Drugs Hazardous Materia",
      "Value": "703"
    },
    {
      "Disabled": false,
      "Group": null,
      "Selected": false,
      "Text": "Hit ans Run/Hazardous Materials",
      "Value": "704"
    },
    {
      "Disabled": false,
      "Group": null,
      "Selected": false,
      "Text": "Felony Conviction/Hazardous Materials",
      "Value": "705"
    },
    {
      "Disabled": false,
      "Group": null,
      "Selected": false,
      "Text": "2nd Drunk Driving or Drugs/Commercial",
      "Value": "706"
    },
    {
      "Disabled": false,
      "Group": null,
      "Selected": false,
      "Text": "2nd Hit and Run/Commercial",
      "Value": "707"
    },
    {
      "Disabled": false,
      "Group": null,
      "Selected": false,
      "Text": "2nd Felony Conviction/Commercial",
      "Value": "708"
    },
    {
      "Disabled": false,
      "Group": null,
      "Selected": false,
      "Text": "2nd DUI/Hit Run/Evading/Felony/Fatality-",
      "Value": "709"
    },
    {
      "Disabled": false,
      "Group": null,
      "Selected": false,
      "Text": "Health and Safety Felony Conviction/Comm",
      "Value": "710"
    },
    {
      "Disabled": false,
      "Group": null,
      "Selected": false,
      "Text": "Serious Traffic Violation - 2 in 3 years",
      "Value": "711"
    },
    {
      "Disabled": false,
      "Group": null,
      "Selected": false,
      "Text": "Serious Traffic Violation - 3 in 3 years",
      "Value": "712"
    },
    {
      "Disabled": false,
      "Group": null,
      "Selected": false,
      "Text": "Evading a Peace Officer/Commercial",
      "Value": "713"
    },
    {
      "Disabled": false,
      "Group": null,
      "Selected": false,
      "Text": "Evading a Peace Officer/HazMat",
      "Value": "714"
    },
    {
      "Disabled": false,
      "Group": null,
      "Selected": false,
      "Text": "2nd Evading a Peace Officer/Commercial",
      "Value": "715"
    },
    {
      "Disabled": false,
      "Group": null,
      "Selected": false,
      "Text": "Failure to Comply with Out-of-Service Or",
      "Value": "716"
    },
    {
      "Disabled": false,
      "Group": null,
      "Selected": false,
      "Text": "Failure to Comply w/ Out/Svc or 2 in 10",
      "Value": "717"
    },
    {
      "Disabled": false,
      "Group": null,
      "Selected": false,
      "Text": "Failure to Comply w/ Out/Svc or 3 in 10",
      "Value": "718"
    },
    {
      "Disabled": false,
      "Group": null,
      "Selected": false,
      "Text": "Invalid CDL-Coml",
      "Value": "719"
    },
    {
      "Disabled": false,
      "Group": null,
      "Selected": false,
      "Text": "Causing a fatality-Coml",
      "Value": "720"
    },
    {
      "Disabled": false,
      "Group": null,
      "Selected": false,
      "Text": "Invalid CDL-HazMat",
      "Value": "721"
    },
    {
      "Disabled": false,
      "Group": null,
      "Selected": false,
      "Text": "Causing a fatality-HazMat",
      "Value": "722"
    },
    {
      "Disabled": false,
      "Group": null,
      "Selected": false,
      "Text": "2nd Invalid CDL-Coml",
      "Value": "723"
    },
    {
      "Disabled": false,
      "Group": null,
      "Selected": false,
      "Text": "2nd causing a fatality-Coml",
      "Value": "724"
    },
    {
      "Disabled": false,
      "Group": null,
      "Selected": false,
      "Text": "1st railroad crossing violation-commerci",
      "Value": "725"
    },
    {
      "Disabled": false,
      "Group": null,
      "Selected": false,
      "Text": "2nd railroad crossing violation-commerci",
      "Value": "726"
    },
    {
      "Disabled": false,
      "Group": null,
      "Selected": false,
      "Text": "3rd railroad crossing violation-commerci",
      "Value": "727"
    },
    {
      "Disabled": false,
      "Group": null,
      "Selected": false,
      "Text": "Alcohol/Disqualification of CDL",
      "Value": "820"
    },
    {
      "Disabled": false,
      "Group": null,
      "Selected": false,
      "Text": "Mental condition/Disqualification of CDL",
      "Value": "822"
    },
    {
      "Disabled": false,
      "Group": null,
      "Selected": false,
      "Text": "Physical condition/Disqualification of C",
      "Value": "823"
    },
    {
      "Disabled": false,
      "Group": null,
      "Selected": false,
      "Text": "Lapse of Cons/Disqualification of CDL",
      "Value": "824"
    },
    {
      "Disabled": false,
      "Group": null,
      "Selected": false,
      "Text": "Drug addiction or Habitual use Disqualif",
      "Value": "825"
    },
    {
      "Disabled": false,
      "Group": null,
      "Selected": false,
      "Text": "Disqualification of CDL/ Fail to meet ph",
      "Value": "826"
    },
    {
      "Disabled": false,
      "Group": null,
      "Selected": false,
      "Text": "Violation of Restriction-Junior Permit",
      "Value": "830"
    },
    {
      "Disabled": false,
      "Group": null,
      "Selected": false,
      "Text": "Violation of Restriction-Other than Ins.",
      "Value": "831"
    },
    {
      "Disabled": false,
      "Group": null,
      "Selected": false,
      "Text": "Admin Per Se/Refusal",
      "Value": "860"
    },
    {
      "Disabled": false,
      "Group": null,
      "Selected": false,
      "Text": "Admin Per Se/Excess BAC",
      "Value": "865"
    },
    {
      "Disabled": false,
      "Group": null,
      "Selected": false,
      "Text": "PAS Refusal",
      "Value": "866"
    },
    {
      "Disabled": false,
      "Group": null,
      "Selected": false,
      "Text": "0.01 Admin Per Se",
      "Value": "867"
    },
    {
      "Disabled": false,
      "Group": null,
      "Selected": false,
      "Text": "Admin Per Se Dismissal",
      "Value": "868"
    },
    {
      "Disabled": false,
      "Group": null,
      "Selected": false,
      "Text": "KHM-3434",
      "Value": "872"
    },
    {
      "Disabled": false,
      "Group": null,
      "Selected": false,
      "Text": "Demand Hrg/Tow Truck Driver",
      "Value": "873"
    },
    {
      "Disabled": false,
      "Group": null,
      "Selected": false,
      "Text": "Demand Hrg/Hazardous Materials Endr",
      "Value": "875"
    },
    {
      "Disabled": false,
      "Group": null,
      "Selected": false,
      "Text": "KHM-3434",
      "Value": "880"
    },
    {
      "Disabled": false,
      "Group": null,
      "Selected": false,
      "Text": "KHM-3434",
      "Value": "881"
    },
    {
      "Disabled": false,
      "Group": null,
      "Selected": false,
      "Text": "KHM-3434",
      "Value": "882"
    },
    {
      "Disabled": false,
      "Group": null,
      "Selected": false,
      "Text": "KHM-3434",
      "Value": "883"
    },
    {
      "Disabled": false,
      "Group": null,
      "Selected": false,
      "Text": "KHM-3434",
      "Value": "884"
    },
    {
      "Disabled": false,
      "Group": null,
      "Selected": false,
      "Text": "KHM-3434",
      "Value": "885"
    },
    {
      "Disabled": false,
      "Group": null,
      "Selected": false,
      "Text": "KHM-3434",
      "Value": "887"
    },
    {
      "Disabled": false,
      "Group": null,
      "Selected": false,
      "Text": "KHM-3434",
      "Value": "888"
    },
    {
      "Disabled": false,
      "Group": null,
      "Selected": false,
      "Text": "KHM-3434",
      "Value": "889"
    },
    {
      "Disabled": false,
      "Group": null,
      "Selected": false,
      "Text": "KXH-3364",
      "Value": "890"
    },
    {
      "Disabled": false,
      "Group": null,
      "Selected": false,
      "Text": "KHM-3434",
      "Value": "891"
    },
    {
      "Disabled": false,
      "Group": null,
      "Selected": false,
      "Text": "Demand Hrg/Ambulance",
      "Value": "892"
    },
    {
      "Disabled": false,
      "Group": null,
      "Selected": false,
      "Text": "Demand Hrg/Farm Labor",
      "Value": "893"
    },
    {
      "Disabled": false,
      "Group": null,
      "Selected": false,
      "Text": "KHM-3434",
      "Value": "894"
    },
    {
      "Disabled": false,
      "Group": null,
      "Selected": false,
      "Text": "Demand Hrg/School-Youth Bus,SPAB",
      "Value": "895"
    },
    {
      "Disabled": false,
      "Group": null,
      "Selected": false,
      "Text": "Demand Hrg/Radioactive Materials",
      "Value": "896"
    },
    {
      "Disabled": false,
      "Group": null,
      "Selected": false,
      "Text": "KHM-3434",
      "Value": "897"
    },
    {
      "Disabled": false,
      "Group": null,
      "Selected": false,
      "Text": "KHM-3434",
      "Value": "898"
    },
    {
      "Disabled": false,
      "Group": null,
      "Selected": false,
      "Text": "KHM-3434",
      "Value": "899"
    },
    {
      "Disabled": false,
      "Group": null,
      "Selected": false,
      "Text": "Demand FR Hearing",
      "Value": "950"
    },
    {
      "Disabled": false,
      "Group": null,
      "Selected": false,
      "Text": "955",
      "Value": "955"
    },
    {
      "Disabled": false,
      "Group": null,
      "Selected": false,
      "Text": "admin per se ????",
      "Value": "966"
    },
    {
      "Disabled": false,
      "Group": null,
      "Selected": false,
      "Text": "Acquittal",
      "Value": "ACQ"
    },
    {
      "Disabled": false,
      "Group": null,
      "Selected": false,
      "Text": "APS",
      "Value": "APS"
    },
    {
      "Disabled": false,
      "Group": null,
      "Selected": false,
      "Text": "Court Case - Tort",
      "Value": "CCT"
    },
    {
      "Disabled": false,
      "Group": null,
      "Selected": false,
      "Text": "Court Case - Writ",
      "Value": "CCW"
    },
    {
      "Disabled": false,
      "Group": null,
      "Selected": false,
      "Text": "Disqualification",
      "Value": "DIS"
    },
    {
      "Disabled": false,
      "Group": null,
      "Selected": false,
      "Text": "Disqualification Support Case",
      "Value": "DSC"
    },
    {
      "Disabled": false,
      "Group": null,
      "Selected": false,
      "Text": "PAS",
      "Value": "PAS"
    },
    {
      "Disabled": false,
      "Group": null,
      "Selected": false,
      "Text": "Quality Review",
      "Value": "QLR"
    },
    {
      "Disabled": false,
      "Group": null,
      "Selected": false,
      "Text": "Renewal By Mail",
      "Value": "RBM"
    },
    {
      "Disabled": false,
      "Group": null,
      "Selected": false,
      "Text": "Refund",
      "Value": "REF"
    },
    {
      "Disabled": false,
      "Group": null,
      "Selected": false,
      "Text": "Renewed Hearing Right",
      "Value": "REN"
    },
    {
      "Disabled": false,
      "Group": null,
      "Selected": false,
      "Text": "Stay",
      "Value": "STY"
    },
    {
      "Disabled": false,
      "Group": null,
      "Selected": false,
      "Text": "Subpoena - Appearance",
      "Value": "SUA"
    },
    {
      "Disabled": false,
      "Group": null,
      "Selected": false,
      "Text": "Subpoena - Record Only",
      "Value": "SUR"
    },
    {
      "Disabled": false,
      "Group": null,
      "Selected": false,
      "Text": "Tape Request",
      "Value": "TPR"
    },
    {
      "Disabled": false,
      "Group": null,
      "Selected": false,
      "Text": "Transcript Request",
      "Value": "TSR"
    }
  ],
  "OriginalHearingReason": null
}