{
  "loginId": "string",
  "netName": "string",
  "requestorCode": "string",
  "operator": "string",
  "dlNumber": "string",
  "threeCharacterLastName": "string",
  "hearingType": "string",
  "hearingDate": "string",
  "hearingLocation": "string",
  "hearingReason": "string",
  "hearingResult": "string",
  "typeAction": "string",
  "mailDate": "string",
  "fieldFile": "string",
  "modifiedHearingDate": "string",
  "duwResponse": "string",
  "nextDLNumber": "string",
  "error": true
}