{
  "loginId": "string",
  "netName": "string",
  "requestorCode": "string",
  "operator": "string",
  "dlNumber": "string",
  "threeCharacterLastName": "string",
  "hearingType": "string",
  "hearingDate": "string",
  "hearingLocation": "string",
  "hearingReason": "string",
  "hearingResult": "string",
  "modifiedHearingDate": "string",
  "authoritySection": "string",
  "effectiveDate": "string",
  "updateCopies": "string",
  "origAuthoritySection": "string",
  "origEffectiveDate": "string",
  "coFo": "string",
  "pmOption": true,
  "pmCode": "string",
  "restrictionsOptions": "string",
  "restriction1": "string",
  "restriction2": "string",
  "restriction3": "string",
  "insertParagraph": "string",
  "routeCode": "string",
  "countyCode": "string",
  "duxResponse": "string",
  "duwResponse": "string",
  "nextDLNumber": "string",
  "error": true
}