{
  "newsId": 0,
  "empId": 220,
  "authorName": "Michael Grahn",
  "priority": null,
  "priorityList": [
    {
      "disabled": false,
      "group": null,
      "selected": false,
      "text": "Normal",
      "value": "B"
    },
    {
      "disabled": false,
      "group": null,
      "selected": false,
      "text": "Urgent",
      "value": "A"
    },
    {
      "disabled": false,
      "group": null,
      "selected": false,
      "text": "Low",
      "value": "C"
    }
  ],
  "newsText": null,
  "createDate": "0001-01-01T00:00:00",
  "subject": null,
  "startDate": "2018-06-26T09:32:49.2707437-07:00",
  "endDate": "2018-06-26T09:32:49.2708673-07:00",
  "employeeType": "R",
  "allOffices": true,
  "officeGroup": null
}