{
    "Accidents": [{
        "Date": "07/23/2018",
        "City": "Sacramento",
        "CaseNumber": "SNF071830001"
      },
      {
        "Date": "07/23/2018",
        "City": "Sacramento",
        "CaseNumber": "SNF071830002"
      },
      {
        "Date": "07/23/2018",
        "City": "Sacramento",
        "CaseNumber": "SNF071830003"
      },
      {
        "Date": "07/23/2018",
        "City": "Sacramento",
        "CaseNumber": "SNF071830008"
      },
      {
        "Date": "07/23/2018",
        "City": "Sacramento",
        "CaseNumber": "SNF071830004"
      },
      {
        "Date": "07/23/2018",
        "City": "Sacramento",
        "CaseNumber": "SNF071830005"
      },
      {
        "Date": "07/23/2018",
        "City": "Sacramento",
        "CaseNumber": "SNF071830006"
      }]
}