{
  "DLNumber": "I8888102",
  "LastName": "Larson                             ",
  "BirthDate": "1968-12-28T00:00:00",
  "PhoneNumber": "",
  "OIPPersons": {
    "results": [],
    "ResultCount": 0
  },
  "OIPAgencies": {
    "results": [],
    "ResultCount": 0
  },
  "Contacts": {
    "results": [
      {
        "dt_cntct_strt_tim": "2013-02-21T13:15:00",
        "CD_HRNG_TYP": "4",
        "CD_RSN": "140",
        "CD_EMP_ID": "JNO",
        "CD_OFF_ABBR": "SAC",
        "NBR_ROOM": "08 ",
        "CD_REFR_SRCE_TYP": "ADC",
        "Comment": null,
        "CD_AUTH_ID": null
      }
    ],
    "ResultCount": 1
  },
  "Comments": {
    "results": [],
    "ResultCount": 0
  }
}