[
   {
    "newsId": 1,
    "empId": 220,
    "authorName": "Michael Grahn",
    "priority": "B",
    "subject": "Uber Self-Driving Cars",
    "newsText": "1. HEADLINE... Uber pulls self-driving cars from California roads\r\nAssociated Press  \r\nSAN FRANCISCO (AP) — Uber pulled its self-driving cars from California roads after state regulators moved to revoke their registrations, officials said Wednesday.\r\nThe move comes after a week of talks between the ride-sharing company and state regulators failed.\r\nHours after Uber launched the service in its hometown of San Francisco last Wednesday, the DMV threatened legal action if the company did not stop. The cars need the same special permit as the 20 other companies testing self-driving technology in California, regulators argued…..\r\n\r\n\r\n",
    "createDate": "2016-12-22T14:43:42.917",
    "startDate": "2017-01-05T00:00:00",
    "endDate": "2017-09-30T00:00:00",
    "allOffices": false,
    "emp": null,
    "officeNewsItem": []
  },
  {
    "newsId": 2,
    "empId": 220,
    "authorName": "Michael Grahn",
    "priority": "A",
    "subject": "Uber",
    "newsText": "2. HEADLINE...Uber Stops Self-Driving Car Tests After California DMV Revokes Registrations\r\nCBS Sacramento \r\nDecember 21, 2016 \r\nUber has suspended its self-driving car tests after the California Department of Motor Vehicles revoked the registration for the vehicles.\r\nThe DMV issued a statement on Wednesday afternoon saying registrations for 16 vehicles were revoked because they weren’t properly marked as test vehicles. The DMV said Uber can seek a permit that other companies have been granted to continue its testing….\r\n",
    "createDate": "2016-12-22T14:50:18.023",
    "startDate": "2016-12-01T00:00:00",
    "endDate": "2018-12-31T00:00:00",
    "allOffices": false,
    "emp": null,
    "officeNewsItem": []
  },
  {
    "newsId": 3,
    "empId": 220,
    "authorName": "Michael Grahn",
    "priority": "B",
    "subject": "Normal Subject updated",
    "newsText": "This is normal updated",
    "createDate": "2016-12-22T16:00:39.753",
    "startDate": "2016-12-01T00:00:00",
    "endDate": "2018-12-31T00:00:00",
    "allOffices": false,
    "emp": null,
    "officeNewsItem": []
  },
  {
    "newsId": 4,
    "empId": 220,
    "authorName": "Michael Grahn",
    "priority": "C",
    "subject": "Low Priority",
    "newsText": "This is low priority",
    "createDate": "2016-12-22T16:01:17.183",
    "startDate": "2016-12-01T00:00:00",
    "endDate": "2017-07-14T00:00:00",
    "allOffices": true,
    "emp": null,
    "officeNewsItem": []
  },
  {
    "newsId": 5,
    "empId": 220,
    "authorName": "Michael Grahn",
    "priority": "A",
    "subject": "High Priority",
    "newsText": "This is high priority",
    "createDate": "2016-12-22T16:06:12.437",
    "startDate": "2016-12-01T00:00:00",
    "endDate": "2018-12-31T00:00:00",
    "allOffices": false,
    "emp": null,
    "officeNewsItem": []
  },
  {
    "newsId": 7,
    "empId": 220,
    "authorName": "Michael Grahn",
    "priority": "B",
    "subject": "Apple ICar",
    "newsText": "American multinational technology  company Apple Inc. has not commented on any plans to make an electric car till date. Despite that, rumour is rife that an electric car with autonomous driving is getting readied by the California-based company.\r\nThe main reason why everyone is expecting an Apple iCar is because of the answer given by CEO Tim Cook, when asked about the Apple car during company's Q4, 2016 financial results. He neither confirmed or denied the existence and said: \"Apple always looks for ways that we can improve the experience and the customers' experience on different sets of products.\"..\r\n",
    "createDate": "2017-01-12T17:12:47.517",
    "startDate": "2017-01-12T00:00:00",
    "endDate": "2018-12-31T00:00:00",
    "allOffices": false,
    "emp": null,
    "officeNewsItem": []
  },
  {
    "newsId": 8,
    "empId": 220,
    "authorName": "Michael Grahn",
    "priority": "B",
    "subject": "ECM",
    "newsText": "Browsers need to be closed",
    "createDate": "2017-01-13T16:46:28.307",
    "startDate": "2017-01-13T00:00:00",
    "endDate": "2017-01-20T00:00:00",
    "allOffices": false,
    "emp": null,
    "officeNewsItem": []
  },
  {
    "newsId": 9,
    "empId": 220,
    "authorName": "Michael Grahn",
    "priority": "B",
    "subject": "testing for many to many",
    "newsText": "testing for many to many",
    "createDate": "2017-02-17T15:38:12.57",
    "startDate": "2017-02-17T00:00:00",
    "endDate": "2017-02-24T00:00:00",
    "allOffices": false,
    "emp": null,
    "officeNewsItem": []
  },
  {
    "newsId": 10,
    "empId": 220,
    "authorName": "Michael Grahn",
    "priority": "B",
    "subject": "many to many 2",
    "newsText": "testing",
    "createDate": "2017-02-17T15:44:04.097",
    "startDate": "2017-02-18T00:00:00",
    "endDate": "2017-03-03T00:00:00",
    "allOffices": false,
    "emp": null,
    "officeNewsItem": []
  },
  {
    "newsId": 12,
    "empId": 220,
    "authorName": "Michael Grahn",
    "priority": "B",
    "subject": "test new model",
    "newsText": "test new model",
    "createDate": "2017-03-06T16:15:26.317",
    "startDate": "2017-03-06T00:00:00",
    "endDate": "2017-03-10T00:00:00",
    "allOffices": false,
    "emp": null,
    "officeNewsItem": []
  },
  {
    "newsId": 14,
    "empId": 220,
    "authorName": "Michael Grahn",
    "priority": "B",
    "subject": "Automated Car",
    "newsText": "test",
    "createDate": "2017-06-19T10:34:48.497",
    "startDate": "2017-06-19T00:00:00",
    "endDate": "2017-06-19T10:33:44",
    "allOffices": false,
    "emp": null,
    "officeNewsItem": []
  },
  {
    "newsId": 1029,
    "empId": 220,
    "authorName": "Michael Grahn",
    "priority": "A",
    "subject": "test for regional manager",
    "newsText": "test",
    "createDate": "2017-07-10T11:23:51.627",
    "startDate": "2017-07-10T11:21:59",
    "endDate": "2017-07-31T00:00:00",
    "allOffices": true,
    "emp": null,
    "officeNewsItem": []
  },
  {
    "newsId": 1030,
    "empId": 220,
    "authorName": "Michael Grahn",
    "priority": "A",
    "subject": "test for office manager",
    "newsText": "test",
    "createDate": "2017-07-10T11:27:04",
    "startDate": "2017-07-10T11:26:05",
    "endDate": "2017-07-31T00:00:00",
    "allOffices": false,
    "emp": null,
    "officeNewsItem": []
  },
  {
    "newsId": 1031,
    "empId": 220,
    "authorName": "Michael Grahn",
    "priority": "B",
    "subject": "test for regional manager",
    "newsText": "test for edit regional manager",
    "createDate": "2017-07-10T13:03:43.923",
    "startDate": "2017-07-10T00:00:00",
    "endDate": "2017-07-31T00:00:00",
    "allOffices": false,
    "emp": null,
    "officeNewsItem": []
  },
  {
    "newsId": 1032,
    "empId": 220,
    "authorName": "Michael Grahn",
    "priority": "B",
    "subject": "test again",
    "newsText": "test again",
    "createDate": "2017-07-14T08:51:15.997",
    "startDate": "2017-07-14T08:50:45",
    "endDate": "2017-07-31T00:00:00",
    "allOffices": false,
    "emp": null,
    "officeNewsItem": []
  },
  {
    "newsId": 1033,
    "empId": 220,
    "authorName": "Michael Grahn",
    "priority": "B",
    "subject": "Apple ICar",
    "newsText": "test",
    "createDate": "2017-07-14T11:03:39.04",
    "startDate": "2017-07-14T00:00:00",
    "endDate": "2017-07-31T00:00:00",
    "allOffices": true,
    "emp": null,
    "officeNewsItem": []
  },
  {
    "newsId": 1034,
    "empId": 220,
    "authorName": "Michael Grahn",
    "priority": "C",
    "subject": "Get to work!",
    "newsText": "test",
    "createDate": "2017-09-15T15:13:11.913",
    "startDate": "2017-09-15T15:12:02",
    "endDate": "2017-09-22T00:00:00",
    "allOffices": false,
    "emp": null,
    "officeNewsItem": []
  },
  {
    "newsId": 1035,
    "empId": 220,
    "authorName": "Michael Grahn",
    "priority": "A",
    "subject": "test",
    "newsText": "test",
    "createDate": "2018-02-27T16:57:24.61",
    "startDate": "2018-02-27T09:52:58",
    "endDate": "2018-03-30T00:00:00",
    "allOffices": true,
    "emp": null,
    "officeNewsItem": []
  },
  {
    "newsId": 1036,
    "empId": 220,
    "authorName": "Michael Grahn",
    "priority": "A",
    "subject": "test",
    "newsText": "test",
    "createDate": "2018-02-27T17:05:00.087",
    "startDate": "2018-02-27T09:52:58",
    "endDate": "2018-03-30T00:00:00",
    "allOffices": true,
    "emp": null,
    "officeNewsItem": []
  },
  {
    "newsId": 1037,
    "empId": 220,
    "authorName": "Michael Grahn",
    "priority": "A",
    "subject": "test",
    "newsText": "test",
    "createDate": "2018-02-28T11:18:14.987",
    "startDate": "2018-02-27T09:52:58",
    "endDate": "2018-03-30T00:00:00",
    "allOffices": true,
    "emp": null,
    "officeNewsItem": []
  },
  {
    "newsId": 1038,
    "empId": 220,
    "authorName": "Michael Grahn",
    "priority": "A",
    "subject": "test",
    "newsText": "test",
    "createDate": "2018-02-28T11:25:52.963",
    "startDate": "2018-02-27T09:52:58",
    "endDate": "2018-03-30T00:00:00",
    "allOffices": true,
    "emp": null,
    "officeNewsItem": []
  },
  {
    "newsId": 1039,
    "empId": 220,
    "authorName": "Michael Grahn",
    "priority": "A",
    "subject": "test",
    "newsText": "test",
    "createDate": "2018-02-28T11:32:22.277",
    "startDate": "2018-02-27T09:52:58",
    "endDate": "2018-03-30T00:00:00",
    "allOffices": true,
    "emp": null,
    "officeNewsItem": []
  },
  {
    "newsId": 1040,
    "empId": 220,
    "authorName": "Michael Grahn",
    "priority": "A",
    "subject": "test",
    "newsText": "test",
    "createDate": "2018-02-28T14:46:57.807",
    "startDate": "2018-02-27T09:52:58",
    "endDate": "2018-03-30T00:00:00",
    "allOffices": true,
    "emp": null,
    "officeNewsItem": []
  },
  {
    "newsId": 1041,
    "empId": 220,
    "authorName": "Michael Grahn",
    "priority": "A",
    "subject": "test",
    "newsText": "test",
    "createDate": "2018-02-28T15:08:51.76",
    "startDate": "2018-02-27T09:52:58",
    "endDate": "2018-03-30T00:00:00",
    "allOffices": true,
    "emp": null,
    "officeNewsItem": []
  },
  {
    "newsId": 1045,
    "empId": 220,
    "authorName": "Michael Grahn",
    "priority": "B",
    "subject": "High Priority",
    "newsText": "This is high priority",
    "createDate": "2018-03-05T15:38:32.627",
    "startDate": "2016-12-01T00:00:00",
    "endDate": "2018-12-31T00:00:00",
    "allOffices": false,
    "emp": null,
    "officeNewsItem": []
  }
]