{
  "offices": [
    {
      "results": null,
      "regionId": "1",
      "regionName": "Region I",
      "officeId": "537",
      "officeName": "Alturas"
    },
    {
      "results": null,
      "regionId": "1",
      "regionName": "Region I",
      "officeId": "570",
      "officeName": "Auburn"
    },
    {
      "results": null,
      "regionId": "1",
      "regionName": "Region I",
      "officeId": "653",
      "officeName": "Campbell"
    },
    {
      "results": null,
      "regionId": "1",
      "regionName": "Region I",
      "officeId": "550",
      "officeName": "Capitola"
    },
    {
      "results": null,
      "regionId": "1",
      "regionName": "Region I",
      "officeId": "564",
      "officeName": "Colusa"
    },
    {
      "results": null,
      "regionId": "1",
      "regionName": "Region I",
      "officeId": "523",
      "officeName": "Concord"
    },
    {
      "results": null,
      "regionId": "1",
      "regionName": "Region I",
      "officeId": "534",
      "officeName": "Corte Madera"
    },
    {
      "results": null,
      "regionId": "1",
      "regionName": "Region I",
      "officeId": "524",
      "officeName": "Crescent City"
    },
    {
      "results": null,
      "regionId": "1",
      "regionName": "Region I",
      "officeId": "599",
      "officeName": "Daly City"
    },
    {
      "results": null,
      "regionId": "1",
      "regionName": "Region I",
      "officeId": "598",
      "officeName": "Davis"
    },
    {
      "results": null,
      "regionId": "1",
      "regionName": "Region I",
      "officeId": "556",
      "officeName": "El Cerrito"
    },
    {
      "results": null,
      "regionId": "1",
      "regionName": "Region I",
      "officeId": "621",
      "officeName": "Fairfield"
    },
    {
      "results": null,
      "regionId": "1",
      "regionName": "Region I",
      "officeId": "643",
      "officeName": "Fall River Mills"
    },
    {
      "results": null,
      "regionId": "1",
      "regionName": "Region I",
      "officeId": "655",
      "officeName": "Folsom"
    },
    {
      "results": null,
      "regionId": "1",
      "regionName": "Region I",
      "officeId": "590",
      "officeName": "Fort Bragg"
    },
    {
      "results": null,
      "regionId": "1",
      "regionName": "Region I",
      "officeId": "644",
      "officeName": "Fremont"
    },
    {
      "results": null,
      "regionId": "1",
      "regionName": "Region I",
      "officeId": "623",
      "officeName": "Gilroy"
    },
    {
      "results": null,
      "regionId": "1",
      "regionName": "Region I",
      "officeId": "541",
      "officeName": "Grass Valley"
    },
    {
      "results": null,
      "regionId": "1",
      "regionName": "Region I",
      "officeId": "579",
      "officeName": "Hayward"
    },
    {
      "results": null,
      "regionId": "1",
      "regionName": "Region I",
      "officeId": "546",
      "officeName": "Hollister"
    },
    {
      "results": null,
      "regionId": "1",
      "regionName": "Region I",
      "officeId": "521",
      "officeName": "Jackson"
    },
    {
      "results": null,
      "regionId": "1",
      "regionName": "Region I",
      "officeId": "530",
      "officeName": "Lakeport"
    },
    {
      "results": null,
      "regionId": "1",
      "regionName": "Region I",
      "officeId": "557",
      "officeName": "Modesto"
    },
    {
      "results": null,
      "regionId": "1",
      "regionName": "Region I",
      "officeId": "639",
      "officeName": "Mount Shasta"
    },
    {
      "results": null,
      "regionId": "1",
      "regionName": "Region I",
      "officeId": "518",
      "officeName": "Mountain Dew"
    },
    {
      "results": null,
      "regionId": "1",
      "regionName": "Region I",
      "officeId": "540",
      "officeName": "Napa"
    },
    {
      "results": null,
      "regionId": "1",
      "regionName": "Region I",
      "officeId": "686",
      "officeName": "Novato"
    },
    {
      "results": null,
      "regionId": "1",
      "regionName": "Region I",
      "officeId": "289",
      "officeName": "Oakland"
    },
    {
      "results": null,
      "regionId": "1",
      "regionName": "Region I",
      "officeId": "601",
      "officeName": "Paradise"
    },
    {
      "results": null,
      "regionId": "1",
      "regionName": "Region I",
      "officeId": "634",
      "officeName": "Petaluma"
    },
    {
      "results": null,
      "regionId": "1",
      "regionName": "Region I",
      "officeId": "592",
      "officeName": "Pittsburg"
    },
    {
      "results": null,
      "regionId": "1",
      "regionName": "Region I",
      "officeId": "525",
      "officeName": "Placerville"
    },
    {
      "results": null,
      "regionId": "1",
      "regionName": "Region I",
      "officeId": "631",
      "officeName": "Pleasanton"
    },
    {
      "results": null,
      "regionId": "1",
      "regionName": "Region I",
      "officeId": "544",
      "officeName": "QuincyDog"
    },
    {
      "results": null,
      "regionId": "1",
      "regionName": "Region I",
      "officeId": "558",
      "officeName": "Red Bluff"
    },
    {
      "results": null,
      "regionId": "1",
      "regionName": "Region I",
      "officeId": "551",
      "officeName": "Redding"
    },
    {
      "results": null,
      "regionId": "1",
      "regionName": "Region I",
      "officeId": "548",
      "officeName": "Redwood City"
    },
    {
      "results": null,
      "regionId": "1",
      "regionName": "Region I",
      "officeId": "673",
      "officeName": "Rocklin"
    },
    {
      "results": null,
      "regionId": "1",
      "regionName": "Region I",
      "officeId": "285",
      "officeName": "Sacramento"
    },
    {
      "results": null,
      "regionId": "1",
      "regionName": "Region I",
      "officeId": "539",
      "officeName": "Salinas"
    },
    {
      "results": null,
      "regionId": "1",
      "regionName": "Region I",
      "officeId": "568",
      "officeName": "San Andreas"
    },
    {
      "results": null,
      "regionId": "1",
      "regionName": "Region I",
      "officeId": "290",
      "officeName": "San Francisco"
    },
    {
      "results": null,
      "regionId": "1",
      "regionName": "Region I",
      "officeId": "291",
      "officeName": "San Jose"
    },
    {
      "results": null,
      "regionId": "1",
      "regionName": "Region I",
      "officeId": "593",
      "officeName": "San Mateo"
    },
    {
      "results": null,
      "regionId": "1",
      "regionName": "Region I",
      "officeId": "632",
      "officeName": "Santa Clara"
    },
    {
      "results": null,
      "regionId": "1",
      "regionName": "Region I",
      "officeId": "555",
      "officeName": "Santa Rosa"
    },
    {
      "results": null,
      "regionId": "1",
      "regionName": "Region I",
      "officeId": "668",
      "officeName": "Santa Teresa"
    },
    {
      "results": null,
      "regionId": "1",
      "regionName": "Region I",
      "officeId": "567",
      "officeName": "Seaside"
    },
    {
      "results": null,
      "regionId": "1",
      "regionName": "Region I",
      "officeId": "569",
      "officeName": "Sonora"
    },
    {
      "results": null,
      "regionId": "1",
      "regionName": "Region I",
      "officeId": "538",
      "officeName": "South Lake Tahoe"
    },
    {
      "results": null,
      "regionId": "1",
      "regionName": "Region I",
      "officeId": "517",
      "officeName": "Stockton"
    },
    {
      "results": null,
      "regionId": "1",
      "regionName": "Region I",
      "officeId": "531",
      "officeName": "Susanville"
    },
    {
      "results": null,
      "regionId": "1",
      "regionName": "Region I",
      "officeId": "513",
      "officeName": "Truckee"
    },
    {
      "results": null,
      "regionId": "1",
      "regionName": "Region I",
      "officeId": "535",
      "officeName": "Ukiah"
    },
    {
      "results": null,
      "regionId": "1",
      "regionName": "Region I",
      "officeId": "554",
      "officeName": "Vallejo"
    },
    {
      "results": null,
      "regionId": "1",
      "regionName": "Region I",
      "officeId": "624",
      "officeName": "Walnut Creek"
    },
    {
      "results": null,
      "regionId": "1",
      "regionName": "Region I",
      "officeId": "583",
      "officeName": "Watsonville"
    },
    {
      "results": null,
      "regionId": "1",
      "regionName": "Region I",
      "officeId": "571",
      "officeName": "Willows"
    },
    {
      "results": null,
      "regionId": "1",
      "regionName": "Region I",
      "officeId": "561",
      "officeName": "Woodland"
    },
    {
      "results": null,
      "regionId": "1",
      "regionName": "Region I",
      "officeId": "562",
      "officeName": "Yuba City"
    }
  ]
}