[
  {
    "ID": 1,
    "FromCategory": "100",
    "ToCategory": "119",
    "Description": "Alcohol",
    "SpecialCert": false,
    "UpdatedBy": null,
    "UpdateDay": null,
    "TermDate": null
  },
  {
    "ID": 2,
    "FromCategory": "120",
    "ToCategory": "139",
    "Description": "Mental",
    "SpecialCert": false,
    "UpdatedBy": null,
    "UpdateDay": null,
    "TermDate": null
  },
  {
    "ID": 3,
    "FromCategory": "140",
    "ToCategory": "159",
    "Description": "Physical",
    "SpecialCert": false,
    "UpdatedBy": null,
    "UpdateDay": null,
    "TermDate": null
  },
  {
    "ID": 15,
    "FromCategory": "160",
    "ToCategory": "169",
    "Description": "Lapses",
    "SpecialCert": false,
    "UpdatedBy": null,
    "UpdateDay": null,
    "TermDate": null
  },
  {
    "ID": 11,
    "FromCategory": "200",
    "ToCategory": "239",
    "Description": "Drugs",
    "SpecialCert": false,
    "UpdatedBy": null,
    "UpdateDay": null,
    "TermDate": null
  },
  {
    "ID": 8,
    "FromCategory": "240",
    "ToCategory": "299",
    "Description": "Lk of Kn/Sk",
    "SpecialCert": false,
    "UpdatedBy": null,
    "UpdateDay": null,
    "TermDate": null
  },
  {
    "ID": 21,
    "FromCategory": "300",
    "ToCategory": "349",
    "Description": "Neg Op",
    "SpecialCert": false,
    "UpdatedBy": null,
    "UpdateDay": null,
    "TermDate": null
  },
  {
    "ID": 12,
    "FromCategory": "370",
    "ToCategory": "380",
    "Description": "Prov Lic",
    "SpecialCert": false,
    "UpdatedBy": null,
    "UpdateDay": null,
    "TermDate": null
  },
  {
    "ID": 4,
    "FromCategory": "400",
    "ToCategory": "449",
    "Description": "Fraud App",
    "SpecialCert": false,
    "UpdatedBy": null,
    "UpdateDay": null,
    "TermDate": null
  },
  {
    "ID": 13,
    "FromCategory": "450",
    "ToCategory": "499",
    "Description": "Prob Violation",
    "SpecialCert": false,
    "UpdatedBy": null,
    "UpdateDay": null,
    "TermDate": null
  },
  {
    "ID": 14,
    "FromCategory": "600",
    "ToCategory": "619",
    "Description": "Special Test Cert Category",
    "SpecialCert": true,
    "UpdatedBy": null,
    "UpdateDay": null,
    "TermDate": null
  },
  {
    "ID": 16,
    "FromCategory": "640",
    "ToCategory": "644",
    "Description": "Voluntary Cancellation",
    "SpecialCert": false,
    "UpdatedBy": null,
    "UpdateDay": null,
    "TermDate": null
  },
  {
    "ID": 17,
    "FromCategory": "657",
    "ToCategory": "659",
    "Description": "Railroad Crossing Violation",
    "SpecialCert": false,
    "UpdatedBy": null,
    "UpdateDay": null,
    "TermDate": null
  },
  {
    "ID": 20,
    "FromCategory": "690",
    "ToCategory": "699",
    "Description": "Refusal Codes",
    "SpecialCert": false,
    "UpdatedBy": null,
    "UpdateDay": null,
    "TermDate": null
  },
  {
    "ID": 18,
    "FromCategory": "700",
    "ToCategory": "729",
    "Description": "Commerical Disqualifications",
    "SpecialCert": false,
    "UpdatedBy": null,
    "UpdateDay": null,
    "TermDate": null
  },
  {
    "ID": 19,
    "FromCategory": "730",
    "ToCategory": "749",
    "Description": "Equiv. to Other Convic. (CA or O/S act.",
    "SpecialCert": false,
    "UpdatedBy": null,
    "UpdateDay": null,
    "TermDate": null
  },
  {
    "ID": 5,
    "FromCategory": "830",
    "ToCategory": "839",
    "Description": "Restr Viol",
    "SpecialCert": false,
    "UpdatedBy": null,
    "UpdateDay": null,
    "TermDate": null
  },
  {
    "ID": 6,
    "FromCategory": "850",
    "ToCategory": "869",
    "Description": "APS",
    "SpecialCert": false,
    "UpdatedBy": null,
    "UpdateDay": null,
    "TermDate": null
  },
  {
    "ID": 9,
    "FromCategory": "870",
    "ToCategory": "875",
    "Description": "Special Certificates",
    "SpecialCert": false,
    "UpdatedBy": null,
    "UpdateDay": null,
    "TermDate": null
  },
  {
    "ID": 10,
    "FromCategory": "876",
    "ToCategory": "899",
    "Description": "Special Certs - Criminal",
    "SpecialCert": false,
    "UpdatedBy": null,
    "UpdateDay": null,
    "TermDate": null
  },
  {
    "ID": 7,
    "FromCategory": "940",
    "ToCategory": "954",
    "Description": "F R",
    "SpecialCert": false,
    "UpdatedBy": null,
    "UpdateDay": null,
    "TermDate": null
  },
  {
    "ID": 22,
    "FromCategory": "999",
    "ToCategory": "999",
    "Description": "test",
    "SpecialCert": true,
    "UpdatedBy": null,
    "UpdateDay": null,
    "TermDate": "2017-08-02T14:36:22.697"
  }
]