[
  {
    "CdLanguage": "01",
    "DescLanguage": "ARABIC",
    "DtTerm": null
  },
  {
    "CdLanguage": "02",
    "DescLanguage": "ARMENIAN",
    "DtTerm": null
  },
  {
    "CdLanguage": "03",
    "DescLanguage": "BULGARIAN",
    "DtTerm": null
  },
  {
    "CdLanguage": "04",
    "DescLanguage": "BURMESE",
    "DtTerm": null
  },
  {
    "CdLanguage": "05",
    "DescLanguage": "CAMBODIAN",
    "DtTerm": null
  },
  {
    "CdLanguage": "06",
    "DescLanguage": "CHINESE",
    "DtTerm": null
  },
  {
    "CdLanguage": "07",
    "DescLanguage": "FARSI",
    "DtTerm": null
  },
  {
    "CdLanguage": "08",
    "DescLanguage": "FRENCH",
    "DtTerm": null
  },
  {
    "CdLanguage": "09",
    "DescLanguage": "GREEK",
    "DtTerm": null
  },
  {
    "CdLanguage": "10",
    "DescLanguage": "GUJARATI",
    "DtTerm": null
  },
  {
    "CdLanguage": "11",
    "DescLanguage": "HEBREW",
    "DtTerm": null
  },
  {
    "CdLanguage": "12",
    "DescLanguage": "HINDI",
    "DtTerm": null
  },
  {
    "CdLanguage": "13",
    "DescLanguage": "HMONG",
    "DtTerm": null
  },
  {
    "CdLanguage": "14",
    "DescLanguage": "HUNGARIAN",
    "DtTerm": null
  },
  {
    "CdLanguage": "15",
    "DescLanguage": "JAPANESE",
    "DtTerm": null
  },
  {
    "CdLanguage": "16",
    "DescLanguage": "KOREAN",
    "DtTerm": null
  },
  {
    "CdLanguage": "17",
    "DescLanguage": "LAOTIAN",
    "DtTerm": null
  },
  {
    "CdLanguage": "18",
    "DescLanguage": "HMIEN",
    "DtTerm": null
  },
  {
    "CdLanguage": "19",
    "DescLanguage": "PERSIAN",
    "DtTerm": null
  },
  {
    "CdLanguage": "20",
    "DescLanguage": "PORTUGUESE",
    "DtTerm": null
  },
  {
    "CdLanguage": "21",
    "DescLanguage": "PUNJABI",
    "DtTerm": null
  },
  {
    "CdLanguage": "22",
    "DescLanguage": "PUSHTO",
    "DtTerm": null
  },
  {
    "CdLanguage": "23",
    "DescLanguage": "ROMANIAN",
    "DtTerm": null
  },
  {
    "CdLanguage": "24",
    "DescLanguage": "RUSSIAN",
    "DtTerm": null
  },
  {
    "CdLanguage": "25",
    "DescLanguage": "AMERICAN SIGN",
    "DtTerm": null
  },
  {
    "CdLanguage": "26",
    "DescLanguage": "SPANISH",
    "DtTerm": null
  },
  {
    "CdLanguage": "27",
    "DescLanguage": "TAGALOG",
    "DtTerm": null
  },
  {
    "CdLanguage": "28",
    "DescLanguage": "THAI",
    "DtTerm": null
  },
  {
    "CdLanguage": "29",
    "DescLanguage": "TIGRIGNA",
    "DtTerm": null
  },
  {
    "CdLanguage": "30",
    "DescLanguage": "TURKISH",
    "DtTerm": null
  },
  {
    "CdLanguage": "31",
    "DescLanguage": "UKRANIAN",
    "DtTerm": null
  },
  {
    "CdLanguage": "32",
    "DescLanguage": "URDU",
    "DtTerm": null
  },
  {
    "CdLanguage": "33",
    "DescLanguage": "VIETNAMESE",
    "DtTerm": null
  },
  {
    "CdLanguage": "34",
    "DescLanguage": "YUGOSLAVIAN",
    "DtTerm": null
  },
  {
    "CdLanguage": "35",
    "DescLanguage": "CZECHOSLOVAKIAN",
    "DtTerm": null
  },
  {
    "CdLanguage": "36",
    "DescLanguage": "MANDARIN",
    "DtTerm": null
  },
  {
    "CdLanguage": "37",
    "DescLanguage": "CANTONESE",
    "DtTerm": null
  },
  {
    "CdLanguage": "38",
    "DescLanguage": "SLOVENIAN",
    "DtTerm": null
  },
  {
    "CdLanguage": "39",
    "DescLanguage": "SERBO-CROATIAN",
    "DtTerm": null
  },
  {
    "CdLanguage": "40",
    "DescLanguage": "MACEDONIAN",
    "DtTerm": null
  },
  {
    "CdLanguage": "41",
    "DescLanguage": "ASSYRIAN",
    "DtTerm": null
  },
  {
    "CdLanguage": "42",
    "DescLanguage": "IRANIAN",
    "DtTerm": null
  },
  {
    "CdLanguage": "43",
    "DescLanguage": "ITALIAN",
    "DtTerm": null
  },
  {
    "CdLanguage": "44",
    "DescLanguage": "SAMOAN",
    "DtTerm": null
  },
  {
    "CdLanguage": "45",
    "DescLanguage": "AFGANISTAN",
    "DtTerm": null
  },
  {
    "CdLanguage": "46",
    "DescLanguage": "ALBANIAN",
    "DtTerm": null
  },
  {
    "CdLanguage": "47",
    "DescLanguage": "BENGALI",
    "DtTerm": null
  },
  {
    "CdLanguage": "48",
    "DescLanguage": "ETHIOPIAN",
    "DtTerm": null
  },
  {
    "CdLanguage": "49",
    "DescLanguage": "GERMAN",
    "DtTerm": null
  },
  {
    "CdLanguage": "50",
    "DescLanguage": "HAWAIIAN",
    "DtTerm": null
  },
  {
    "CdLanguage": "51",
    "DescLanguage": "LITHOWANIAN",
    "DtTerm": null
  },
  {
    "CdLanguage": "52",
    "DescLanguage": "PAKISTANIAN",
    "DtTerm": null
  },
  {
    "CdLanguage": "53",
    "DescLanguage": "POLISH",
    "DtTerm": null
  },
  {
    "CdLanguage": "54",
    "DescLanguage": "SINGHLI",
    "DtTerm": null
  },
  {
    "CdLanguage": "55",
    "DescLanguage": "TONGAN",
    "DtTerm": null
  },
  {
    "CdLanguage": "56",
    "DescLanguage": "AMARIC",
    "DtTerm": null
  },
  {
    "CdLanguage": "57",
    "DescLanguage": "INDONESIAN",
    "DtTerm": null
  },
  {
    "CdLanguage": "58",
    "DescLanguage": "PACHTO",
    "DtTerm": null
  },
  {
    "CdLanguage": "99",
    "DescLanguage": "TEST99",
    "DtTerm": null
  }
]