[
  {
    "Disabled": false,
    "Group": null,
    "Selected": false,
    "Text": "Select Option",
    "Value": ""
  },
  {
    "Disabled": false,
    "Group": null,
    "Selected": false,
    "Text": "A - School Bus",
    "Value": "A"
  },
  {
    "Disabled": false,
    "Group": null,
    "Selected": false,
    "Text": "B - School Bus",
    "Value": "B"
  },
  {
    "Disabled": false,
    "Group": null,
    "Selected": false,
    "Text": "D - Farm Labor Vehicle",
    "Value": "D"
  },
  {
    "Disabled": false,
    "Group": null,
    "Selected": false,
    "Text": "DT - Doubles/Triples",
    "Value": "DT"
  },
  {
    "Disabled": false,
    "Group": null,
    "Selected": false,
    "Text": "E - Ambulance Drivers",
    "Value": "E"
  },
  {
    "Disabled": false,
    "Group": null,
    "Selected": false,
    "Text": "H - School Pupil Activities Bus",
    "Value": "H"
  },
  {
    "Disabled": false,
    "Group": null,
    "Selected": false,
    "Text": "HM - Hazardous Materials",
    "Value": "HM"
  },
  {
    "Disabled": false,
    "Group": null,
    "Selected": false,
    "Text": "I - Youth Bus",
    "Value": "I"
  },
  {
    "Disabled": false,
    "Group": null,
    "Selected": false,
    "Text": "N - Haz Agricultural Materials",
    "Value": "N"
  },
  {
    "Disabled": false,
    "Group": null,
    "Selected": false,
    "Text": "P - General Public Paratransit Vehicle",
    "Value": "P"
  },
  {
    "Disabled": false,
    "Group": null,
    "Selected": false,
    "Text": "PV - Passenger Transportation",
    "Value": "PV"
  },
  {
    "Disabled": false,
    "Group": null,
    "Selected": false,
    "Text": "S - May Drive Two-Wheel Motorcycle",
    "Value": "S"
  },
  {
    "Disabled": false,
    "Group": null,
    "Selected": false,
    "Text": "TV - Tank Vehicle",
    "Value": "TV"
  },
  {
    "Disabled": false,
    "Group": null,
    "Selected": false,
    "Text": "U - May Drive M1 Motorcycle",
    "Value": "U"
  },
  {
    "Disabled": false,
    "Group": null,
    "Selected": false,
    "Text": "V - Verification of Transit Trng Doc",
    "Value": "V"
  },
  {
    "Disabled": false,
    "Group": null,
    "Selected": false,
    "Text": "Y - May Drive M2 Motorcycle",
    "Value": "Y"
  },
  {
    "Disabled": false,
    "Group": null,
    "Selected": false,
    "Text": "Z - Tow Truck Driver Clearance",
    "Value": "Z"
  }
]