[
  {
    "Disabled": false,
    "Group": null,
    "Selected": false,
    "Text": "Select Option",
    "Value": ""
  },
  {
    "Disabled": false,
    "Group": null,
    "Selected": false,
    "Text": "000 - License Cancellation",
    "Value": "000"
  },
  {
    "Disabled": false,
    "Group": null,
    "Selected": false,
    "Text": "004 - PL Warn Lttr",
    "Value": "004"
  },
  {
    "Disabled": false,
    "Group": null,
    "Selected": false,
    "Text": "100 - Alcohol",
    "Value": "100"
  },
  {
    "Disabled": false,
    "Group": null,
    "Selected": false,
    "Text": "101 - Alcohol/Negligent Operator",
    "Value": "101"
  },
  {
    "Disabled": false,
    "Group": null,
    "Selected": false,
    "Text": "103 - Alcohol/Drug Addition (Not Methadone)",
    "Value": "103"
  },
  {
    "Disabled": false,
    "Group": null,
    "Selected": false,
    "Text": "104 - Alc/Drug Add or Hab use (Meth. Main",
    "Value": "104"
  },
  {
    "Disabled": false,
    "Group": null,
    "Selected": false,
    "Text": "114 - Alcohol/Refusal of CL A or B Licens",
    "Value": "114"
  },
  {
    "Disabled": false,
    "Group": null,
    "Selected": false,
    "Text": "115 - Alcohol/Mandatory Action Interview",
    "Value": "115"
  },
  {
    "Disabled": false,
    "Group": null,
    "Selected": false,
    "Text": "120 - Mental Condition",
    "Value": "120"
  },
  {
    "Disabled": false,
    "Group": null,
    "Selected": false,
    "Text": "121 - Mental/Negligent Operator",
    "Value": "121"
  },
  {
    "Disabled": false,
    "Group": null,
    "Selected": false,
    "Text": "122 - Mental/Alcohol",
    "Value": "122"
  },
  {
    "Disabled": false,
    "Group": null,
    "Selected": false,
    "Text": "123 - Mental Condition/Physical Condition",
    "Value": "123"
  },
  {
    "Disabled": false,
    "Group": null,
    "Selected": false,
    "Text": "130 - Mental/Refusal of Cl A or B License",
    "Value": "130"
  },
  {
    "Disabled": false,
    "Group": null,
    "Selected": false,
    "Text": "134 - Mental Condition/Alzheimer's Disease",
    "Value": "134"
  },
  {
    "Disabled": false,
    "Group": null,
    "Selected": false,
    "Text": "139 - Mental Condition/Dementia",
    "Value": "139"
  },
  {
    "Disabled": false,
    "Group": null,
    "Selected": false,
    "Text": "140 - Physical",
    "Value": "140"
  },
  {
    "Disabled": false,
    "Group": null,
    "Selected": false,
    "Text": "141 - Physical/Negligent Operator",
    "Value": "141"
  },
  {
    "Disabled": false,
    "Group": null,
    "Selected": false,
    "Text": "142 - Physical/Alcohol",
    "Value": "142"
  },
  {
    "Disabled": false,
    "Group": null,
    "Selected": false,
    "Text": "149 - Physical/Refusal of Cl A or B License",
    "Value": "149"
  },
  {
    "Disabled": false,
    "Group": null,
    "Selected": false,
    "Text": "153 - Physical/Cardiovasculal Disease",
    "Value": "153"
  },
  {
    "Disabled": false,
    "Group": null,
    "Selected": false,
    "Text": "154 - Physical/Diabetes Mellitus",
    "Value": "154"
  },
  {
    "Disabled": false,
    "Group": null,
    "Selected": false,
    "Text": "155 - Physical/Hearing Disorders/Deficiencies",
    "Value": "155"
  },
  {
    "Disabled": false,
    "Group": null,
    "Selected": false,
    "Text": "156 - Physical/Musculoskeletal Disorders",
    "Value": "156"
  },
  {
    "Disabled": false,
    "Group": null,
    "Selected": false,
    "Text": "157 - Physical/Neurological Disorders",
    "Value": "157"
  },
  {
    "Disabled": false,
    "Group": null,
    "Selected": false,
    "Text": "158 - Physical/Pulmonary Disorders",
    "Value": "158"
  },
  {
    "Disabled": false,
    "Group": null,
    "Selected": false,
    "Text": "159 - Physical Condition/Vision",
    "Value": "159"
  },
  {
    "Disabled": false,
    "Group": null,
    "Selected": false,
    "Text": "160 - Lapse of Consciousness",
    "Value": "160"
  },
  {
    "Disabled": false,
    "Group": null,
    "Selected": false,
    "Text": "161 - Lapse of Cons/Negligent Operator",
    "Value": "161"
  },
  {
    "Disabled": false,
    "Group": null,
    "Selected": false,
    "Text": "162 - Lapse of Cons/Alcohol",
    "Value": "162"
  },
  {
    "Disabled": false,
    "Group": null,
    "Selected": false,
    "Text": "167 - Lapse of Cons/Drug Addition (Methadone)",
    "Value": "167"
  },
  {
    "Disabled": false,
    "Group": null,
    "Selected": false,
    "Text": "169 - Lapse of Cons/Ref of Cl A or B License",
    "Value": "169"
  },
  {
    "Disabled": false,
    "Group": null,
    "Selected": false,
    "Text": "203 - Drug Addition (Not Methadone)",
    "Value": "203"
  },
  {
    "Disabled": false,
    "Group": null,
    "Selected": false,
    "Text": "204 - Drug Addition (Methadone)",
    "Value": "204"
  },
  {
    "Disabled": false,
    "Group": null,
    "Selected": false,
    "Text": "216 - Drug Addition/Neg Operator (Not Meth)",
    "Value": "216"
  },
  {
    "Disabled": false,
    "Group": null,
    "Selected": false,
    "Text": "220 - Drug/Refusal of Cl A or B Lic (Not Meth)",
    "Value": "220"
  },
  {
    "Disabled": false,
    "Group": null,
    "Selected": false,
    "Text": "222 - Drug Addition/Negligent Op (Methadone)",
    "Value": "222"
  },
  {
    "Disabled": false,
    "Group": null,
    "Selected": false,
    "Text": "225 - Drug/Refusal of Cl A or B Lic (Meth)",
    "Value": "225"
  },
  {
    "Disabled": false,
    "Group": null,
    "Selected": false,
    "Text": "240 - 299",
    "Value": "240"
  },
  {
    "Disabled": false,
    "Group": null,
    "Selected": false,
    "Text": "241 - Lack of Skill",
    "Value": "241"
  },
  {
    "Disabled": false,
    "Group": null,
    "Selected": false,
    "Text": "242 - Lask of Knowledge/Skill",
    "Value": "242"
  },
  {
    "Disabled": false,
    "Group": null,
    "Selected": false,
    "Text": "309 - Negligent Operator (Not 311,312,316,317)",
    "Value": "309"
  },
  {
    "Disabled": false,
    "Group": null,
    "Selected": false,
    "Text": "311 - Negligent Oper/Viol Traf Laws NOTS III",
    "Value": "311"
  },
  {
    "Disabled": false,
    "Group": null,
    "Selected": false,
    "Text": "312 - Negligent Oper/Viol Traf Laws & Fatal",
    "Value": "312"
  },
  {
    "Disabled": false,
    "Group": null,
    "Selected": false,
    "Text": "324 - Negligent Operator/Serious Injury",
    "Value": "324"
  },
  {
    "Disabled": false,
    "Group": null,
    "Selected": false,
    "Text": "370 - Provisional Neg Operator/2 points",
    "Value": "370"
  },
  {
    "Disabled": false,
    "Group": null,
    "Selected": false,
    "Text": "371 - Provisional Neg Operator/3+ points",
    "Value": "371"
  },
  {
    "Disabled": false,
    "Group": null,
    "Selected": false,
    "Text": "400 - Fraudulent Application",
    "Value": "400"
  },
  {
    "Disabled": false,
    "Group": null,
    "Selected": false,
    "Text": "401 - Unlawful Use of Lic-not issued to subj",
    "Value": "401"
  },
  {
    "Disabled": false,
    "Group": null,
    "Selected": false,
    "Text": "402 - Unlawful Use of Lic-License Altered",
    "Value": "402"
  },
  {
    "Disabled": false,
    "Group": null,
    "Selected": false,
    "Text": "403 - Unlawful Use of Lic-tests by another",
    "Value": "403"
  },
  {
    "Disabled": false,
    "Group": null,
    "Selected": false,
    "Text": "404 - Unlawful Use of Lic-Fictitious,Fraud,Alt",
    "Value": "404"
  },
  {
    "Disabled": false,
    "Group": null,
    "Selected": false,
    "Text": "405 - Fraudulent Application/False Name",
    "Value": "405"
  },
  {
    "Disabled": false,
    "Group": null,
    "Selected": false,
    "Text": "407 - Fraudulent App/Tests taken by another",
    "Value": "407"
  },
  {
    "Disabled": false,
    "Group": null,
    "Selected": false,
    "Text": "409 - Fraudulent App/Filed by other than subj",
    "Value": "409"
  },
  {
    "Disabled": false,
    "Group": null,
    "Selected": false,
    "Text": "411 - Fraudulent App/False custody statement",
    "Value": "411"
  },
  {
    "Disabled": false,
    "Group": null,
    "Selected": false,
    "Text": "413 - Fraudulent App/False Application",
    "Value": "413"
  },
  {
    "Disabled": false,
    "Group": null,
    "Selected": false,
    "Text": "415 - Fraudulent App/Under Suspension",
    "Value": "415"
  },
  {
    "Disabled": false,
    "Group": null,
    "Selected": false,
    "Text": "420 - Fraudulent App-False Name/Under Susp",
    "Value": "420"
  },
  {
    "Disabled": false,
    "Group": null,
    "Selected": false,
    "Text": "421 - Fraudulent App-False Name/Date of Birth",
    "Value": "421"
  },
  {
    "Disabled": false,
    "Group": null,
    "Selected": false,
    "Text": "432 - Fraud Doc-False doc submitted",
    "Value": "432"
  },
  {
    "Disabled": false,
    "Group": null,
    "Selected": false,
    "Text": "433 - Fraud Legal Presence Document",
    "Value": "433"
  },
  {
    "Disabled": false,
    "Group": null,
    "Selected": false,
    "Text": "450 - Violation of N.O. Probation",
    "Value": "450"
  },
  {
    "Disabled": false,
    "Group": null,
    "Selected": false,
    "Text": "451 - 2nd or subsequent violation of N.O. Prob",
    "Value": "451"
  },
  {
    "Disabled": false,
    "Group": null,
    "Selected": false,
    "Text": "60A - Commercial Disq",
    "Value": "60A"
  },
  {
    "Disabled": false,
    "Group": null,
    "Selected": false,
    "Text": "640 - Canc-Voluntary Surrender Letter",
    "Value": "640"
  },
  {
    "Disabled": false,
    "Group": null,
    "Selected": false,
    "Text": "657 - 1st Railroad crossing violation - coml",
    "Value": "657"
  },
  {
    "Disabled": false,
    "Group": null,
    "Selected": false,
    "Text": "658 - 2nd Railroad crossing violation-coml",
    "Value": "658"
  },
  {
    "Disabled": false,
    "Group": null,
    "Selected": false,
    "Text": "659 - 3rd Railroad crossing violation-coml",
    "Value": "659"
  },
  {
    "Disabled": false,
    "Group": null,
    "Selected": false,
    "Text": "660 - Evading peace officer-coml",
    "Value": "660"
  },
  {
    "Disabled": false,
    "Group": null,
    "Selected": false,
    "Text": "661 - Evading peace officer-hazmat",
    "Value": "661"
  },
  {
    "Disabled": false,
    "Group": null,
    "Selected": false,
    "Text": "662 - 2nd Evading peace officer-coml",
    "Value": "662"
  },
  {
    "Disabled": false,
    "Group": null,
    "Selected": false,
    "Text": "663 - Out-of-service non-compliance",
    "Value": "663"
  },
  {
    "Disabled": false,
    "Group": null,
    "Selected": false,
    "Text": "664 - Out-of-service non-compliance",
    "Value": "664"
  },
  {
    "Disabled": false,
    "Group": null,
    "Selected": false,
    "Text": "665 - Out-of-service non-compliance",
    "Value": "665"
  },
  {
    "Disabled": false,
    "Group": null,
    "Selected": false,
    "Text": "667 - DUI/DRUGS-coml",
    "Value": "667"
  },
  {
    "Disabled": false,
    "Group": null,
    "Selected": false,
    "Text": "668 - Hit and run coml",
    "Value": "668"
  },
  {
    "Disabled": false,
    "Group": null,
    "Selected": false,
    "Text": "670 - DUI/DRUGS hazardous materials",
    "Value": "670"
  },
  {
    "Disabled": false,
    "Group": null,
    "Selected": false,
    "Text": "671 - Hit and run/hazardous materials",
    "Value": "671"
  },
  {
    "Disabled": false,
    "Group": null,
    "Selected": false,
    "Text": "672 - Felony/hazardous materials",
    "Value": "672"
  },
  {
    "Disabled": false,
    "Group": null,
    "Selected": false,
    "Text": "673 - 2nd DUI/DRUGS coml",
    "Value": "673"
  },
  {
    "Disabled": false,
    "Group": null,
    "Selected": false,
    "Text": "674 - 2nd hit and run/coml",
    "Value": "674"
  },
  {
    "Disabled": false,
    "Group": null,
    "Selected": false,
    "Text": "675 - 2nd felony conviction/coml",
    "Value": "675"
  },
  {
    "Disabled": false,
    "Group": null,
    "Selected": false,
    "Text": "676 - 2nd DUI/Hit and run/evading/felony coml",
    "Value": "676"
  },
  {
    "Disabled": false,
    "Group": null,
    "Selected": false,
    "Text": "677 - Health and safety felony conviction coml",
    "Value": "677"
  },
  {
    "Disabled": false,
    "Group": null,
    "Selected": false,
    "Text": "678 - Serious traffic violation -coml 2 in 3 y",
    "Value": "678"
  },
  {
    "Disabled": false,
    "Group": null,
    "Selected": false,
    "Text": "679 - Serious traffic violation-coml 3 in 3 ye",
    "Value": "679"
  },
  {
    "Disabled": false,
    "Group": null,
    "Selected": false,
    "Text": "681 - Invalid CDL-coml",
    "Value": "681"
  },
  {
    "Disabled": false,
    "Group": null,
    "Selected": false,
    "Text": "682 - Causing a  fatality-coml",
    "Value": "682"
  },
  {
    "Disabled": false,
    "Group": null,
    "Selected": false,
    "Text": "684 - Invalid CDL-Hazmat",
    "Value": "684"
  },
  {
    "Disabled": false,
    "Group": null,
    "Selected": false,
    "Text": "685 - Causing a fatality-Hazmat",
    "Value": "685"
  },
  {
    "Disabled": false,
    "Group": null,
    "Selected": false,
    "Text": "686 - 2nd Invalid CDL-coml",
    "Value": "686"
  },
  {
    "Disabled": false,
    "Group": null,
    "Selected": false,
    "Text": "687 - 2nd causing a fatality-coml",
    "Value": "687"
  },
  {
    "Disabled": false,
    "Group": null,
    "Selected": false,
    "Text": "690 - Ref of Cl A/B (failed to meet phys)",
    "Value": "690"
  },
  {
    "Disabled": false,
    "Group": null,
    "Selected": false,
    "Text": "699 - Demand hearing for disqualification",
    "Value": "699"
  },
  {
    "Disabled": false,
    "Group": null,
    "Selected": false,
    "Text": "700 - Drunk driving or Drugs Commercial",
    "Value": "700"
  },
  {
    "Disabled": false,
    "Group": null,
    "Selected": false,
    "Text": "701 - Hit and Run Commercial",
    "Value": "701"
  },
  {
    "Disabled": false,
    "Group": null,
    "Selected": false,
    "Text": "703 - Drunk Driving or Drugs Hazardous Materia",
    "Value": "703"
  },
  {
    "Disabled": false,
    "Group": null,
    "Selected": false,
    "Text": "704 - Hit ans Run/Hazardous Materials",
    "Value": "704"
  },
  {
    "Disabled": false,
    "Group": null,
    "Selected": false,
    "Text": "705 - Felony Conviction/Hazardous Materials",
    "Value": "705"
  },
  {
    "Disabled": false,
    "Group": null,
    "Selected": false,
    "Text": "706 - 2nd Drunk Driving or Drugs/Commercial",
    "Value": "706"
  },
  {
    "Disabled": false,
    "Group": null,
    "Selected": false,
    "Text": "707 - 2nd Hit and Run/Commercial",
    "Value": "707"
  },
  {
    "Disabled": false,
    "Group": null,
    "Selected": false,
    "Text": "708 - 2nd Felony Conviction/Commercial",
    "Value": "708"
  },
  {
    "Disabled": false,
    "Group": null,
    "Selected": false,
    "Text": "709 - 2nd DUI/Hit Run/Evading/Felony/Fatality-",
    "Value": "709"
  },
  {
    "Disabled": false,
    "Group": null,
    "Selected": false,
    "Text": "710 - Health and Safety Felony Conviction/Comm",
    "Value": "710"
  },
  {
    "Disabled": false,
    "Group": null,
    "Selected": false,
    "Text": "711 - Serious Traffic Violation - 2 in 3 years",
    "Value": "711"
  },
  {
    "Disabled": false,
    "Group": null,
    "Selected": false,
    "Text": "712 - Serious Traffic Violation - 3 in 3 years",
    "Value": "712"
  },
  {
    "Disabled": false,
    "Group": null,
    "Selected": false,
    "Text": "713 - Evading a Peace Officer/Commercial",
    "Value": "713"
  },
  {
    "Disabled": false,
    "Group": null,
    "Selected": false,
    "Text": "714 - Evading a Peace Officer/HazMat",
    "Value": "714"
  },
  {
    "Disabled": false,
    "Group": null,
    "Selected": false,
    "Text": "715 - 2nd Evading a Peace Officer/Commercial",
    "Value": "715"
  },
  {
    "Disabled": false,
    "Group": null,
    "Selected": false,
    "Text": "716 - Failure to Comply with Out-of-Service Or",
    "Value": "716"
  },
  {
    "Disabled": false,
    "Group": null,
    "Selected": false,
    "Text": "717 - Failure to Comply w/ Out/Svc or 2 in 10",
    "Value": "717"
  },
  {
    "Disabled": false,
    "Group": null,
    "Selected": false,
    "Text": "718 - Failure to Comply w/ Out/Svc or 3 in 10",
    "Value": "718"
  },
  {
    "Disabled": false,
    "Group": null,
    "Selected": false,
    "Text": "719 - Invalid CDL-Coml",
    "Value": "719"
  },
  {
    "Disabled": false,
    "Group": null,
    "Selected": false,
    "Text": "720 - Causing a fatality-Coml",
    "Value": "720"
  },
  {
    "Disabled": false,
    "Group": null,
    "Selected": false,
    "Text": "721 - Invalid CDL-HazMat",
    "Value": "721"
  },
  {
    "Disabled": false,
    "Group": null,
    "Selected": false,
    "Text": "722 - Causing a fatality-HazMat",
    "Value": "722"
  },
  {
    "Disabled": false,
    "Group": null,
    "Selected": false,
    "Text": "723 - 2nd Invalid CDL-Coml",
    "Value": "723"
  },
  {
    "Disabled": false,
    "Group": null,
    "Selected": false,
    "Text": "724 - 2nd causing a fatality-Coml",
    "Value": "724"
  },
  {
    "Disabled": false,
    "Group": null,
    "Selected": false,
    "Text": "725 - 1st railroad crossing violation-commerci",
    "Value": "725"
  },
  {
    "Disabled": false,
    "Group": null,
    "Selected": false,
    "Text": "726 - 2nd railroad crossing violation-commerci",
    "Value": "726"
  },
  {
    "Disabled": false,
    "Group": null,
    "Selected": false,
    "Text": "727 - 3rd railroad crossing violation-commerci",
    "Value": "727"
  },
  {
    "Disabled": false,
    "Group": null,
    "Selected": false,
    "Text": "820 - Alcohol/Disqualification of CDL",
    "Value": "820"
  },
  {
    "Disabled": false,
    "Group": null,
    "Selected": false,
    "Text": "822 - Mental condition/Disqualification of CDL",
    "Value": "822"
  },
  {
    "Disabled": false,
    "Group": null,
    "Selected": false,
    "Text": "823 - Physical condition/Disqualification of C",
    "Value": "823"
  },
  {
    "Disabled": false,
    "Group": null,
    "Selected": false,
    "Text": "824 - Lapse of Cons/Disqualification of CDL",
    "Value": "824"
  },
  {
    "Disabled": false,
    "Group": null,
    "Selected": false,
    "Text": "825 - Drug addiction or Habitual use Disqualif",
    "Value": "825"
  },
  {
    "Disabled": false,
    "Group": null,
    "Selected": false,
    "Text": "826 - Disqualification of CDL/ Fail to meet ph",
    "Value": "826"
  },
  {
    "Disabled": false,
    "Group": null,
    "Selected": false,
    "Text": "830 - Violation of Restriction-Junior Permit",
    "Value": "830"
  },
  {
    "Disabled": false,
    "Group": null,
    "Selected": false,
    "Text": "831 - Violation of Restriction-Other than Ins.",
    "Value": "831"
  },
  {
    "Disabled": false,
    "Group": null,
    "Selected": false,
    "Text": "860 - Admin Per Se/Refusal",
    "Value": "860"
  },
  {
    "Disabled": false,
    "Group": null,
    "Selected": false,
    "Text": "865 - Admin Per Se/Excess BAC",
    "Value": "865"
  },
  {
    "Disabled": false,
    "Group": null,
    "Selected": false,
    "Text": "866 - PAS Refusal",
    "Value": "866"
  },
  {
    "Disabled": false,
    "Group": null,
    "Selected": false,
    "Text": "867 - 0.01 Admin Per Se",
    "Value": "867"
  },
  {
    "Disabled": false,
    "Group": null,
    "Selected": false,
    "Text": "868 - Admin Per Se Dismissal",
    "Value": "868"
  },
  {
    "Disabled": false,
    "Group": null,
    "Selected": false,
    "Text": "872 - KHM-3434",
    "Value": "872"
  },
  {
    "Disabled": false,
    "Group": null,
    "Selected": false,
    "Text": "873 - Demand Hrg/Tow Truck Driver",
    "Value": "873"
  },
  {
    "Disabled": false,
    "Group": null,
    "Selected": false,
    "Text": "875 - Demand Hrg/Hazardous Materials Endr",
    "Value": "875"
  },
  {
    "Disabled": false,
    "Group": null,
    "Selected": false,
    "Text": "880 - KHM-3434",
    "Value": "880"
  },
  {
    "Disabled": false,
    "Group": null,
    "Selected": false,
    "Text": "881 - KHM-3434",
    "Value": "881"
  },
  {
    "Disabled": false,
    "Group": null,
    "Selected": false,
    "Text": "882 - KHM-3434",
    "Value": "882"
  },
  {
    "Disabled": false,
    "Group": null,
    "Selected": false,
    "Text": "883 - KHM-3434",
    "Value": "883"
  },
  {
    "Disabled": false,
    "Group": null,
    "Selected": false,
    "Text": "884 - KHM-3434",
    "Value": "884"
  },
  {
    "Disabled": false,
    "Group": null,
    "Selected": false,
    "Text": "885 - KHM-3434",
    "Value": "885"
  },
  {
    "Disabled": false,
    "Group": null,
    "Selected": false,
    "Text": "887 - KHM-3434",
    "Value": "887"
  },
  {
    "Disabled": false,
    "Group": null,
    "Selected": false,
    "Text": "888 - KHM-3434",
    "Value": "888"
  },
  {
    "Disabled": false,
    "Group": null,
    "Selected": false,
    "Text": "889 - KHM-3434",
    "Value": "889"
  },
  {
    "Disabled": false,
    "Group": null,
    "Selected": false,
    "Text": "890 - KXH-3364",
    "Value": "890"
  },
  {
    "Disabled": false,
    "Group": null,
    "Selected": false,
    "Text": "891 - KHM-3434",
    "Value": "891"
  },
  {
    "Disabled": false,
    "Group": null,
    "Selected": false,
    "Text": "892 - Demand Hrg/Ambulance",
    "Value": "892"
  },
  {
    "Disabled": false,
    "Group": null,
    "Selected": false,
    "Text": "893 - Demand Hrg/Farm Labor",
    "Value": "893"
  },
  {
    "Disabled": false,
    "Group": null,
    "Selected": false,
    "Text": "894 - KHM-3434",
    "Value": "894"
  },
  {
    "Disabled": false,
    "Group": null,
    "Selected": false,
    "Text": "895 - Demand Hrg/School-Youth Bus,SPAB",
    "Value": "895"
  },
  {
    "Disabled": false,
    "Group": null,
    "Selected": false,
    "Text": "896 - Demand Hrg/Radioactive Materials",
    "Value": "896"
  },
  {
    "Disabled": false,
    "Group": null,
    "Selected": false,
    "Text": "897 - KHM-3434",
    "Value": "897"
  },
  {
    "Disabled": false,
    "Group": null,
    "Selected": false,
    "Text": "898 - KHM-3434",
    "Value": "898"
  },
  {
    "Disabled": false,
    "Group": null,
    "Selected": false,
    "Text": "899 - KHM-3434",
    "Value": "899"
  },
  {
    "Disabled": false,
    "Group": null,
    "Selected": false,
    "Text": "950 - Demand FR Hearing",
    "Value": "950"
  },
  {
    "Disabled": false,
    "Group": null,
    "Selected": false,
    "Text": "955 - 955",
    "Value": "955"
  },
  {
    "Disabled": false,
    "Group": null,
    "Selected": false,
    "Text": "966 - admin per se ????",
    "Value": "966"
  },
  {
    "Disabled": false,
    "Group": null,
    "Selected": false,
    "Text": "ACQ - Acquittal",
    "Value": "ACQ"
  },
  {
    "Disabled": false,
    "Group": null,
    "Selected": false,
    "Text": "APS - APS",
    "Value": "APS"
  },
  {
    "Disabled": false,
    "Group": null,
    "Selected": false,
    "Text": "CCT - Court Case - Tort",
    "Value": "CCT"
  },
  {
    "Disabled": false,
    "Group": null,
    "Selected": false,
    "Text": "CCW - Court Case - Writ",
    "Value": "CCW"
  },
  {
    "Disabled": false,
    "Group": null,
    "Selected": false,
    "Text": "DIS - Disqualification",
    "Value": "DIS"
  },
  {
    "Disabled": false,
    "Group": null,
    "Selected": false,
    "Text": "DSC - Disqualification Support Case",
    "Value": "DSC"
  },
  {
    "Disabled": false,
    "Group": null,
    "Selected": false,
    "Text": "PAS - PAS",
    "Value": "PAS"
  },
  {
    "Disabled": false,
    "Group": null,
    "Selected": false,
    "Text": "QLR - Quality Review",
    "Value": "QLR"
  },
  {
    "Disabled": false,
    "Group": null,
    "Selected": false,
    "Text": "RBM - Renewal By Mail",
    "Value": "RBM"
  },
  {
    "Disabled": false,
    "Group": null,
    "Selected": false,
    "Text": "REF - Refund",
    "Value": "REF"
  },
  {
    "Disabled": false,
    "Group": null,
    "Selected": false,
    "Text": "REN - Renewed Hearing Right",
    "Value": "REN"
  },
  {
    "Disabled": false,
    "Group": null,
    "Selected": false,
    "Text": "STY - Stay",
    "Value": "STY"
  },
  {
    "Disabled": false,
    "Group": null,
    "Selected": false,
    "Text": "SUA - Subpoena - Appearance",
    "Value": "SUA"
  },
  {
    "Disabled": false,
    "Group": null,
    "Selected": false,
    "Text": "SUR - Subpoena - Record Only",
    "Value": "SUR"
  },
  {
    "Disabled": false,
    "Group": null,
    "Selected": false,
    "Text": "TPR - Tape Request",
    "Value": "TPR"
  },
  {
    "Disabled": false,
    "Group": null,
    "Selected": false,
    "Text": "TSR - Transcript Request",
    "Value": "TSR"
  }
]