[
  {
    "Disabled": false,
    "Group": null,
    "Selected": false,
    "Text": "Select Option",
    "Value": ""
  },
  {
    "Disabled": false,
    "Group": null,
    "Selected": false,
    "Text": "0 - Telephone Interview                ",
    "Value": "0"
  },
  {
    "Disabled": false,
    "Group": null,
    "Selected": false,
    "Text": "1 - Departmental Review                ",
    "Value": "1"
  },
  {
    "Disabled": false,
    "Group": null,
    "Selected": false,
    "Text": "2 - Interview                          ",
    "Value": "2"
  },
  {
    "Disabled": false,
    "Group": null,
    "Selected": false,
    "Text": "3 - Reexamination                      ",
    "Value": "3"
  },
  {
    "Disabled": false,
    "Group": null,
    "Selected": false,
    "Text": "4 - Hearing                            ",
    "Value": "4"
  },
  {
    "Disabled": false,
    "Group": null,
    "Selected": false,
    "Text": "5 - Court Review                       ",
    "Value": "5"
  },
  {
    "Disabled": false,
    "Group": null,
    "Selected": false,
    "Text": "6 - Priority Reexamination             ",
    "Value": "6"
  },
  {
    "Disabled": false,
    "Group": null,
    "Selected": false,
    "Text": "7 - Telephone Hearing                  ",
    "Value": "7"
  },
  {
    "Disabled": false,
    "Group": null,
    "Selected": false,
    "Text": "8 - Telephone Reexamination            ",
    "Value": "8"
  },
  {
    "Disabled": false,
    "Group": null,
    "Selected": false,
    "Text": "9 - Driver Safety Driver Investigation ",
    "Value": "9"
  },
  {
    "Disabled": false,
    "Group": null,
    "Selected": false,
    "Text": "C - Correspondence                     ",
    "Value": "C"
  },
  {
    "Disabled": false,
    "Group": null,
    "Selected": false,
    "Text": "D - Drop In/Counter Contact            ",
    "Value": "D"
  },
  {
    "Disabled": false,
    "Group": null,
    "Selected": false,
    "Text": "I - Immediate                          ",
    "Value": "I"
  },
  {
    "Disabled": false,
    "Group": null,
    "Selected": false,
    "Text": "P - Phone Call                         ",
    "Value": "P"
  }
]