[
  {
    "OfficeID": "197",
    "Name": "AAABBBCCC",
    "AddressLineOne": "testa",
    "City": "testllll",
    "Zip": "55555",
    "Zip4": "5555",
    "PhoneNumber": "9999999999",
    "DistrictID": "283",
    "EffectiveDate": "2017-10-26T00:00:00",
    "NameAbbriv": "ABC",
    "FieldFileDsg": "AB",
    "RequestorCode": "99999",
    "FaxNumber": "9999999999",
    "TerminationDate": "2018-10-30T00:00:00"
  },
  {
    "OfficeID": "198",
    "Name": "test11",
    "AddressLineOne": "test",
    "City": "test",
    "Zip": "55555",
    "Zip4": "5555",
    "PhoneNumber": "9999999999",
    "DistrictID": "199",
    "EffectiveDate": "2017-10-26T00:00:00",
    "NameAbbriv": "FFF",
    "FieldFileDsg": "FF",
    "RequestorCode": "99999",
    "FaxNumber": "9999999999",
    "TerminationDate": "2018-10-30T00:00:00"
  },
  {
    "OfficeID": "199",
    "Name": "test",
    "AddressLineOne": "test",
    "City": "test",
    "Zip": "123  ",
    "Zip4": "12  ",
    "PhoneNumber": "1231231231",
    "DistrictID": "255",
    "EffectiveDate": "2017-10-26T00:00:00",
    "NameAbbriv": "aaa",
    "FieldFileDsg": "aa",
    "RequestorCode": null,
    "FaxNumber": null,
    "TerminationDate": "2018-10-30T00:00:00"
  },
  {
    "OfficeID": "200",
    "Name": "LOD Office of Deputy Director",
    "AddressLineOne": "2570-24th Street",
    "City": "Sacramento",
    "Zip": "95818",
    "Zip4": null,
    "PhoneNumber": "9166576699",
    "DistrictID": "200",
    "EffectiveDate": "1996-12-06T00:00:00",
    "NameAbbriv": "DDD",
    "FieldFileDsg": "OO",
    "RequestorCode": "99999",
    "FaxNumber": null,
    "TerminationDate": null
  },
  {
    "OfficeID": "204",
    "Name": "Driver Safety Autom Development",
    "AddressLineOne": "2570-24th Street, M/S J154",
    "City": "Sacramento",
    "Zip": "95818",
    "Zip4": "    ",
    "PhoneNumber": "9166579009",
    "DistrictID": "204",
    "EffectiveDate": "1996-12-06T00:00:00",
    "NameAbbriv": "DSA",
    "FieldFileDsg": "OO",
    "RequestorCode": "90000",
    "FaxNumber": "          ",
    "TerminationDate": null
  },
  {
    "OfficeID": "214",
    "Name": "Senior Driver Ombudsman",
    "AddressLineOne": "2570 24th St. M/S J330",
    "City": "Sacramento",
    "Zip": "95818",
    "Zip4": "    ",
    "PhoneNumber": "9166570139",
    "DistrictID": "200",
    "EffectiveDate": "2012-12-21T00:00:00",
    "NameAbbriv": "SDO",
    "FieldFileDsg": "SO",
    "RequestorCode": "96111",
    "FaxNumber": "          ",
    "TerminationDate": null
  },
  {
    "OfficeID": "255",
    "Name": "DS Mandatory Actions Unit",
    "AddressLineOne": "2570 24th Street, M/S J255",
    "City": "SACRAMENTO",
    "Zip": "95818",
    "Zip4": "    ",
    "PhoneNumber": "9166576525",
    "DistrictID": "255",
    "EffectiveDate": "2004-11-01T00:00:00",
    "NameAbbriv": "MAU",
    "FieldFileDsg": "MA",
    "RequestorCode": "97200",
    "FaxNumber": "          ",
    "TerminationDate": null
  },
  {
    "OfficeID": "256",
    "Name": "Abstract Processing Unit",
    "AddressLineOne": "P.O. Box 942890",
    "City": "Sacramento",
    "Zip": "94290",
    "Zip4": "    ",
    "PhoneNumber": "9166575840",
    "DistrictID": "256",
    "EffectiveDate": "2003-08-28T00:00:00",
    "NameAbbriv": "APU",
    "FieldFileDsg": "AP",
    "RequestorCode": "95255",
    "FaxNumber": "9166576060",
    "TerminationDate": null
  },
  {
    "OfficeID": "274",
    "Name": "Covina",
    "AddressLineOne": "1365 N. Grand Ave., Suite 101",
    "City": "COVINA",
    "Zip": "91724",
    "Zip4": "1016",
    "PhoneNumber": "6269747137",
    "DistrictID": "274",
    "EffectiveDate": "2010-07-01T00:00:00",
    "NameAbbriv": "COV",
    "FieldFileDsg": "CV",
    "RequestorCode": "86335",
    "FaxNumber": "6269747118",
    "TerminationDate": null
  },
  {
    "OfficeID": "275",
    "Name": "Bakersfield",
    "AddressLineOne": "5800 District Blvd., Suite 100 - B",
    "City": "BAKERSFIELD",
    "Zip": "93313",
    "Zip4": "2148",
    "PhoneNumber": "6618332103",
    "DistrictID": "275",
    "EffectiveDate": "2010-03-15T00:00:00",
    "NameAbbriv": "BAK",
    "FieldFileDsg": "BK",
    "RequestorCode": "86326",
    "FaxNumber": "6618332102",
    "TerminationDate": null
  },
  {
    "OfficeID": "276",
    "Name": "Redding",
    "AddressLineOne": "2650 Churn Creek Road, Suite 200",
    "City": "Redding",
    "Zip": "96002",
    "Zip4": "1169",
    "PhoneNumber": "5302244755",
    "DistrictID": "276",
    "EffectiveDate": "2009-08-28T00:00:00",
    "NameAbbriv": "RDG",
    "FieldFileDsg": "RD",
    "RequestorCode": "86304",
    "FaxNumber": "5302244737",
    "TerminationDate": null
  },
  {
    "OfficeID": "277",
    "Name": "Stockton",
    "AddressLineOne": "710 N. American Street",
    "City": "STOCKTON",
    "Zip": "95202",
    "Zip4": "1823",
    "PhoneNumber": "2099487715",
    "DistrictID": "277",
    "EffectiveDate": "2013-01-28T00:00:00",
    "NameAbbriv": "SKN",
    "FieldFileDsg": "SK",
    "RequestorCode": "86305",
    "FaxNumber": "2094634858",
    "TerminationDate": null
  },
  {
    "OfficeID": "280",
    "Name": "Region III",
    "AddressLineOne": "5801 E. Slauson Avenue",
    "City": "City of Comme",
    "Zip": "90040",
    "Zip4": "3050",
    "PhoneNumber": "3238876166",
    "DistrictID": "280",
    "EffectiveDate": "2001-05-14T00:00:00",
    "NameAbbriv": "CRG",
    "FieldFileDsg": "CR",
    "RequestorCode": "86323",
    "FaxNumber": "3237284206",
    "TerminationDate": null
  },
  {
    "OfficeID": "281",
    "Name": "Region II",
    "AddressLineOne": "2051 N. Solar Drive, Suite 100",
    "City": "Oxnard",
    "Zip": "93036",
    "Zip4": "    ",
    "PhoneNumber": "8054850843",
    "DistrictID": "281",
    "EffectiveDate": "2012-06-13T00:00:00",
    "NameAbbriv": "OXN",
    "FieldFileDsg": "OX",
    "RequestorCode": "86324",
    "FaxNumber": "8059881420",
    "TerminationDate": null
  },
  {
    "OfficeID": "282",
    "Name": "Headquarters Operations",
    "AddressLineOne": "2570 24th Street        MS-J158",
    "City": "Sacramento",
    "Zip": "95818",
    "Zip4": "2947",
    "PhoneNumber": "9166572018",
    "DistrictID": "282",
    "EffectiveDate": "2001-09-19T00:00:00",
    "NameAbbriv": "DSH",
    "FieldFileDsg": "DS",
    "RequestorCode": "96000",
    "FaxNumber": null,
    "TerminationDate": null
  },
  {
    "OfficeID": "283",
    "Name": "Region I",
    "AddressLineOne": "7677 Oakport Street, Suite 220",
    "City": "Oakland",
    "Zip": "94621",
    "Zip4": "1906",
    "PhoneNumber": "5105638900",
    "DistrictID": "283",
    "EffectiveDate": "2012-06-13T00:00:00",
    "NameAbbriv": "NRG",
    "FieldFileDsg": "NR",
    "RequestorCode": "96000",
    "FaxNumber": "5105638903",
    "TerminationDate": null
  },
  {
    "OfficeID": "284",
    "Name": "Inland Region",
    "AddressLineOne": "5500 South Eastern Ave., Suite 150",
    "City": "City Commerce",
    "Zip": "90040",
    "Zip4": "    ",
    "PhoneNumber": "3238876178",
    "DistrictID": "284",
    "EffectiveDate": "2001-11-07T00:00:00",
    "NameAbbriv": "IRG",
    "FieldFileDsg": "IR",
    "RequestorCode": "86323",
    "FaxNumber": "          ",
    "TerminationDate": "2004-11-02T00:00:00"
  },
  {
    "OfficeID": "285",
    "Name": "Sacramento",
    "AddressLineOne": "4700 Broadway, 2nd Floor",
    "City": "Sacramento",
    "Zip": "95820",
    "Zip4": "1501",
    "PhoneNumber": "9162272970",
    "DistrictID": "285",
    "EffectiveDate": "1995-11-28T00:00:00",
    "NameAbbriv": "SAC",
    "FieldFileDsg": "SC",
    "RequestorCode": "86301",
    "FaxNumber": "9162272901",
    "TerminationDate": null
  },
  {
    "OfficeID": "286",
    "Name": "Fresno",
    "AddressLineOne": "2510 South East Avenue, Suite 310",
    "City": "Fresno",
    "Zip": "93706",
    "Zip4": "5116",
    "PhoneNumber": "5594456399",
    "DistrictID": "286",
    "EffectiveDate": "2002-08-27T00:00:00",
    "NameAbbriv": "FSO",
    "FieldFileDsg": "FS",
    "RequestorCode": "86303",
    "FaxNumber": "5594456398",
    "TerminationDate": null
  },
  {
    "OfficeID": "287",
    "Name": "Region IV",
    "AddressLineOne": "1845 Business Center Dr, Ste 212",
    "City": "San Bernardin",
    "Zip": "92408",
    "Zip4": "    ",
    "PhoneNumber": "9093837431",
    "DistrictID": "287",
    "EffectiveDate": "2001-11-07T00:00:00",
    "NameAbbriv": "SRG",
    "FieldFileDsg": "SR",
    "RequestorCode": "86336",
    "FaxNumber": "9098848293",
    "TerminationDate": null
  },
  {
    "OfficeID": "288",
    "Name": "Driver Safety Training & Procedures",
    "AddressLineOne": "2570-24th Street, M/S J155",
    "City": "Sacramento",
    "Zip": "95818",
    "Zip4": "    ",
    "PhoneNumber": "9166578793",
    "DistrictID": "288",
    "EffectiveDate": "1998-11-02T00:00:00",
    "NameAbbriv": "DSP",
    "FieldFileDsg": "OO",
    "RequestorCode": "96000",
    "FaxNumber": "9166577007",
    "TerminationDate": null
  },
  {
    "OfficeID": "289",
    "Name": "Oakland",
    "AddressLineOne": "7677 Oakport Street, Suite 220",
    "City": "Oakland",
    "Zip": "94621",
    "Zip4": "1906",
    "PhoneNumber": "5105638900",
    "DistrictID": "289",
    "EffectiveDate": "1994-12-07T00:00:00",
    "NameAbbriv": "OAK",
    "FieldFileDsg": "OK",
    "RequestorCode": "86312",
    "FaxNumber": "5105638950",
    "TerminationDate": null
  },
  {
    "OfficeID": "290",
    "Name": "San Francisco",
    "AddressLineOne": "1377 Fell Street, 2nd Floor",
    "City": "San Francisco",
    "Zip": "94117",
    "Zip4": "2296",
    "PhoneNumber": "4155571170",
    "DistrictID": "290",
    "EffectiveDate": "1994-12-07T00:00:00",
    "NameAbbriv": "SNF",
    "FieldFileDsg": "SF",
    "RequestorCode": "86311",
    "FaxNumber": "4155577375",
    "TerminationDate": null
  },
  {
    "OfficeID": "291",
    "Name": "San Jose",
    "AddressLineOne": "90 Great Oaks Blvd., Suite 104",
    "City": "San Jose",
    "Zip": "95119",
    "Zip4": "1314",
    "PhoneNumber": "4082297100",
    "DistrictID": "291",
    "EffectiveDate": "1994-12-07T00:00:00",
    "NameAbbriv": "SNJ",
    "FieldFileDsg": "SJ",
    "RequestorCode": "86313",
    "FaxNumber": "4082297128",
    "TerminationDate": null
  },
  {
    "OfficeID": "292",
    "Name": "El Segundo",
    "AddressLineOne": "390 N. Sepulveda Blvd, Ste 2075",
    "City": "El Segundo",
    "Zip": "90245",
    "Zip4": "4401",
    "PhoneNumber": "3106153500",
    "DistrictID": "292",
    "EffectiveDate": "1997-10-23T00:00:00",
    "NameAbbriv": "ESG",
    "FieldFileDsg": "ES",
    "RequestorCode": "86321",
    "FaxNumber": "3106153581",
    "TerminationDate": null
  },
  {
    "OfficeID": "293",
    "Name": "Van Nuys",
    "AddressLineOne": "6150 Van Nuys Boulevard, Suite 205",
    "City": "Van Nuys",
    "Zip": "91401",
    "Zip4": "3344",
    "PhoneNumber": "8183764217",
    "DistrictID": "293",
    "EffectiveDate": "2001-07-17T00:00:00",
    "NameAbbriv": "VNY",
    "FieldFileDsg": "VN",
    "RequestorCode": "86325",
    "FaxNumber": "8183764215",
    "TerminationDate": null
  },
  {
    "OfficeID": "294",
    "Name": "Los Angeles",
    "AddressLineOne": "3615 S. Hope Street",
    "City": "Los Angeles",
    "Zip": "90007",
    "Zip4": null,
    "PhoneNumber": "3106153500",
    "DistrictID": "292",
    "EffectiveDate": "1994-12-07T00:00:00",
    "NameAbbriv": "LSA",
    "FieldFileDsg": "ES",
    "RequestorCode": "86322",
    "FaxNumber": null,
    "TerminationDate": null
  },
  {
    "OfficeID": "295",
    "Name": "Long Beach",
    "AddressLineOne": "4300 Long Beach Blvd., Ste 500",
    "City": "Long Beach",
    "Zip": "90807",
    "Zip4": null,
    "PhoneNumber": "3106153500",
    "DistrictID": "292",
    "EffectiveDate": "1994-12-07T00:00:00",
    "NameAbbriv": "LGB",
    "FieldFileDsg": "LB",
    "RequestorCode": "86332",
    "FaxNumber": null,
    "TerminationDate": null
  },
  {
    "OfficeID": "296",
    "Name": "Irvine",
    "AddressLineOne": "16735 Von Karman Avenue, Ste 110",
    "City": "Irvine",
    "Zip": "92606",
    "Zip4": "4953",
    "PhoneNumber": "9494404416",
    "DistrictID": "296",
    "EffectiveDate": "1994-12-07T00:00:00",
    "NameAbbriv": "IRV",
    "FieldFileDsg": "SA",
    "RequestorCode": "86331",
    "FaxNumber": "9494404424",
    "TerminationDate": null
  },
  {
    "OfficeID": "298",
    "Name": "San Diego",
    "AddressLineOne": "9174 Sky Park Court, Suite 200",
    "City": "San Diego",
    "Zip": "92124",
    "Zip4": "4353",
    "PhoneNumber": "8586273901",
    "DistrictID": "298",
    "EffectiveDate": "1994-12-07T00:00:00",
    "NameAbbriv": "SND",
    "FieldFileDsg": "SD",
    "RequestorCode": "86334",
    "FaxNumber": "8586273925",
    "TerminationDate": null
  },
  {
    "OfficeID": "299",
    "Name": "San Bernardino",
    "AddressLineOne": "1845 Business Center Drive, Ste 212",
    "City": "Sn Bernardino",
    "Zip": "92408",
    "Zip4": "3447",
    "PhoneNumber": "9093837413",
    "DistrictID": "299",
    "EffectiveDate": "1994-12-07T00:00:00",
    "NameAbbriv": "SNB",
    "FieldFileDsg": "SN",
    "RequestorCode": "86336",
    "FaxNumber": "9093837439",
    "TerminationDate": null
  },
  {
    "OfficeID": "301",
    "Name": "City of Commerce",
    "AddressLineOne": "5801 E. Slauson Ave. Flr 2, Ste 250",
    "City": "Commerce",
    "Zip": "90040",
    "Zip4": "3050",
    "PhoneNumber": "3237244000",
    "DistrictID": "301",
    "EffectiveDate": "1994-12-07T00:00:00",
    "NameAbbriv": "CCM",
    "FieldFileDsg": "MB",
    "RequestorCode": "86323",
    "FaxNumber": "3237249262",
    "TerminationDate": null
  },
  {
    "OfficeID": "304",
    "Name": "Inglewood",
    "AddressLineOne": "621 N. La Brea Avenue, #1",
    "City": "Inglewood",
    "Zip": "90302",
    "Zip4": null,
    "PhoneNumber": "3106153500",
    "DistrictID": "292",
    "EffectiveDate": "1994-12-07T00:00:00",
    "NameAbbriv": "ING",
    "FieldFileDsg": "IG",
    "RequestorCode": "86321",
    "FaxNumber": null,
    "TerminationDate": null
  },
  {
    "OfficeID": "305",
    "Name": "Oxnard",
    "AddressLineOne": "2051 N. Solar Drive, Suite 100",
    "City": "Oxnard",
    "Zip": "93036",
    "Zip4": "    ",
    "PhoneNumber": "8059883050",
    "DistrictID": "305",
    "EffectiveDate": "1994-12-07T00:00:00",
    "NameAbbriv": "OXN",
    "FieldFileDsg": "OX",
    "RequestorCode": "86324",
    "FaxNumber": "8059881420",
    "TerminationDate": null
  },
  {
    "OfficeID": "401",
    "Name": "Driver Safety Appeals Unit",
    "AddressLineOne": "2570-24th Street, M/S J256",
    "City": "Sacramento",
    "Zip": "95818",
    "Zip4": "    ",
    "PhoneNumber": "9166577730",
    "DistrictID": "401",
    "EffectiveDate": "2003-09-15T00:00:00",
    "NameAbbriv": "APL",
    "FieldFileDsg": "AP",
    "RequestorCode": "96000",
    "FaxNumber": "9166575856",
    "TerminationDate": null
  },
  {
    "OfficeID": "404",
    "Name": "Driver Safety Chiefs Office",
    "AddressLineOne": "2415 First Avenue",
    "City": "Sacramento",
    "Zip": "95818",
    "Zip4": null,
    "PhoneNumber": "9166577023",
    "DistrictID": "404",
    "EffectiveDate": "1994-12-22T00:00:00",
    "NameAbbriv": "CHF",
    "FieldFileDsg": "CH",
    "RequestorCode": "95650",
    "FaxNumber": null,
    "TerminationDate": null
  },
  {
    "OfficeID": "420",
    "Name": "Driver Safety Actions Unit",
    "AddressLineOne": "2570 24th St., M/S J234",
    "City": "SACRAMENTO",
    "Zip": "95818",
    "Zip4": "    ",
    "PhoneNumber": "9166576452",
    "DistrictID": "420",
    "EffectiveDate": "2003-09-15T00:00:00",
    "NameAbbriv": "ACT",
    "FieldFileDsg": "AC",
    "RequestorCode": "96000",
    "FaxNumber": "9166575856",
    "TerminationDate": null
  },
  {
    "OfficeID": "421",
    "Name": "Driver Safety Litigation Unit",
    "AddressLineOne": "2570 24th St. M/S J256",
    "City": "SACRAMENTO",
    "Zip": "95818",
    "Zip4": "    ",
    "PhoneNumber": "9166578431",
    "DistrictID": "421",
    "EffectiveDate": "2003-09-15T00:00:00",
    "NameAbbriv": "LIT",
    "FieldFileDsg": "LT",
    "RequestorCode": "96000",
    "FaxNumber": "9166577775",
    "TerminationDate": null
  },
  {
    "OfficeID": "422",
    "Name": "Driver Safety Services Unit",
    "AddressLineOne": "2570 24th St., M/S J234",
    "City": "SACRAMENTO",
    "Zip": "95818",
    "Zip4": "    ",
    "PhoneNumber": "9166576452",
    "DistrictID": "422",
    "EffectiveDate": "2003-09-15T00:00:00",
    "NameAbbriv": "DSS",
    "FieldFileDsg": "DS",
    "RequestorCode": "96000",
    "FaxNumber": "9166575856",
    "TerminationDate": null
  },
  {
    "OfficeID": "446",
    "Name": "Technical Services Section",
    "AddressLineOne": "2570-24th Street, M/S J600",
    "City": "Sacramento",
    "Zip": "95818",
    "Zip4": "    ",
    "PhoneNumber": "9166578793",
    "DistrictID": "446",
    "EffectiveDate": "2003-09-15T00:00:00",
    "NameAbbriv": "TSS",
    "FieldFileDsg": "TS",
    "RequestorCode": "96255",
    "FaxNumber": "9166576262",
    "TerminationDate": null
  },
  {
    "OfficeID": "513",
    "Name": "Truckee",
    "AddressLineOne": "11357 Donner Pass Rd., P O Box 8785",
    "City": "Truckee",
    "Zip": "96161",
    "Zip4": "    ",
    "PhoneNumber": "9162272970",
    "DistrictID": "285",
    "EffectiveDate": "1995-03-28T00:00:00",
    "NameAbbriv": "TRK",
    "FieldFileDsg": "SC",
    "RequestorCode": "86300",
    "FaxNumber": "          ",
    "TerminationDate": null
  },
  {
    "OfficeID": "515",
    "Name": "State Building - Van Nuys",
    "AddressLineOne": "6150 Van Nuys Blvd, Suite 205",
    "City": "Van Nuys",
    "Zip": "91405",
    "Zip4": null,
    "PhoneNumber": "3106153500",
    "DistrictID": "292",
    "EffectiveDate": "2000-03-01T00:00:00",
    "NameAbbriv": "VNY",
    "FieldFileDsg": "ES",
    "RequestorCode": "86321",
    "FaxNumber": null,
    "TerminationDate": "2001-07-17T15:43:50.14"
  },
  {
    "OfficeID": "517",
    "Name": "Stockton",
    "AddressLineOne": "710 North American Street",
    "City": "Stockton",
    "Zip": "95202",
    "Zip4": null,
    "PhoneNumber": "9162272970",
    "DistrictID": "285",
    "EffectiveDate": "1995-07-13T00:00:00",
    "NameAbbriv": "SKN",
    "FieldFileDsg": "SC",
    "RequestorCode": "80115",
    "FaxNumber": null,
    "TerminationDate": null
  },
  {
    "OfficeID": "518",
    "Name": "Mountain Dew",
    "AddressLineOne": "595 Showers Dr.",
    "City": "MOUNTAIN VIEW",
    "Zip": "94040",
    "Zip4": "1432",
    "PhoneNumber": "4082297100",
    "DistrictID": "291",
    "EffectiveDate": "2011-09-23T00:00:00",
    "NameAbbriv": "MVW",
    "FieldFileDsg": "SJ",
    "RequestorCode": "86313",
    "FaxNumber": "4082297128",
    "TerminationDate": null
  },
  {
    "OfficeID": "519",
    "Name": "San Diego - Clairemont",
    "AddressLineOne": "4375 Derrick Dr.",
    "City": "San Diego",
    "Zip": "92117",
    "Zip4": null,
    "PhoneNumber": "6196273901",
    "DistrictID": "298",
    "EffectiveDate": "1995-12-06T00:00:00",
    "NameAbbriv": "SDC",
    "FieldFileDsg": "SD",
    "RequestorCode": "80519",
    "FaxNumber": null,
    "TerminationDate": null
  },
  {
    "OfficeID": "520",
    "Name": "Chico",
    "AddressLineOne": "500 Cohasset Road, Suite 31",
    "City": "Chico",
    "Zip": "95926",
    "Zip4": "2279",
    "PhoneNumber": "5302244755",
    "DistrictID": "276",
    "EffectiveDate": "2012-01-31T00:00:00",
    "NameAbbriv": "CHI",
    "FieldFileDsg": "RD",
    "RequestorCode": "86304",
    "FaxNumber": "5302244737",
    "TerminationDate": null
  },
  {
    "OfficeID": "521",
    "Name": "Jackson",
    "AddressLineOne": "201 Clinton Road",
    "City": "Jackson",
    "Zip": "95642",
    "Zip4": "2279",
    "PhoneNumber": "9162272970",
    "DistrictID": "285",
    "EffectiveDate": "1994-12-08T00:00:00",
    "NameAbbriv": "JCK",
    "FieldFileDsg": "SC",
    "RequestorCode": "86305",
    "FaxNumber": null,
    "TerminationDate": null
  },
  {
    "OfficeID": "522",
    "Name": "Oroville",
    "AddressLineOne": "775 Mitchell Avenue",
    "City": "Oroville",
    "Zip": "95965",
    "Zip4": "2279",
    "PhoneNumber": "5302244755",
    "DistrictID": "276",
    "EffectiveDate": "2011-11-14T00:00:00",
    "NameAbbriv": "ORO",
    "FieldFileDsg": "RD",
    "RequestorCode": "86304",
    "FaxNumber": "5302244737",
    "TerminationDate": null
  },
  {
    "OfficeID": "523",
    "Name": "Concord",
    "AddressLineOne": "2075 Meridian Park Boulevard",
    "City": "Concord",
    "Zip": "94520",
    "Zip4": null,
    "PhoneNumber": "5105638900",
    "DistrictID": "289",
    "EffectiveDate": "1995-07-13T00:00:00",
    "NameAbbriv": "CNC",
    "FieldFileDsg": "OK",
    "RequestorCode": "86321",
    "FaxNumber": null,
    "TerminationDate": null
  },
  {
    "OfficeID": "524",
    "Name": "Crescent City",
    "AddressLineOne": "1475 Parkway Drive",
    "City": "Crescent City",
    "Zip": "95531",
    "Zip4": "2296",
    "PhoneNumber": "4155571170",
    "DistrictID": "290",
    "EffectiveDate": "1994-12-08T00:00:00",
    "NameAbbriv": "CSC",
    "FieldFileDsg": "SF",
    "RequestorCode": "86306",
    "FaxNumber": null,
    "TerminationDate": null
  },
  {
    "OfficeID": "525",
    "Name": "Placerville",
    "AddressLineOne": "2919 Cold Springs Road",
    "City": "Placerville",
    "Zip": "95667",
    "Zip4": "1720",
    "PhoneNumber": "9162272970",
    "DistrictID": "285",
    "EffectiveDate": "1995-03-28T00:00:00",
    "NameAbbriv": "PLC",
    "FieldFileDsg": "SC",
    "RequestorCode": "86300",
    "FaxNumber": null,
    "TerminationDate": null
  },
  {
    "OfficeID": "526",
    "Name": "Eureka",
    "AddressLineOne": "322 W. 15th Street",
    "City": "Eureka",
    "Zip": "95501",
    "Zip4": "2296",
    "PhoneNumber": "5302244755",
    "DistrictID": "276",
    "EffectiveDate": "2009-08-28T00:00:00",
    "NameAbbriv": "ERK",
    "FieldFileDsg": "RD",
    "RequestorCode": "86304",
    "FaxNumber": "5302244737",
    "TerminationDate": null
  },
  {
    "OfficeID": "527",
    "Name": "El Centro",
    "AddressLineOne": "233 N. Imperial Avenue",
    "City": "El Centro",
    "Zip": "92243",
    "Zip4": "    ",
    "PhoneNumber": "8586273901",
    "DistrictID": "298",
    "EffectiveDate": "1994-12-09T00:00:00",
    "NameAbbriv": "ELC",
    "FieldFileDsg": "SD",
    "RequestorCode": "86334",
    "FaxNumber": "          ",
    "TerminationDate": null
  },
  {
    "OfficeID": "529",
    "Name": "Bakersfield",
    "AddressLineOne": "3120 F Street",
    "City": "Bakersfield",
    "Zip": "93301",
    "Zip4": "    ",
    "PhoneNumber": "5594456399",
    "DistrictID": "286",
    "EffectiveDate": "2001-09-18T00:00:00",
    "NameAbbriv": "BAK",
    "FieldFileDsg": "FS",
    "RequestorCode": "86326",
    "FaxNumber": "          ",
    "TerminationDate": null
  },
  {
    "OfficeID": "530",
    "Name": "Lakeport",
    "AddressLineOne": "501 South Main Street",
    "City": "Lakeport",
    "Zip": "95453",
    "Zip4": "2296",
    "PhoneNumber": "4155571170",
    "DistrictID": "290",
    "EffectiveDate": "1994-12-08T00:00:00",
    "NameAbbriv": "LKP",
    "FieldFileDsg": "SF",
    "RequestorCode": "86314",
    "FaxNumber": "          ",
    "TerminationDate": null
  },
  {
    "OfficeID": "531",
    "Name": "Susanville",
    "AddressLineOne": "2615 Main Street",
    "City": "Susanville",
    "Zip": "96130",
    "Zip4": "4399",
    "PhoneNumber": "9162272970",
    "DistrictID": "285",
    "EffectiveDate": "1994-12-08T00:00:00",
    "NameAbbriv": "SUS",
    "FieldFileDsg": "SC",
    "RequestorCode": "86306",
    "FaxNumber": null,
    "TerminationDate": null
  },
  {
    "OfficeID": "532",
    "Name": "Pomona",
    "AddressLineOne": "1600 S. Garey Avenue",
    "City": "Pomona",
    "Zip": "91766",
    "Zip4": "2947",
    "PhoneNumber": "3237244000",
    "DistrictID": "274",
    "EffectiveDate": "2000-08-05T00:00:00",
    "NameAbbriv": "POM",
    "FieldFileDsg": "CV",
    "RequestorCode": "86323",
    "FaxNumber": "          ",
    "TerminationDate": null
  },
  {
    "OfficeID": "534",
    "Name": "Corte Madera",
    "AddressLineOne": "75 Tamal Vista Boulevard",
    "City": "Corte Madera",
    "Zip": "94925",
    "Zip4": "2296",
    "PhoneNumber": "4155571170",
    "DistrictID": "290",
    "EffectiveDate": "1994-12-09T00:00:00",
    "NameAbbriv": "CTM",
    "FieldFileDsg": "SF",
    "RequestorCode": "86311",
    "FaxNumber": null,
    "TerminationDate": null
  },
  {
    "OfficeID": "535",
    "Name": "Ukiah",
    "AddressLineOne": "542 South Orchard Avenue",
    "City": "Ukiah",
    "Zip": "95482",
    "Zip4": "2296",
    "PhoneNumber": "4155571170",
    "DistrictID": "290",
    "EffectiveDate": "1994-12-08T00:00:00",
    "NameAbbriv": "UKI",
    "FieldFileDsg": "SF",
    "RequestorCode": "86314",
    "FaxNumber": "          ",
    "TerminationDate": null
  },
  {
    "OfficeID": "537",
    "Name": "Alturas",
    "AddressLineOne": "903 West C Street",
    "City": "Alturas",
    "Zip": "96101",
    "Zip4": "4399",
    "PhoneNumber": "9162272970",
    "DistrictID": "285",
    "EffectiveDate": "1994-12-08T00:00:00",
    "NameAbbriv": "ALT",
    "FieldFileDsg": "SC",
    "RequestorCode": "86306",
    "FaxNumber": null,
    "TerminationDate": null
  },
  {
    "OfficeID": "538",
    "Name": "South Lake Tahoe",
    "AddressLineOne": "2180 Highway 50, P.O. Box 8976",
    "City": "S. L. Tahoe",
    "Zip": "96158",
    "Zip4": "4399",
    "PhoneNumber": "9162272970",
    "DistrictID": "285",
    "EffectiveDate": "1995-03-28T00:00:00",
    "NameAbbriv": "SLT",
    "FieldFileDsg": "SC",
    "RequestorCode": "86300",
    "FaxNumber": null,
    "TerminationDate": null
  },
  {
    "OfficeID": "539",
    "Name": "Salinas",
    "AddressLineOne": "260 E. Laurel Drive",
    "City": "Salinas",
    "Zip": "93906",
    "Zip4": null,
    "PhoneNumber": "4082771314",
    "DistrictID": "291",
    "EffectiveDate": "1994-12-08T00:00:00",
    "NameAbbriv": "SAL",
    "FieldFileDsg": "SJ",
    "RequestorCode": "80539",
    "FaxNumber": null,
    "TerminationDate": null
  },
  {
    "OfficeID": "540",
    "Name": "Napa",
    "AddressLineOne": "2550 Napa Valley Corporate Drive",
    "City": "Napa",
    "Zip": "94558",
    "Zip4": "2296",
    "PhoneNumber": "4155571170",
    "DistrictID": "290",
    "EffectiveDate": "1994-12-08T00:00:00",
    "NameAbbriv": "NPA",
    "FieldFileDsg": "SF",
    "RequestorCode": "86314",
    "FaxNumber": "          ",
    "TerminationDate": null
  },
  {
    "OfficeID": "541",
    "Name": "Grass Valley",
    "AddressLineOne": "11890 Sutton Way",
    "City": "Grass Valley",
    "Zip": "95945",
    "Zip4": "1720",
    "PhoneNumber": "9162272970",
    "DistrictID": "285",
    "EffectiveDate": "1995-03-28T00:00:00",
    "NameAbbriv": "GRV",
    "FieldFileDsg": "SC",
    "RequestorCode": "86300",
    "FaxNumber": null,
    "TerminationDate": null
  },
  {
    "OfficeID": "544",
    "Name": "QuincyDog",
    "AddressLineOne": "80 Boston Terrier Way",
    "City": "Quincy",
    "Zip": "95971",
    "Zip4": "1720",
    "PhoneNumber": "9162272970",
    "DistrictID": "285",
    "EffectiveDate": "1994-12-08T00:00:00",
    "NameAbbriv": "QCY",
    "FieldFileDsg": "SC",
    "RequestorCode": "86306",
    "FaxNumber": null,
    "TerminationDate": null
  },
  {
    "OfficeID": "546",
    "Name": "Hollister",
    "AddressLineOne": "80 N. Sally Street",
    "City": "Hollister",
    "Zip": "95023",
    "Zip4": null,
    "PhoneNumber": "4082771314",
    "DistrictID": "291",
    "EffectiveDate": "1994-12-08T00:00:00",
    "NameAbbriv": "HOL",
    "FieldFileDsg": "SJ",
    "RequestorCode": "86315",
    "FaxNumber": null,
    "TerminationDate": null
  },
  {
    "OfficeID": "547",
    "Name": "San Luis Obispo",
    "AddressLineOne": "3190 S. Higuera Street",
    "City": "Sn Ls Obispo",
    "Zip": "93401",
    "Zip4": "6499",
    "PhoneNumber": "8054880863",
    "DistrictID": "305",
    "EffectiveDate": "1994-12-09T00:00:00",
    "NameAbbriv": "SLO",
    "FieldFileDsg": "OX",
    "RequestorCode": "86324",
    "FaxNumber": null,
    "TerminationDate": null
  },
  {
    "OfficeID": "548",
    "Name": "Redwood City",
    "AddressLineOne": "300 Brewster Avenue",
    "City": "Redwood City",
    "Zip": "94063",
    "Zip4": "2296",
    "PhoneNumber": "4155571170",
    "DistrictID": "290",
    "EffectiveDate": "1994-12-09T00:00:00",
    "NameAbbriv": "RCY",
    "FieldFileDsg": "SF",
    "RequestorCode": "86311",
    "FaxNumber": null,
    "TerminationDate": null
  },
  {
    "OfficeID": "549",
    "Name": "Santa Barbara",
    "AddressLineOne": "535 Castillo Street",
    "City": "Santa Barbara",
    "Zip": "93101",
    "Zip4": "6499",
    "PhoneNumber": "8054880863",
    "DistrictID": "305",
    "EffectiveDate": "1995-11-15T00:00:00",
    "NameAbbriv": "STB",
    "FieldFileDsg": "OX",
    "RequestorCode": "80549",
    "FaxNumber": null,
    "TerminationDate": null
  },
  {
    "OfficeID": "550",
    "Name": "Capitola",
    "AddressLineOne": "4200 Capitola Road",
    "City": "Capitola",
    "Zip": "95010",
    "Zip4": null,
    "PhoneNumber": "4082771314",
    "DistrictID": "291",
    "EffectiveDate": "1994-12-08T00:00:00",
    "NameAbbriv": "CAP",
    "FieldFileDsg": "SJ",
    "RequestorCode": "86315",
    "FaxNumber": null,
    "TerminationDate": null
  },
  {
    "OfficeID": "551",
    "Name": "Redding",
    "AddressLineOne": "2135 Civic Center Drive Rm 20A",
    "City": "Redding",
    "Zip": "96001",
    "Zip4": "1720",
    "PhoneNumber": "5302290553",
    "DistrictID": "285",
    "EffectiveDate": "1994-12-08T00:00:00",
    "NameAbbriv": "RDG",
    "FieldFileDsg": "SC",
    "RequestorCode": "86306",
    "FaxNumber": "5302290550",
    "TerminationDate": null
  },
  {
    "OfficeID": "552",
    "Name": "Yreka",
    "AddressLineOne": "1848 S. Fort Jones Road, PO Box 337",
    "City": "Yreka",
    "Zip": "96097",
    "Zip4": "1720",
    "PhoneNumber": "5302244755",
    "DistrictID": "276",
    "EffectiveDate": "2009-08-28T00:00:00",
    "NameAbbriv": "YKA",
    "FieldFileDsg": "RD",
    "RequestorCode": "86304",
    "FaxNumber": "5302244737",
    "TerminationDate": null
  },
  {
    "OfficeID": "554",
    "Name": "Vallejo",
    "AddressLineOne": "200 Couch Street",
    "City": "Vallejo",
    "Zip": "94590",
    "Zip4": null,
    "PhoneNumber": "5105638900",
    "DistrictID": "289",
    "EffectiveDate": "1994-12-09T00:00:00",
    "NameAbbriv": "VLO",
    "FieldFileDsg": "OK",
    "RequestorCode": "86523",
    "FaxNumber": null,
    "TerminationDate": null
  },
  {
    "OfficeID": "555",
    "Name": "Santa Rosa",
    "AddressLineOne": "2570 Corby Avenue",
    "City": "Santa Rosa",
    "Zip": "95407",
    "Zip4": "7592",
    "PhoneNumber": "4155571170",
    "DistrictID": "290",
    "EffectiveDate": "2002-04-02T00:00:00",
    "NameAbbriv": "STR",
    "FieldFileDsg": "SF",
    "RequestorCode": "86311",
    "FaxNumber": null,
    "TerminationDate": null
  },
  {
    "OfficeID": "556",
    "Name": "El Cerrito",
    "AddressLineOne": "6400 Manila Avenue",
    "City": "El Cerito",
    "Zip": "94530",
    "Zip4": null,
    "PhoneNumber": "5105638900",
    "DistrictID": "289",
    "EffectiveDate": "1994-12-09T00:00:00",
    "NameAbbriv": "ECR",
    "FieldFileDsg": "OK",
    "RequestorCode": "86523",
    "FaxNumber": null,
    "TerminationDate": null
  },
  {
    "OfficeID": "557",
    "Name": "Modesto",
    "AddressLineOne": "124 Burney Street",
    "City": "Modesto",
    "Zip": "95354",
    "Zip4": "1720",
    "PhoneNumber": "9162272970",
    "DistrictID": "285",
    "EffectiveDate": "1994-12-08T00:00:00",
    "NameAbbriv": "MOD",
    "FieldFileDsg": "SC",
    "RequestorCode": "86305",
    "FaxNumber": null,
    "TerminationDate": null
  },
  {
    "OfficeID": "558",
    "Name": "Red Bluff",
    "AddressLineOne": "675 Monroe Street",
    "City": "Red Bluff",
    "Zip": "96080",
    "Zip4": "1720",
    "PhoneNumber": "9162272970",
    "DistrictID": "285",
    "EffectiveDate": "1994-12-08T00:00:00",
    "NameAbbriv": "RDB",
    "FieldFileDsg": "SC",
    "RequestorCode": "86306",
    "FaxNumber": null,
    "TerminationDate": null
  },
  {
    "OfficeID": "559",
    "Name": "Visalia",
    "AddressLineOne": "1711 East Main",
    "City": "Visalia",
    "Zip": "93292",
    "Zip4": "    ",
    "PhoneNumber": "5594456399",
    "DistrictID": "286",
    "EffectiveDate": "1994-12-08T00:00:00",
    "NameAbbriv": "VSL",
    "FieldFileDsg": "FS",
    "RequestorCode": "86303",
    "FaxNumber": "          ",
    "TerminationDate": null
  },
  {
    "OfficeID": "560",
    "Name": "Ventura",
    "AddressLineOne": "4260 Market St",
    "City": "Ventura",
    "Zip": "93003",
    "Zip4": "    ",
    "PhoneNumber": "8054880863",
    "DistrictID": "305",
    "EffectiveDate": "2005-08-23T00:00:00",
    "NameAbbriv": "VEN",
    "FieldFileDsg": "OX",
    "RequestorCode": "86324",
    "FaxNumber": "8054883219",
    "TerminationDate": null
  },
  {
    "OfficeID": "561",
    "Name": "Woodland",
    "AddressLineOne": "825 East Street, #306",
    "City": "Woodland",
    "Zip": "95695",
    "Zip4": "1720",
    "PhoneNumber": "9162272970",
    "DistrictID": "285",
    "EffectiveDate": "1995-03-28T00:00:00",
    "NameAbbriv": "WDL",
    "FieldFileDsg": "SC",
    "RequestorCode": "86300",
    "FaxNumber": null,
    "TerminationDate": null
  },
  {
    "OfficeID": "562",
    "Name": "Yuba City",
    "AddressLineOne": "1570 Poole Boulevard",
    "City": "Yuba City",
    "Zip": "95993",
    "Zip4": null,
    "PhoneNumber": "9162272970",
    "DistrictID": "285",
    "EffectiveDate": "2001-09-18T00:00:00",
    "NameAbbriv": "YCY",
    "FieldFileDsg": "SC",
    "RequestorCode": "86306",
    "FaxNumber": null,
    "TerminationDate": null
  },
  {
    "OfficeID": "563",
    "Name": "Santa Maria",
    "AddressLineOne": "523 S. McClelland Street",
    "City": "Santa Maria",
    "Zip": "93454",
    "Zip4": "6499",
    "PhoneNumber": "8054880863",
    "DistrictID": "305",
    "EffectiveDate": "1995-11-15T00:00:00",
    "NameAbbriv": "STM",
    "FieldFileDsg": "OX",
    "RequestorCode": "80563",
    "FaxNumber": null,
    "TerminationDate": null
  },
  {
    "OfficeID": "564",
    "Name": "Colusa",
    "AddressLineOne": "305 Fremont Street",
    "City": "Colusa",
    "Zip": "95932",
    "Zip4": "2279",
    "PhoneNumber": "9162272970",
    "DistrictID": "285",
    "EffectiveDate": "1994-12-08T00:00:00",
    "NameAbbriv": "COL",
    "FieldFileDsg": "SC",
    "RequestorCode": "86306",
    "FaxNumber": null,
    "TerminationDate": null
  },
  {
    "OfficeID": "567",
    "Name": "Seaside",
    "AddressLineOne": "1180 Canyon Del Rey",
    "City": "Seaside",
    "Zip": "93955",
    "Zip4": null,
    "PhoneNumber": "4082771314",
    "DistrictID": "291",
    "EffectiveDate": "1995-11-14T00:00:00",
    "NameAbbriv": "SEA",
    "FieldFileDsg": "OK",
    "RequestorCode": "80567",
    "FaxNumber": null,
    "TerminationDate": null
  },
  {
    "OfficeID": "568",
    "Name": "San Andreas",
    "AddressLineOne": "745 Mountain Ranch Road",
    "City": "San Andreas",
    "Zip": "95249",
    "Zip4": "1720",
    "PhoneNumber": "9162272970",
    "DistrictID": "285",
    "EffectiveDate": "1994-12-08T00:00:00",
    "NameAbbriv": "SNA",
    "FieldFileDsg": "SC",
    "RequestorCode": "86305",
    "FaxNumber": null,
    "TerminationDate": null
  },
  {
    "OfficeID": "569",
    "Name": "Sonora",
    "AddressLineOne": "885 Morning Star Drive",
    "City": "Sonora",
    "Zip": "95370",
    "Zip4": "1720",
    "PhoneNumber": "9162272970",
    "DistrictID": "285",
    "EffectiveDate": "1994-12-08T00:00:00",
    "NameAbbriv": "SNR",
    "FieldFileDsg": "SC",
    "RequestorCode": "86305",
    "FaxNumber": null,
    "TerminationDate": null
  },
  {
    "OfficeID": "570",
    "Name": "Auburn",
    "AddressLineOne": "11722 Enterprise Drive",
    "City": "Auburn",
    "Zip": "95603",
    "Zip4": "1720",
    "PhoneNumber": "9162272970",
    "DistrictID": "285",
    "EffectiveDate": "1995-03-28T00:00:00",
    "NameAbbriv": "AUB",
    "FieldFileDsg": "SC",
    "RequestorCode": "86300",
    "FaxNumber": null,
    "TerminationDate": null
  },
  {
    "OfficeID": "571",
    "Name": "Willows",
    "AddressLineOne": "460 N. Humboldt Avenue",
    "City": "Willows",
    "Zip": "95988",
    "Zip4": "2279",
    "PhoneNumber": "9162272970",
    "DistrictID": "285",
    "EffectiveDate": "1994-12-08T00:00:00",
    "NameAbbriv": "WLW",
    "FieldFileDsg": "SC",
    "RequestorCode": "86306",
    "FaxNumber": null,
    "TerminationDate": null
  },
  {
    "OfficeID": "574",
    "Name": "Paso Robles",
    "AddressLineOne": "841 Park Street",
    "City": "Paso Robles",
    "Zip": "91107",
    "Zip4": "6499",
    "PhoneNumber": "8054880863",
    "DistrictID": "305",
    "EffectiveDate": "1995-11-15T00:00:00",
    "NameAbbriv": "PRO",
    "FieldFileDsg": "OX",
    "RequestorCode": "80574",
    "FaxNumber": null,
    "TerminationDate": null
  },
  {
    "OfficeID": "577",
    "Name": "Ridgecrest",
    "AddressLineOne": "540 Perdew Avenue, Suite A",
    "City": "Ridgecrest",
    "Zip": "93555",
    "Zip4": "6499",
    "PhoneNumber": "5594456399",
    "DistrictID": "286",
    "EffectiveDate": "1994-12-08T00:00:00",
    "NameAbbriv": "RID",
    "FieldFileDsg": "FS",
    "RequestorCode": "86326",
    "FaxNumber": "          ",
    "TerminationDate": null
  },
  {
    "OfficeID": "579",
    "Name": "Hayward",
    "AddressLineOne": "150 Jackson St.",
    "City": "Hayward",
    "Zip": "94544",
    "Zip4": null,
    "PhoneNumber": "5105638900",
    "DistrictID": "289",
    "EffectiveDate": "1998-05-21T00:00:00",
    "NameAbbriv": "HWD",
    "FieldFileDsg": "OK",
    "RequestorCode": "86523",
    "FaxNumber": null,
    "TerminationDate": null
  },
  {
    "OfficeID": "581",
    "Name": "Compton",
    "AddressLineOne": "2111 S. Santa Fe Avenue",
    "City": "Compton",
    "Zip": "90221",
    "Zip4": null,
    "PhoneNumber": "3106153500",
    "DistrictID": "292",
    "EffectiveDate": "1997-10-27T00:00:00",
    "NameAbbriv": "COM",
    "FieldFileDsg": "ES",
    "RequestorCode": "86321",
    "FaxNumber": null,
    "TerminationDate": null
  },
  {
    "OfficeID": "583",
    "Name": "Watsonville",
    "AddressLineOne": "90 Alta Vista Avenue",
    "City": "Watsonville",
    "Zip": "95076",
    "Zip4": null,
    "PhoneNumber": "4082771314",
    "DistrictID": "291",
    "EffectiveDate": "1994-12-08T00:00:00",
    "NameAbbriv": "WTS",
    "FieldFileDsg": "OK",
    "RequestorCode": "86315",
    "FaxNumber": null,
    "TerminationDate": null
  },
  {
    "OfficeID": "585",
    "Name": "Bishop",
    "AddressLineOne": "1115 W. Line Street",
    "City": "Bishop",
    "Zip": "93514",
    "Zip4": "    ",
    "PhoneNumber": "5594456399",
    "DistrictID": "286",
    "EffectiveDate": "1994-12-08T00:00:00",
    "NameAbbriv": "BSH",
    "FieldFileDsg": "FS",
    "RequestorCode": "86326",
    "FaxNumber": "          ",
    "TerminationDate": null
  },
  {
    "OfficeID": "589",
    "Name": "Lompoc",
    "AddressLineOne": "138 N B Street",
    "City": "Lompoc",
    "Zip": "93436",
    "Zip4": "6499",
    "PhoneNumber": "8054880863",
    "DistrictID": "305",
    "EffectiveDate": "1999-02-26T00:00:00",
    "NameAbbriv": "LOM",
    "FieldFileDsg": "OX",
    "RequestorCode": "80574",
    "FaxNumber": "          ",
    "TerminationDate": null
  },
  {
    "OfficeID": "590",
    "Name": "Fort Bragg",
    "AddressLineOne": "410 South Franklin Street",
    "City": "Fort Bragg",
    "Zip": "95437",
    "Zip4": "2279",
    "PhoneNumber": "9162272970",
    "DistrictID": "285",
    "EffectiveDate": "1994-12-08T00:00:00",
    "NameAbbriv": "FTB",
    "FieldFileDsg": "SR",
    "RequestorCode": "86314",
    "FaxNumber": null,
    "TerminationDate": null
  },
  {
    "OfficeID": "591",
    "Name": "Whittier",
    "AddressLineOne": "9338 S. Painter Avenue",
    "City": "Whittier",
    "Zip": "90605",
    "Zip4": "2947",
    "PhoneNumber": "3237244000",
    "DistrictID": "301",
    "EffectiveDate": "2000-08-05T00:00:00",
    "NameAbbriv": "WHT",
    "FieldFileDsg": "MB",
    "RequestorCode": "86323",
    "FaxNumber": null,
    "TerminationDate": null
  },
  {
    "OfficeID": "592",
    "Name": "Pittsburg",
    "AddressLineOne": "1399 Buchanan Road",
    "City": "Pittsburg",
    "Zip": "94565",
    "Zip4": null,
    "PhoneNumber": "5105638900",
    "DistrictID": "289",
    "EffectiveDate": "1994-12-09T00:00:00",
    "NameAbbriv": "PIT",
    "FieldFileDsg": "OK",
    "RequestorCode": "86523",
    "FaxNumber": null,
    "TerminationDate": null
  },
  {
    "OfficeID": "593",
    "Name": "San Mateo",
    "AddressLineOne": "425 North Amphlett Boulevard",
    "City": "San Mateo",
    "Zip": "94401",
    "Zip4": "2296",
    "PhoneNumber": "4155571170",
    "DistrictID": "290",
    "EffectiveDate": "1994-12-09T00:00:00",
    "NameAbbriv": "SNM",
    "FieldFileDsg": "SF",
    "RequestorCode": "86311",
    "FaxNumber": null,
    "TerminationDate": null
  },
  {
    "OfficeID": "595",
    "Name": "Lancaster",
    "AddressLineOne": "721 West Ave L6",
    "City": "LANCASTER",
    "Zip": "93534",
    "Zip4": "1517",
    "PhoneNumber": "6612063447",
    "DistrictID": "293",
    "EffectiveDate": "2017-03-02T00:00:00",
    "NameAbbriv": "LAN",
    "FieldFileDsg": "VN",
    "RequestorCode": "86325",
    "FaxNumber": "6617233855",
    "TerminationDate": null
  },
  {
    "OfficeID": "596",
    "Name": "Oceanside",
    "AddressLineOne": "4005 Plaza Drive",
    "City": "Oceanside",
    "Zip": "92056",
    "Zip4": null,
    "PhoneNumber": "8586273901",
    "DistrictID": "298",
    "EffectiveDate": "2001-03-21T00:00:00",
    "NameAbbriv": "OCN",
    "FieldFileDsg": "SD",
    "RequestorCode": "86334",
    "FaxNumber": null,
    "TerminationDate": null
  },
  {
    "OfficeID": "598",
    "Name": "Davis",
    "AddressLineOne": "505 Pole Line Road",
    "City": "Davis",
    "Zip": "95616",
    "Zip4": "1720",
    "PhoneNumber": "9162272970",
    "DistrictID": "285",
    "EffectiveDate": "1995-03-28T00:00:00",
    "NameAbbriv": "DAV",
    "FieldFileDsg": "SC",
    "RequestorCode": "86300",
    "FaxNumber": null,
    "TerminationDate": null
  },
  {
    "OfficeID": "599",
    "Name": "Daly City",
    "AddressLineOne": "1500 Sullivan Avenue",
    "City": "Daly City",
    "Zip": "94015",
    "Zip4": "2296",
    "PhoneNumber": "4155571170",
    "DistrictID": "290",
    "EffectiveDate": "1994-12-09T00:00:00",
    "NameAbbriv": "DYC",
    "FieldFileDsg": "SF",
    "RequestorCode": "86311",
    "FaxNumber": null,
    "TerminationDate": null
  },
  {
    "OfficeID": "601",
    "Name": "Paradise",
    "AddressLineOne": "5921A Clark Road",
    "City": "Paradise",
    "Zip": "95969",
    "Zip4": "1720",
    "PhoneNumber": "9162272970",
    "DistrictID": "285",
    "EffectiveDate": "1994-12-08T00:00:00",
    "NameAbbriv": "PAR",
    "FieldFileDsg": "SC",
    "RequestorCode": "86306",
    "FaxNumber": "          ",
    "TerminationDate": null
  },
  {
    "OfficeID": "618",
    "Name": "West Covina",
    "AddressLineOne": "1365 N. Grand Ave., Suite 101",
    "City": "COVINA",
    "Zip": "91724",
    "Zip4": "1016",
    "PhoneNumber": "6269747137",
    "DistrictID": "274",
    "EffectiveDate": "2010-07-01T00:00:00",
    "NameAbbriv": "WSC",
    "FieldFileDsg": "CV",
    "RequestorCode": "86335",
    "FaxNumber": "6269747118",
    "TerminationDate": null
  },
  {
    "OfficeID": "621",
    "Name": "Fairfield",
    "AddressLineOne": "160 Serrano Drive",
    "City": "Fairfield",
    "Zip": "94533",
    "Zip4": "    ",
    "PhoneNumber": "7074296218",
    "DistrictID": "285",
    "EffectiveDate": "1994-12-09T00:00:00",
    "NameAbbriv": "FRF",
    "FieldFileDsg": "SC",
    "RequestorCode": "86523",
    "FaxNumber": "7074296251",
    "TerminationDate": null
  },
  {
    "OfficeID": "623",
    "Name": "Gilroy",
    "AddressLineOne": "8200 Church Street",
    "City": "Gilroy",
    "Zip": "95020",
    "Zip4": null,
    "PhoneNumber": "4082771314",
    "DistrictID": "291",
    "EffectiveDate": "1999-02-26T00:00:00",
    "NameAbbriv": "GIL",
    "FieldFileDsg": "SJ",
    "RequestorCode": "86312",
    "FaxNumber": null,
    "TerminationDate": null
  },
  {
    "OfficeID": "624",
    "Name": "Walnut Creek",
    "AddressLineOne": "1910 N. Broadway",
    "City": "Walnut Creek",
    "Zip": "94596",
    "Zip4": null,
    "PhoneNumber": "5105638900",
    "DistrictID": "289",
    "EffectiveDate": "1998-05-21T00:00:00",
    "NameAbbriv": "WCR",
    "FieldFileDsg": "OK",
    "RequestorCode": "86523",
    "FaxNumber": null,
    "TerminationDate": null
  },
  {
    "OfficeID": "631",
    "Name": "Pleasanton",
    "AddressLineOne": "6300 W. Las Positas Blvd.",
    "City": "Pleasanton",
    "Zip": "94588",
    "Zip4": null,
    "PhoneNumber": "5105638900",
    "DistrictID": "289",
    "EffectiveDate": "1998-05-21T00:00:00",
    "NameAbbriv": "PLE",
    "FieldFileDsg": "OK",
    "RequestorCode": "86523",
    "FaxNumber": null,
    "TerminationDate": null
  },
  {
    "OfficeID": "632",
    "Name": "Santa Clara",
    "AddressLineOne": "3665 Flora Vista Avenue",
    "City": "Santa Clara",
    "Zip": "95051",
    "Zip4": null,
    "PhoneNumber": "4082771314",
    "DistrictID": "291",
    "EffectiveDate": "1996-07-30T00:00:00",
    "NameAbbriv": "STC",
    "FieldFileDsg": "SJ",
    "RequestorCode": "86312",
    "FaxNumber": null,
    "TerminationDate": null
  },
  {
    "OfficeID": "634",
    "Name": "Petaluma",
    "AddressLineOne": "715-J Southpoint Boulevard",
    "City": "Petaluma",
    "Zip": "94954",
    "Zip4": "2296",
    "PhoneNumber": "4155571170",
    "DistrictID": "290",
    "EffectiveDate": "1994-12-08T00:00:00",
    "NameAbbriv": "PET",
    "FieldFileDsg": "SF",
    "RequestorCode": "86314",
    "FaxNumber": null,
    "TerminationDate": null
  },
  {
    "OfficeID": "635",
    "Name": "Hemet",
    "AddressLineOne": "1200 S. State Street",
    "City": "Hemet",
    "Zip": "92543",
    "Zip4": null,
    "PhoneNumber": "9096523619",
    "DistrictID": "299",
    "EffectiveDate": "1999-11-16T00:00:00",
    "NameAbbriv": "HEM",
    "FieldFileDsg": "SN",
    "RequestorCode": "86336",
    "FaxNumber": null,
    "TerminationDate": null
  },
  {
    "OfficeID": "639",
    "Name": "Mount Shasta",
    "AddressLineOne": "154 Morgan Way",
    "City": "Mount Shasta",
    "Zip": "96067",
    "Zip4": "1720",
    "PhoneNumber": "9162272970",
    "DistrictID": "285",
    "EffectiveDate": "1994-12-08T00:00:00",
    "NameAbbriv": "MTS",
    "FieldFileDsg": "SC",
    "RequestorCode": "86306",
    "FaxNumber": null,
    "TerminationDate": null
  },
  {
    "OfficeID": "643",
    "Name": "Fall River Mills",
    "AddressLineOne": "Highway 299 E.",
    "City": "Fall Rver Mls",
    "Zip": "96028",
    "Zip4": "2279",
    "PhoneNumber": "9162272970",
    "DistrictID": "285",
    "EffectiveDate": "1994-12-08T00:00:00",
    "NameAbbriv": "FRM",
    "FieldFileDsg": "SC",
    "RequestorCode": "86306",
    "FaxNumber": null,
    "TerminationDate": null
  },
  {
    "OfficeID": "644",
    "Name": "Fremont",
    "AddressLineOne": "4287 Central Avenue",
    "City": "Fremont",
    "Zip": "94536",
    "Zip4": null,
    "PhoneNumber": "5105638900",
    "DistrictID": "289",
    "EffectiveDate": "1997-04-16T00:00:00",
    "NameAbbriv": "FRE",
    "FieldFileDsg": "OK",
    "RequestorCode": "86312",
    "FaxNumber": null,
    "TerminationDate": null
  },
  {
    "OfficeID": "647",
    "Name": "King City",
    "AddressLineOne": "302 N. Second Street",
    "City": "King City",
    "Zip": "93930",
    "Zip4": null,
    "PhoneNumber": "4086492945",
    "DistrictID": "286",
    "EffectiveDate": "1994-12-08T00:00:00",
    "NameAbbriv": "KGC",
    "FieldFileDsg": "FS",
    "RequestorCode": "86315",
    "FaxNumber": null,
    "TerminationDate": null
  },
  {
    "OfficeID": "653",
    "Name": "Campbell",
    "AddressLineOne": "430 Darryl Drive",
    "City": "Campbell",
    "Zip": "95008",
    "Zip4": null,
    "PhoneNumber": "4082771314",
    "DistrictID": "291",
    "EffectiveDate": "1997-03-28T00:00:00",
    "NameAbbriv": "CAM",
    "FieldFileDsg": "SJ",
    "RequestorCode": "86312",
    "FaxNumber": null,
    "TerminationDate": null
  },
  {
    "OfficeID": "655",
    "Name": "Folsom",
    "AddressLineOne": "323 E. Bidwell, Suite A",
    "City": "Folsom",
    "Zip": "95630",
    "Zip4": "1720",
    "PhoneNumber": "9162272970",
    "DistrictID": "285",
    "EffectiveDate": "1995-03-28T00:00:00",
    "NameAbbriv": "FOM",
    "FieldFileDsg": "SC",
    "RequestorCode": "86300",
    "FaxNumber": null,
    "TerminationDate": null
  },
  {
    "OfficeID": "659",
    "Name": "Palm Springs",
    "AddressLineOne": "950 N. Farrell Drive",
    "City": "Palm Springs",
    "Zip": "92262",
    "Zip4": null,
    "PhoneNumber": "7603223424",
    "DistrictID": "299",
    "EffectiveDate": "1999-11-16T00:00:00",
    "NameAbbriv": "PLS",
    "FieldFileDsg": "SN",
    "RequestorCode": "86336",
    "FaxNumber": null,
    "TerminationDate": null
  },
  {
    "OfficeID": "668",
    "Name": "Santa Teresa",
    "AddressLineOne": "180 Martinvale Lane",
    "City": "San Jose",
    "Zip": "95119",
    "Zip4": null,
    "PhoneNumber": "4082771314",
    "DistrictID": "291",
    "EffectiveDate": "1994-12-08T00:00:00",
    "NameAbbriv": "STT",
    "FieldFileDsg": "OK",
    "RequestorCode": "80668",
    "FaxNumber": null,
    "TerminationDate": null
  },
  {
    "OfficeID": "669",
    "Name": "El Cajon",
    "AddressLineOne": "1450 Graves Ave",
    "City": "El Cajon",
    "Zip": "92021",
    "Zip4": "    ",
    "PhoneNumber": "8586273901",
    "DistrictID": "298",
    "EffectiveDate": "1995-12-06T00:00:00",
    "NameAbbriv": "ECA",
    "FieldFileDsg": "SD",
    "RequestorCode": "80669",
    "FaxNumber": "          ",
    "TerminationDate": null
  },
  {
    "OfficeID": "670",
    "Name": "Goleta",
    "AddressLineOne": "7127 Hollister Ave, #24/26",
    "City": "Goleta",
    "Zip": "93117",
    "Zip4": "6499",
    "PhoneNumber": "8054880863",
    "DistrictID": "305",
    "EffectiveDate": "1998-02-23T00:00:00",
    "NameAbbriv": "GOL",
    "FieldFileDsg": "OX",
    "RequestorCode": "86324",
    "FaxNumber": null,
    "TerminationDate": null
  },
  {
    "OfficeID": "673",
    "Name": "Rocklin",
    "AddressLineOne": "5245 S. Grove Street",
    "City": "Rocklin",
    "Zip": "95677",
    "Zip4": "    ",
    "PhoneNumber": "9166245194",
    "DistrictID": "285",
    "EffectiveDate": "2002-04-04T00:00:00",
    "NameAbbriv": "ROC",
    "FieldFileDsg": "SC",
    "RequestorCode": "86300",
    "FaxNumber": "9166245197",
    "TerminationDate": null
  },
  {
    "OfficeID": "674",
    "Name": "North Hollywood",
    "AddressLineOne": "10940 Victory Boulevard",
    "City": "N. Hollywood",
    "Zip": "91606",
    "Zip4": null,
    "PhoneNumber": "3106153500",
    "DistrictID": "292",
    "EffectiveDate": "1999-02-26T00:00:00",
    "NameAbbriv": "NHY",
    "FieldFileDsg": "ES",
    "RequestorCode": "86321",
    "FaxNumber": null,
    "TerminationDate": null
  },
  {
    "OfficeID": "676",
    "Name": "Poway",
    "AddressLineOne": "13461 Community Rd",
    "City": "Poway",
    "Zip": "92064",
    "Zip4": "    ",
    "PhoneNumber": "8586273901",
    "DistrictID": "298",
    "EffectiveDate": "2010-08-12T00:00:00",
    "NameAbbriv": "POW",
    "FieldFileDsg": "PW",
    "RequestorCode": "86334",
    "FaxNumber": "8586273925",
    "TerminationDate": null
  },
  {
    "OfficeID": "677",
    "Name": "San Ysidro",
    "AddressLineOne": "3702 Del Sol Boulevard",
    "City": "San Ysidro",
    "Zip": "92154",
    "Zip4": "    ",
    "PhoneNumber": "8586273901",
    "DistrictID": "298",
    "EffectiveDate": "1995-10-01T00:00:00",
    "NameAbbriv": "SNY",
    "FieldFileDsg": "SD",
    "RequestorCode": "80669",
    "FaxNumber": "          ",
    "TerminationDate": null
  },
  {
    "OfficeID": "679",
    "Name": "Bakersfield Southwest",
    "AddressLineOne": "7000 Schirra Court",
    "City": "Bakersfield",
    "Zip": "93313",
    "Zip4": null,
    "PhoneNumber": "2094456812",
    "DistrictID": "286",
    "EffectiveDate": "1994-12-08T00:00:00",
    "NameAbbriv": "SWB",
    "FieldFileDsg": "FS",
    "RequestorCode": "86326",
    "FaxNumber": null,
    "TerminationDate": null
  },
  {
    "OfficeID": "680",
    "Name": "Simi Valley",
    "AddressLineOne": "3855-D Alamo Street",
    "City": "Simi Valley",
    "Zip": "93063",
    "Zip4": "6499",
    "PhoneNumber": "8054880863",
    "DistrictID": "305",
    "EffectiveDate": "1995-11-15T00:00:00",
    "NameAbbriv": "SIV",
    "FieldFileDsg": "FS",
    "RequestorCode": "80680",
    "FaxNumber": null,
    "TerminationDate": null
  },
  {
    "OfficeID": "686",
    "Name": "Novato",
    "AddressLineOne": "936 Seventh Street, Suite A",
    "City": "Novato",
    "Zip": "94947",
    "Zip4": "2296",
    "PhoneNumber": "4155571170",
    "DistrictID": "290",
    "EffectiveDate": "1994-12-09T00:00:00",
    "NameAbbriv": "NOV",
    "FieldFileDsg": "SF",
    "RequestorCode": "86311",
    "FaxNumber": null,
    "TerminationDate": null
  },
  {
    "OfficeID": "999",
    "Name": "Test Office",
    "AddressLineOne": "222 best ave",
    "City": "Sacramento",
    "Zip": "95823",
    "Zip4": "4444",
    "PhoneNumber": "9161234567",
    "DistrictID": "281",
    "EffectiveDate": "2017-12-12T00:00:00",
    "NameAbbriv": "so",
    "FieldFileDsg": null,
    "RequestorCode": "99999",
    "FaxNumber": "9161234567",
    "TerminationDate": "2017-07-25T00:00:00"
  }
]