{
  "office": {
    "OfficeID": null,
    "Name": null,
    "AddressLineOne": null,
    "City": null,
    "Zip": null,
    "Zip4": null,
    "PhoneNumber": null,
    "DistrictID": null,
    "EffectiveDate": null,
    "NameAbbriv": null,
    "FieldFileDsg": null,
    "RequestorCode": null,
    "FaxNumber": null,
    "TerminationDate": null
  },
  "districtOfficeList": [
    {
      "Disabled": false,
      "Group": null,
      "Selected": false,
      "Text": "197 - AAABBBCCC",
      "Value": "197"
    },
    {
      "Disabled": false,
      "Group": null,
      "Selected": false,
      "Text": "198 - test11",
      "Value": "198"
    },
    {
      "Disabled": false,
      "Group": null,
      "Selected": false,
      "Text": "199 - test",
      "Value": "199"
    },
    {
      "Disabled": false,
      "Group": null,
      "Selected": false,
      "Text": "200 - LOD Office of Deputy Director",
      "Value": "200"
    },
    {
      "Disabled": false,
      "Group": null,
      "Selected": false,
      "Text": "204 - Driver Safety Autom Development",
      "Value": "204"
    },
    {
      "Disabled": false,
      "Group": null,
      "Selected": false,
      "Text": "214 - Senior Driver Ombudsman",
      "Value": "214"
    },
    {
      "Disabled": false,
      "Group": null,
      "Selected": false,
      "Text": "255 - DS Mandatory Actions Unit",
      "Value": "255"
    },
    {
      "Disabled": false,
      "Group": null,
      "Selected": false,
      "Text": "256 - Abstract Processing Unit",
      "Value": "256"
    },
    {
      "Disabled": false,
      "Group": null,
      "Selected": false,
      "Text": "274 - Covina",
      "Value": "274"
    },
    {
      "Disabled": false,
      "Group": null,
      "Selected": false,
      "Text": "275 - Bakersfield",
      "Value": "275"
    },
    {
      "Disabled": false,
      "Group": null,
      "Selected": false,
      "Text": "276 - Redding",
      "Value": "276"
    },
    {
      "Disabled": false,
      "Group": null,
      "Selected": false,
      "Text": "277 - Stockton",
      "Value": "277"
    },
    {
      "Disabled": false,
      "Group": null,
      "Selected": false,
      "Text": "280 - Region III",
      "Value": "280"
    },
    {
      "Disabled": false,
      "Group": null,
      "Selected": false,
      "Text": "281 - Region II",
      "Value": "281"
    },
    {
      "Disabled": false,
      "Group": null,
      "Selected": false,
      "Text": "282 - Headquarters Operations",
      "Value": "282"
    },
    {
      "Disabled": false,
      "Group": null,
      "Selected": false,
      "Text": "283 - Region I",
      "Value": "283"
    },
    {
      "Disabled": false,
      "Group": null,
      "Selected": false,
      "Text": "284 - Inland Region",
      "Value": "284"
    },
    {
      "Disabled": false,
      "Group": null,
      "Selected": false,
      "Text": "285 - Sacramento",
      "Value": "285"
    },
    {
      "Disabled": false,
      "Group": null,
      "Selected": false,
      "Text": "286 - Fresno",
      "Value": "286"
    },
    {
      "Disabled": false,
      "Group": null,
      "Selected": false,
      "Text": "287 - Region IV",
      "Value": "287"
    },
    {
      "Disabled": false,
      "Group": null,
      "Selected": false,
      "Text": "288 - Driver Safety Training & Procedures",
      "Value": "288"
    },
    {
      "Disabled": false,
      "Group": null,
      "Selected": false,
      "Text": "289 - Oakland",
      "Value": "289"
    },
    {
      "Disabled": false,
      "Group": null,
      "Selected": false,
      "Text": "290 - San Francisco",
      "Value": "290"
    },
    {
      "Disabled": false,
      "Group": null,
      "Selected": false,
      "Text": "291 - San Jose",
      "Value": "291"
    },
    {
      "Disabled": false,
      "Group": null,
      "Selected": false,
      "Text": "292 - El Segundo",
      "Value": "292"
    },
    {
      "Disabled": false,
      "Group": null,
      "Selected": false,
      "Text": "293 - Van Nuys",
      "Value": "293"
    },
    {
      "Disabled": false,
      "Group": null,
      "Selected": false,
      "Text": "294 - Los Angeles",
      "Value": "294"
    },
    {
      "Disabled": false,
      "Group": null,
      "Selected": false,
      "Text": "295 - Long Beach",
      "Value": "295"
    },
    {
      "Disabled": false,
      "Group": null,
      "Selected": false,
      "Text": "296 - Irvine",
      "Value": "296"
    },
    {
      "Disabled": false,
      "Group": null,
      "Selected": false,
      "Text": "298 - San Diego",
      "Value": "298"
    },
    {
      "Disabled": false,
      "Group": null,
      "Selected": false,
      "Text": "299 - San Bernardino",
      "Value": "299"
    },
    {
      "Disabled": false,
      "Group": null,
      "Selected": false,
      "Text": "301 - City of Commerce",
      "Value": "301"
    },
    {
      "Disabled": false,
      "Group": null,
      "Selected": false,
      "Text": "304 - Inglewood",
      "Value": "304"
    },
    {
      "Disabled": false,
      "Group": null,
      "Selected": false,
      "Text": "305 - Oxnard",
      "Value": "305"
    },
    {
      "Disabled": false,
      "Group": null,
      "Selected": false,
      "Text": "401 - Driver Safety Appeals Unit",
      "Value": "401"
    },
    {
      "Disabled": false,
      "Group": null,
      "Selected": false,
      "Text": "404 - Driver Safety Chiefs Office",
      "Value": "404"
    },
    {
      "Disabled": false,
      "Group": null,
      "Selected": false,
      "Text": "420 - Driver Safety Actions Unit",
      "Value": "420"
    },
    {
      "Disabled": false,
      "Group": null,
      "Selected": false,
      "Text": "421 - Driver Safety Litigation Unit",
      "Value": "421"
    },
    {
      "Disabled": false,
      "Group": null,
      "Selected": false,
      "Text": "422 - Driver Safety Services Unit",
      "Value": "422"
    },
    {
      "Disabled": false,
      "Group": null,
      "Selected": false,
      "Text": "446 - Technical Services Section",
      "Value": "446"
    },
    {
      "Disabled": false,
      "Group": null,
      "Selected": false,
      "Text": "513 - Truckee",
      "Value": "513"
    },
    {
      "Disabled": false,
      "Group": null,
      "Selected": false,
      "Text": "515 - State Building - Van Nuys",
      "Value": "515"
    },
    {
      "Disabled": false,
      "Group": null,
      "Selected": false,
      "Text": "517 - Stockton",
      "Value": "517"
    },
    {
      "Disabled": false,
      "Group": null,
      "Selected": false,
      "Text": "518 - Mountain Dew",
      "Value": "518"
    },
    {
      "Disabled": false,
      "Group": null,
      "Selected": false,
      "Text": "519 - San Diego - Clairemont",
      "Value": "519"
    },
    {
      "Disabled": false,
      "Group": null,
      "Selected": false,
      "Text": "520 - Chico",
      "Value": "520"
    },
    {
      "Disabled": false,
      "Group": null,
      "Selected": false,
      "Text": "521 - Jackson",
      "Value": "521"
    },
    {
      "Disabled": false,
      "Group": null,
      "Selected": false,
      "Text": "522 - Oroville",
      "Value": "522"
    },
    {
      "Disabled": false,
      "Group": null,
      "Selected": false,
      "Text": "523 - Concord",
      "Value": "523"
    },
    {
      "Disabled": false,
      "Group": null,
      "Selected": false,
      "Text": "524 - Crescent City",
      "Value": "524"
    },
    {
      "Disabled": false,
      "Group": null,
      "Selected": false,
      "Text": "525 - Placerville",
      "Value": "525"
    },
    {
      "Disabled": false,
      "Group": null,
      "Selected": false,
      "Text": "526 - Eureka",
      "Value": "526"
    },
    {
      "Disabled": false,
      "Group": null,
      "Selected": false,
      "Text": "527 - El Centro",
      "Value": "527"
    },
    {
      "Disabled": false,
      "Group": null,
      "Selected": false,
      "Text": "529 - Bakersfield",
      "Value": "529"
    },
    {
      "Disabled": false,
      "Group": null,
      "Selected": false,
      "Text": "530 - Lakeport",
      "Value": "530"
    },
    {
      "Disabled": false,
      "Group": null,
      "Selected": false,
      "Text": "531 - Susanville",
      "Value": "531"
    },
    {
      "Disabled": false,
      "Group": null,
      "Selected": false,
      "Text": "532 - Pomona",
      "Value": "532"
    },
    {
      "Disabled": false,
      "Group": null,
      "Selected": false,
      "Text": "534 - Corte Madera",
      "Value": "534"
    },
    {
      "Disabled": false,
      "Group": null,
      "Selected": false,
      "Text": "535 - Ukiah",
      "Value": "535"
    },
    {
      "Disabled": false,
      "Group": null,
      "Selected": false,
      "Text": "537 - Alturas",
      "Value": "537"
    },
    {
      "Disabled": false,
      "Group": null,
      "Selected": false,
      "Text": "538 - South Lake Tahoe",
      "Value": "538"
    },
    {
      "Disabled": false,
      "Group": null,
      "Selected": false,
      "Text": "539 - Salinas",
      "Value": "539"
    },
    {
      "Disabled": false,
      "Group": null,
      "Selected": false,
      "Text": "540 - Napa",
      "Value": "540"
    },
    {
      "Disabled": false,
      "Group": null,
      "Selected": false,
      "Text": "541 - Grass Valley",
      "Value": "541"
    },
    {
      "Disabled": false,
      "Group": null,
      "Selected": false,
      "Text": "544 - QuincyDog",
      "Value": "544"
    },
    {
      "Disabled": false,
      "Group": null,
      "Selected": false,
      "Text": "546 - Hollister",
      "Value": "546"
    },
    {
      "Disabled": false,
      "Group": null,
      "Selected": false,
      "Text": "547 - San Luis Obispo",
      "Value": "547"
    },
    {
      "Disabled": false,
      "Group": null,
      "Selected": false,
      "Text": "548 - Redwood City",
      "Value": "548"
    },
    {
      "Disabled": false,
      "Group": null,
      "Selected": false,
      "Text": "549 - Santa Barbara",
      "Value": "549"
    },
    {
      "Disabled": false,
      "Group": null,
      "Selected": false,
      "Text": "550 - Capitola",
      "Value": "550"
    },
    {
      "Disabled": false,
      "Group": null,
      "Selected": false,
      "Text": "551 - Redding",
      "Value": "551"
    },
    {
      "Disabled": false,
      "Group": null,
      "Selected": false,
      "Text": "552 - Yreka",
      "Value": "552"
    },
    {
      "Disabled": false,
      "Group": null,
      "Selected": false,
      "Text": "554 - Vallejo",
      "Value": "554"
    },
    {
      "Disabled": false,
      "Group": null,
      "Selected": false,
      "Text": "555 - Santa Rosa",
      "Value": "555"
    },
    {
      "Disabled": false,
      "Group": null,
      "Selected": false,
      "Text": "556 - El Cerrito",
      "Value": "556"
    },
    {
      "Disabled": false,
      "Group": null,
      "Selected": false,
      "Text": "557 - Modesto",
      "Value": "557"
    },
    {
      "Disabled": false,
      "Group": null,
      "Selected": false,
      "Text": "558 - Red Bluff",
      "Value": "558"
    },
    {
      "Disabled": false,
      "Group": null,
      "Selected": false,
      "Text": "559 - Visalia",
      "Value": "559"
    },
    {
      "Disabled": false,
      "Group": null,
      "Selected": false,
      "Text": "560 - Ventura",
      "Value": "560"
    },
    {
      "Disabled": false,
      "Group": null,
      "Selected": false,
      "Text": "561 - Woodland",
      "Value": "561"
    },
    {
      "Disabled": false,
      "Group": null,
      "Selected": false,
      "Text": "562 - Yuba City",
      "Value": "562"
    },
    {
      "Disabled": false,
      "Group": null,
      "Selected": false,
      "Text": "563 - Santa Maria",
      "Value": "563"
    },
    {
      "Disabled": false,
      "Group": null,
      "Selected": false,
      "Text": "564 - Colusa",
      "Value": "564"
    },
    {
      "Disabled": false,
      "Group": null,
      "Selected": false,
      "Text": "567 - Seaside",
      "Value": "567"
    },
    {
      "Disabled": false,
      "Group": null,
      "Selected": false,
      "Text": "568 - San Andreas",
      "Value": "568"
    },
    {
      "Disabled": false,
      "Group": null,
      "Selected": false,
      "Text": "569 - Sonora",
      "Value": "569"
    },
    {
      "Disabled": false,
      "Group": null,
      "Selected": false,
      "Text": "570 - Auburn",
      "Value": "570"
    },
    {
      "Disabled": false,
      "Group": null,
      "Selected": false,
      "Text": "571 - Willows",
      "Value": "571"
    },
    {
      "Disabled": false,
      "Group": null,
      "Selected": false,
      "Text": "574 - Paso Robles",
      "Value": "574"
    },
    {
      "Disabled": false,
      "Group": null,
      "Selected": false,
      "Text": "577 - Ridgecrest",
      "Value": "577"
    },
    {
      "Disabled": false,
      "Group": null,
      "Selected": false,
      "Text": "579 - Hayward",
      "Value": "579"
    },
    {
      "Disabled": false,
      "Group": null,
      "Selected": false,
      "Text": "581 - Compton",
      "Value": "581"
    },
    {
      "Disabled": false,
      "Group": null,
      "Selected": false,
      "Text": "583 - Watsonville",
      "Value": "583"
    },
    {
      "Disabled": false,
      "Group": null,
      "Selected": false,
      "Text": "585 - Bishop",
      "Value": "585"
    },
    {
      "Disabled": false,
      "Group": null,
      "Selected": false,
      "Text": "589 - Lompoc",
      "Value": "589"
    },
    {
      "Disabled": false,
      "Group": null,
      "Selected": false,
      "Text": "590 - Fort Bragg",
      "Value": "590"
    },
    {
      "Disabled": false,
      "Group": null,
      "Selected": false,
      "Text": "591 - Whittier",
      "Value": "591"
    },
    {
      "Disabled": false,
      "Group": null,
      "Selected": false,
      "Text": "592 - Pittsburg",
      "Value": "592"
    },
    {
      "Disabled": false,
      "Group": null,
      "Selected": false,
      "Text": "593 - San Mateo",
      "Value": "593"
    },
    {
      "Disabled": false,
      "Group": null,
      "Selected": false,
      "Text": "595 - Lancaster",
      "Value": "595"
    },
    {
      "Disabled": false,
      "Group": null,
      "Selected": false,
      "Text": "596 - Oceanside",
      "Value": "596"
    },
    {
      "Disabled": false,
      "Group": null,
      "Selected": false,
      "Text": "598 - Davis",
      "Value": "598"
    },
    {
      "Disabled": false,
      "Group": null,
      "Selected": false,
      "Text": "599 - Daly City",
      "Value": "599"
    },
    {
      "Disabled": false,
      "Group": null,
      "Selected": false,
      "Text": "601 - Paradise",
      "Value": "601"
    },
    {
      "Disabled": false,
      "Group": null,
      "Selected": false,
      "Text": "618 - West Covina",
      "Value": "618"
    },
    {
      "Disabled": false,
      "Group": null,
      "Selected": false,
      "Text": "621 - Fairfield",
      "Value": "621"
    },
    {
      "Disabled": false,
      "Group": null,
      "Selected": false,
      "Text": "623 - Gilroy",
      "Value": "623"
    },
    {
      "Disabled": false,
      "Group": null,
      "Selected": false,
      "Text": "624 - Walnut Creek",
      "Value": "624"
    },
    {
      "Disabled": false,
      "Group": null,
      "Selected": false,
      "Text": "631 - Pleasanton",
      "Value": "631"
    },
    {
      "Disabled": false,
      "Group": null,
      "Selected": false,
      "Text": "632 - Santa Clara",
      "Value": "632"
    },
    {
      "Disabled": false,
      "Group": null,
      "Selected": false,
      "Text": "634 - Petaluma",
      "Value": "634"
    },
    {
      "Disabled": false,
      "Group": null,
      "Selected": false,
      "Text": "635 - Hemet",
      "Value": "635"
    },
    {
      "Disabled": false,
      "Group": null,
      "Selected": false,
      "Text": "639 - Mount Shasta",
      "Value": "639"
    },
    {
      "Disabled": false,
      "Group": null,
      "Selected": false,
      "Text": "643 - Fall River Mills",
      "Value": "643"
    },
    {
      "Disabled": false,
      "Group": null,
      "Selected": false,
      "Text": "644 - Fremont",
      "Value": "644"
    },
    {
      "Disabled": false,
      "Group": null,
      "Selected": false,
      "Text": "647 - King City",
      "Value": "647"
    },
    {
      "Disabled": false,
      "Group": null,
      "Selected": false,
      "Text": "653 - Campbell",
      "Value": "653"
    },
    {
      "Disabled": false,
      "Group": null,
      "Selected": false,
      "Text": "655 - Folsom",
      "Value": "655"
    },
    {
      "Disabled": false,
      "Group": null,
      "Selected": false,
      "Text": "659 - Palm Springs",
      "Value": "659"
    },
    {
      "Disabled": false,
      "Group": null,
      "Selected": false,
      "Text": "668 - Santa Teresa",
      "Value": "668"
    },
    {
      "Disabled": false,
      "Group": null,
      "Selected": false,
      "Text": "669 - El Cajon",
      "Value": "669"
    },
    {
      "Disabled": false,
      "Group": null,
      "Selected": false,
      "Text": "670 - Goleta",
      "Value": "670"
    },
    {
      "Disabled": false,
      "Group": null,
      "Selected": false,
      "Text": "673 - Rocklin",
      "Value": "673"
    },
    {
      "Disabled": false,
      "Group": null,
      "Selected": false,
      "Text": "674 - North Hollywood",
      "Value": "674"
    },
    {
      "Disabled": false,
      "Group": null,
      "Selected": false,
      "Text": "676 - Poway",
      "Value": "676"
    },
    {
      "Disabled": false,
      "Group": null,
      "Selected": false,
      "Text": "677 - San Ysidro",
      "Value": "677"
    },
    {
      "Disabled": false,
      "Group": null,
      "Selected": false,
      "Text": "679 - Bakersfield Southwest",
      "Value": "679"
    },
    {
      "Disabled": false,
      "Group": null,
      "Selected": false,
      "Text": "680 - Simi Valley",
      "Value": "680"
    },
    {
      "Disabled": false,
      "Group": null,
      "Selected": false,
      "Text": "686 - Novato",
      "Value": "686"
    },
    {
      "Disabled": false,
      "Group": null,
      "Selected": false,
      "Text": "999 - Test Office",
      "Value": "999"
    }
  ],
  "message": null
}