[
  {
    "Disabled": false,
    "Group": null,
    "Selected": false,
    "Text": "Select Option",
    "Value": ""
  },
  {
    "Disabled": false,
    "Group": null,
    "Selected": false,
    "Text": "367 - Officer's sworn statement",
    "Value": "367"
  },
  {
    "Disabled": false,
    "Group": null,
    "Selected": false,
    "Text": "51R - CDL Medical Review",
    "Value": "51R"
  },
  {
    "Disabled": false,
    "Group": null,
    "Selected": false,
    "Text": "524 - CDL Employer Rpt Med Exam Fail",
    "Value": "524"
  },
  {
    "Disabled": false,
    "Group": null,
    "Selected": false,
    "Text": "689 - Senate Bill 689 Resubmits",
    "Value": "689"
  },
  {
    "Disabled": false,
    "Group": null,
    "Selected": false,
    "Text": "ABS - Abstracts",
    "Value": "ABS"
  },
  {
    "Disabled": false,
    "Group": null,
    "Selected": false,
    "Text": "ACQ - Acquittal (LLU)",
    "Value": "ACQ"
  },
  {
    "Disabled": false,
    "Group": null,
    "Selected": false,
    "Text": "ADC - Arrest Day Credit",
    "Value": "ADC"
  },
  {
    "Disabled": false,
    "Group": null,
    "Selected": false,
    "Text": "AHR - Ambulance Hearing Requests",
    "Value": "AHR"
  },
  {
    "Disabled": false,
    "Group": null,
    "Selected": false,
    "Text": "AMB - Ambulance Investigation",
    "Value": "AMB"
  },
  {
    "Disabled": false,
    "Group": null,
    "Selected": false,
    "Text": "APR - Application Review",
    "Value": "APR"
  },
  {
    "Disabled": false,
    "Group": null,
    "Selected": false,
    "Text": "ARB - Ambulance Files Board Review",
    "Value": "ARB"
  },
  {
    "Disabled": false,
    "Group": null,
    "Selected": false,
    "Text": "BIO - 5640 Bioptic",
    "Value": "BIO"
  },
  {
    "Disabled": false,
    "Group": null,
    "Selected": false,
    "Text": "BMR - Brandi Mitock referral",
    "Value": "BMR"
  },
  {
    "Disabled": false,
    "Group": null,
    "Selected": false,
    "Text": "BMV - Brandi Mitock vision",
    "Value": "BMV"
  },
  {
    "Disabled": false,
    "Group": null,
    "Selected": false,
    "Text": "BOC - Board of Control",
    "Value": "BOC"
  },
  {
    "Disabled": false,
    "Group": null,
    "Selected": false,
    "Text": "CAN - Voluntary Cancellations",
    "Value": "CAN"
  },
  {
    "Disabled": false,
    "Group": null,
    "Selected": false,
    "Text": "CCM - City of Commerce DSO",
    "Value": "CCM"
  },
  {
    "Disabled": false,
    "Group": null,
    "Selected": false,
    "Text": "CCO - Controlled Correspondence",
    "Value": "CCO"
  },
  {
    "Disabled": false,
    "Group": null,
    "Selected": false,
    "Text": "CDL - Commercial Driver License",
    "Value": "CDL"
  },
  {
    "Disabled": false,
    "Group": null,
    "Selected": false,
    "Text": "CMR - Confidential Morbidity Report",
    "Value": "CMR"
  },
  {
    "Disabled": false,
    "Group": null,
    "Selected": false,
    "Text": "COR - Correspondence",
    "Value": "COR"
  },
  {
    "Disabled": false,
    "Group": null,
    "Selected": false,
    "Text": "CRB - Files for CARB Review",
    "Value": "CRB"
  },
  {
    "Disabled": false,
    "Group": null,
    "Selected": false,
    "Text": "CRT - Court Documents",
    "Value": "CRT"
  },
  {
    "Disabled": false,
    "Group": null,
    "Selected": false,
    "Text": "CTC - Court Case (LLU)",
    "Value": "CTC"
  },
  {
    "Disabled": false,
    "Group": null,
    "Selected": false,
    "Text": "D51 - CDL DL51 Investigation",
    "Value": "D51"
  },
  {
    "Disabled": false,
    "Group": null,
    "Selected": false,
    "Text": "DAR - DSO Action Review",
    "Value": "DAR"
  },
  {
    "Disabled": false,
    "Group": null,
    "Selected": false,
    "Text": "DRP - Drop In/Counter Contact",
    "Value": "DRP"
  },
  {
    "Disabled": false,
    "Group": null,
    "Selected": false,
    "Text": "DSO - Driver Safety Office",
    "Value": "DSO"
  },
  {
    "Disabled": false,
    "Group": null,
    "Selected": false,
    "Text": "DSQ - Disqualification (LLU)",
    "Value": "DSQ"
  },
  {
    "Disabled": false,
    "Group": null,
    "Selected": false,
    "Text": "DSR - Driver Safety Headquarters",
    "Value": "DSR"
  },
  {
    "Disabled": false,
    "Group": null,
    "Selected": false,
    "Text": "ESG - El Segundo DSO",
    "Value": "ESG"
  },
  {
    "Disabled": false,
    "Group": null,
    "Selected": false,
    "Text": "EXR - Exhibit Request (LLU)",
    "Value": "EXR"
  },
  {
    "Disabled": false,
    "Group": null,
    "Selected": false,
    "Text": "FEE - Reimbursement for Witness/Atto",
    "Value": "FEE"
  },
  {
    "Disabled": false,
    "Group": null,
    "Selected": false,
    "Text": "FO  - Field Office",
    "Value": "FO "
  },
  {
    "Disabled": false,
    "Group": null,
    "Selected": false,
    "Text": "FRD - Fraud",
    "Value": "FRD"
  },
  {
    "Disabled": false,
    "Group": null,
    "Selected": false,
    "Text": "FRL - Farm Labor Investigation",
    "Value": "FRL"
  },
  {
    "Disabled": false,
    "Group": null,
    "Selected": false,
    "Text": "FSO - Fresno DSO",
    "Value": "FSO"
  },
  {
    "Disabled": false,
    "Group": null,
    "Selected": false,
    "Text": "FTL - Fatals",
    "Value": "FTL"
  },
  {
    "Disabled": false,
    "Group": null,
    "Selected": false,
    "Text": "GPV - Gen Public Veh Investigation",
    "Value": "GPV"
  },
  {
    "Disabled": false,
    "Group": null,
    "Selected": false,
    "Text": "HCR - 45 House Car",
    "Value": "HCR"
  },
  {
    "Disabled": false,
    "Group": null,
    "Selected": false,
    "Text": "HLD - Holding Case for Review (LLU)",
    "Value": "HLD"
  },
  {
    "Disabled": false,
    "Group": null,
    "Selected": false,
    "Text": "IRV - Irvine DSO",
    "Value": "IRV"
  },
  {
    "Disabled": false,
    "Group": null,
    "Selected": false,
    "Text": "JRP - Junior Permits",
    "Value": "JRP"
  },
  {
    "Disabled": false,
    "Group": null,
    "Selected": false,
    "Text": "LAW - Law Enforcement",
    "Value": "LAW"
  },
  {
    "Disabled": false,
    "Group": null,
    "Selected": false,
    "Text": "LGL - Legal Office (LLU)",
    "Value": "LGL"
  },
  {
    "Disabled": false,
    "Group": null,
    "Selected": false,
    "Text": "LLU - Legal Liaison Unit",
    "Value": "LLU"
  },
  {
    "Disabled": false,
    "Group": null,
    "Selected": false,
    "Text": "MAU - Processing DS2041s",
    "Value": "MAU"
  },
  {
    "Disabled": false,
    "Group": null,
    "Selected": false,
    "Text": "MCU - Certified Mail Unclaimed",
    "Value": "MCU"
  },
  {
    "Disabled": false,
    "Group": null,
    "Selected": false,
    "Text": "MOU - Service Order Updating",
    "Value": "MOU"
  },
  {
    "Disabled": false,
    "Group": null,
    "Selected": false,
    "Text": "MRJ - Microfilm Rejects",
    "Value": "MRJ"
  },
  {
    "Disabled": false,
    "Group": null,
    "Selected": false,
    "Text": "MRQ - Microflim Maintenance",
    "Value": "MRQ"
  },
  {
    "Disabled": false,
    "Group": null,
    "Selected": false,
    "Text": "NSA - APS Not Same As",
    "Value": "NSA"
  },
  {
    "Disabled": false,
    "Group": null,
    "Selected": false,
    "Text": "OAK - Oakland DSO",
    "Value": "OAK"
  },
  {
    "Disabled": false,
    "Group": null,
    "Selected": false,
    "Text": "OHR - Other Hearing Requests",
    "Value": "OHR"
  },
  {
    "Disabled": false,
    "Group": null,
    "Selected": false,
    "Text": "OXN - Oxnard DSO",
    "Value": "OXN"
  },
  {
    "Disabled": false,
    "Group": null,
    "Selected": false,
    "Text": "PHN - Phone Contact",
    "Value": "PHN"
  },
  {
    "Disabled": false,
    "Group": null,
    "Selected": false,
    "Text": "PRG - Overflow Purge",
    "Value": "PRG"
  },
  {
    "Disabled": false,
    "Group": null,
    "Selected": false,
    "Text": "PRV - Printout Review",
    "Value": "PRV"
  },
  {
    "Disabled": false,
    "Group": null,
    "Selected": false,
    "Text": "PUR - Prepping File for Micro (LLU)",
    "Value": "PUR"
  },
  {
    "Disabled": false,
    "Group": null,
    "Selected": false,
    "Text": "QRV - Quality Review (LLU)",
    "Value": "QRV"
  },
  {
    "Disabled": false,
    "Group": null,
    "Selected": false,
    "Text": "RBM - Renewal By Mail",
    "Value": "RBM"
  },
  {
    "Disabled": false,
    "Group": null,
    "Selected": false,
    "Text": "RC1 - Record Corrections (Field)",
    "Value": "RC1"
  },
  {
    "Disabled": false,
    "Group": null,
    "Selected": false,
    "Text": "RC2 - Record Correct Rejects (Field)",
    "Value": "RC2"
  },
  {
    "Disabled": false,
    "Group": null,
    "Selected": false,
    "Text": "RCN - Reconstruct Orders",
    "Value": "RCN"
  },
  {
    "Disabled": false,
    "Group": null,
    "Selected": false,
    "Text": "REC - Record Corrections",
    "Value": "REC"
  },
  {
    "Disabled": false,
    "Group": null,
    "Selected": false,
    "Text": "REN - Renewed Right Hng (LLU)",
    "Value": "REN"
  },
  {
    "Disabled": false,
    "Group": null,
    "Selected": false,
    "Text": "RTN - Return/Reopen (LLU)",
    "Value": "RTN"
  },
  {
    "Disabled": false,
    "Group": null,
    "Selected": false,
    "Text": "SAC - Sacramento DSO",
    "Value": "SAC"
  },
  {
    "Disabled": false,
    "Group": null,
    "Selected": false,
    "Text": "SB6 - Senate Bill 689",
    "Value": "SB6"
  },
  {
    "Disabled": false,
    "Group": null,
    "Selected": false,
    "Text": "SCH - School Bus Investigation",
    "Value": "SCH"
  },
  {
    "Disabled": false,
    "Group": null,
    "Selected": false,
    "Text": "SHR - School Bus Hearing Requests",
    "Value": "SHR"
  },
  {
    "Disabled": false,
    "Group": null,
    "Selected": false,
    "Text": "SNB - San Bernardino DSO",
    "Value": "SNB"
  },
  {
    "Disabled": false,
    "Group": null,
    "Selected": false,
    "Text": "SND - San Diego DSO",
    "Value": "SND"
  },
  {
    "Disabled": false,
    "Group": null,
    "Selected": false,
    "Text": "SNF - San Francisco DSO",
    "Value": "SNF"
  },
  {
    "Disabled": false,
    "Group": null,
    "Selected": false,
    "Text": "SNJ - San Jose DSO",
    "Value": "SNJ"
  },
  {
    "Disabled": false,
    "Group": null,
    "Selected": false,
    "Text": "SPB - SPAB Investigation",
    "Value": "SPB"
  },
  {
    "Disabled": false,
    "Group": null,
    "Selected": false,
    "Text": "SUB - Subpoena (LLU)",
    "Value": "SUB"
  },
  {
    "Disabled": false,
    "Group": null,
    "Selected": false,
    "Text": "TCO - Transportation Company",
    "Value": "TCO"
  },
  {
    "Disabled": false,
    "Group": null,
    "Selected": false,
    "Text": "TPE - Tape Request (LLU)",
    "Value": "TPE"
  },
  {
    "Disabled": false,
    "Group": null,
    "Selected": false,
    "Text": "TRS - Transcript (LLU)",
    "Value": "TRS"
  },
  {
    "Disabled": false,
    "Group": null,
    "Selected": false,
    "Text": "TSF - Transfers",
    "Value": "TSF"
  },
  {
    "Disabled": false,
    "Group": null,
    "Selected": false,
    "Text": "TTR - Tow Truck Driver Investigation",
    "Value": "TTR"
  },
  {
    "Disabled": false,
    "Group": null,
    "Selected": false,
    "Text": "USD - Unified School District",
    "Value": "USD"
  },
  {
    "Disabled": false,
    "Group": null,
    "Selected": false,
    "Text": "VDP - Vehicle for DDP Investigation",
    "Value": "VDP"
  },
  {
    "Disabled": false,
    "Group": null,
    "Selected": false,
    "Text": "YUB - Youth Bus Investigation",
    "Value": "YUB"
  }
]