{
  "DLNumber": "I8888102",
  "LastName": "DEAN                               ",
  "BirthDate": "1989-12-11T00:00:00",
  "PhoneNumber": "",
  "OIPPersons": {
    "results": [
      {
        "OIP_CD_PRTY_TYP": "A",
        "OIP_NBR_PHONE": "(415) 325-4884",
        "OIP_NME_FRST_PRSN": "DAVID",
        "OIP_NME_SURNME_PRSN": "WASHINGTON",
        "OIP_ADDR_LN1": "260 Sheridan Ave",
        "OIP_CITY": "PALO ALTO",
        "OIP_STATE": "CA",
        "OIP_ZIP": "94306"
      },
      {
        "OIP_CD_PRTY_TYP": "A",
        "OIP_NBR_PHONE": "(323) 678-1095",
        "OIP_NME_FRST_PRSN": "DAISY",
        "OIP_NME_SURNME_PRSN": "WASHINGTON",
        "OIP_ADDR_LN1": "111 NORTH LA BREA AVENUE 600",
        "OIP_CITY": "INGLEWOOD",
        "OIP_STATE": "CA",
        "OIP_ZIP": "90301"
      }
    ],
    "ResultCount": 2
  },
  "OIPAgencies": {
    "results": [
      {
        "AGENCY_CD_PRTY_TYP": "N",
        "AGENCY_NBR_PHONE": "(916) 555-1213",
        "AGENCY_NME_FRST_PRSN": "Interpretors new 1",
        "AGENCY_NME_SURNME_PRSN": null,
        "AGENCY_ADDR_LN1": "1000 Main Street",
        "AGENCY_CITY": "Test",
        "AGENCY_STATE": "MI",
        "AGENCY_ZIP": "95818"
      },
      {
        "AGENCY_CD_PRTY_TYP": "N",
        "AGENCY_NBR_PHONE": "(123) 456-7890",
        "AGENCY_NME_FRST_PRSN": "intp company",
        "AGENCY_NME_SURNME_PRSN": null,
        "AGENCY_ADDR_LN1": "",
        "AGENCY_CITY": "Sacramento",
        "AGENCY_STATE": "CA",
        "AGENCY_ZIP": "95833"
      },
      {
        "AGENCY_CD_PRTY_TYP": "N",
        "AGENCY_NBR_PHONE": "(123) 334-1231",
        "AGENCY_NME_FRST_PRSN": "fghfh",
        "AGENCY_NME_SURNME_PRSN": null,
        "AGENCY_ADDR_LN1": null,
        "AGENCY_CITY": null,
        "AGENCY_STATE": null,
        "AGENCY_ZIP": null
      }
    ],
    "ResultCount": 3
  },
  "Contacts": {
    "results": [],
    "ResultCount": 0
  },
  "Comments": {
    "results": [],
    "ResultCount": 0
  }
}