[
  {
    "ID": 1,
    "Category": "Fraud                         ",
    "HearingTime": 60,
    "InterviewTime": 60,
    "ReExamTime": 60,
    "LastUpdatedBy": null,
    "LastUpdatedDate": null,
    "message": null
  },
  {
    "ID": 2,
    "Category": "Financial Responsibility      ",
    "HearingTime": 60,
    "InterviewTime": 60,
    "ReExamTime": 60,
    "LastUpdatedBy": null,
    "LastUpdatedDate": null,
    "message": null
  },
  {
    "ID": 3,
    "Category": "Special Certificates          ",
    "HearingTime": 60,
    "InterviewTime": 60,
    "ReExamTime": 60,
    "LastUpdatedBy": null,
    "LastUpdatedDate": null,
    "message": null
  },
  {
    "ID": 4,
    "Category": "Admin Per Se                  ",
    "HearingTime": 60,
    "InterviewTime": 60,
    "ReExamTime": 60,
    "LastUpdatedBy": null,
    "LastUpdatedDate": null,
    "message": null
  },
  {
    "ID": 5,
    "Category": "Physical and Mental           ",
    "HearingTime": 60,
    "InterviewTime": 60,
    "ReExamTime": 60,
    "LastUpdatedBy": null,
    "LastUpdatedDate": null,
    "message": null
  },
  {
    "ID": 6,
    "Category": "Negligent Operator            ",
    "HearingTime": 60,
    "InterviewTime": 60,
    "ReExamTime": 60,
    "LastUpdatedBy": null,
    "LastUpdatedDate": null,
    "message": null
  },
  {
    "ID": 7,
    "Category": "Commercial Physical and Mental",
    "HearingTime": 60,
    "InterviewTime": 60,
    "ReExamTime": 60,
    "LastUpdatedBy": null,
    "LastUpdatedDate": null,
    "message": null
  }
]