{
  "employee": null,
  "OfficeList": [
    {
      "Disabled": false,
      "Group": null,
      "Selected": false,
      "Text": "197 - AAABBBCCC",
      "Value": "197"
    },
    {
      "Disabled": false,
      "Group": null,
      "Selected": false,
      "Text": "198 - test11",
      "Value": "198"
    },
    {
      "Disabled": false,
      "Group": null,
      "Selected": false,
      "Text": "199 - test",
      "Value": "199"
    },
    {
      "Disabled": false,
      "Group": null,
      "Selected": false,
      "Text": "200 - LOD Office of Deputy Director",
      "Value": "200"
    },
    {
      "Disabled": false,
      "Group": null,
      "Selected": false,
      "Text": "204 - Driver Safety Autom Development",
      "Value": "204"
    },
    {
      "Disabled": false,
      "Group": null,
      "Selected": false,
      "Text": "214 - Senior Driver Ombudsman",
      "Value": "214"
    },
    {
      "Disabled": false,
      "Group": null,
      "Selected": false,
      "Text": "255 - DS Mandatory Actions Unit",
      "Value": "255"
    },
    {
      "Disabled": false,
      "Group": null,
      "Selected": false,
      "Text": "256 - Abstract Processing Unit",
      "Value": "256"
    },
    {
      "Disabled": false,
      "Group": null,
      "Selected": false,
      "Text": "274 - Covina",
      "Value": "274"
    },
    {
      "Disabled": false,
      "Group": null,
      "Selected": false,
      "Text": "275 - Bakersfield",
      "Value": "275"
    },
    {
      "Disabled": false,
      "Group": null,
      "Selected": false,
      "Text": "276 - Redding",
      "Value": "276"
    },
    {
      "Disabled": false,
      "Group": null,
      "Selected": false,
      "Text": "277 - Stockton",
      "Value": "277"
    },
    {
      "Disabled": false,
      "Group": null,
      "Selected": false,
      "Text": "280 - Region III",
      "Value": "280"
    },
    {
      "Disabled": false,
      "Group": null,
      "Selected": false,
      "Text": "281 - Region II",
      "Value": "281"
    },
    {
      "Disabled": false,
      "Group": null,
      "Selected": false,
      "Text": "282 - Headquarters Operations",
      "Value": "282"
    },
    {
      "Disabled": false,
      "Group": null,
      "Selected": false,
      "Text": "283 - Region I",
      "Value": "283"
    },
    {
      "Disabled": false,
      "Group": null,
      "Selected": false,
      "Text": "284 - Inland Region",
      "Value": "284"
    },
    {
      "Disabled": false,
      "Group": null,
      "Selected": false,
      "Text": "285 - Sacramento",
      "Value": "285"
    },
    {
      "Disabled": false,
      "Group": null,
      "Selected": false,
      "Text": "286 - Fresno",
      "Value": "286"
    },
    {
      "Disabled": false,
      "Group": null,
      "Selected": false,
      "Text": "287 - Region IV",
      "Value": "287"
    },
    {
      "Disabled": false,
      "Group": null,
      "Selected": false,
      "Text": "288 - Driver Safety Training & Procedures",
      "Value": "288"
    },
    {
      "Disabled": false,
      "Group": null,
      "Selected": false,
      "Text": "289 - Oakland",
      "Value": "289"
    },
    {
      "Disabled": false,
      "Group": null,
      "Selected": false,
      "Text": "290 - San Francisco",
      "Value": "290"
    },
    {
      "Disabled": false,
      "Group": null,
      "Selected": false,
      "Text": "291 - San Jose",
      "Value": "291"
    },
    {
      "Disabled": false,
      "Group": null,
      "Selected": false,
      "Text": "292 - El Segundo",
      "Value": "292"
    },
    {
      "Disabled": false,
      "Group": null,
      "Selected": false,
      "Text": "293 - Van Nuys",
      "Value": "293"
    },
    {
      "Disabled": false,
      "Group": null,
      "Selected": false,
      "Text": "294 - Los Angeles",
      "Value": "294"
    },
    {
      "Disabled": false,
      "Group": null,
      "Selected": false,
      "Text": "295 - Long Beach",
      "Value": "295"
    },
    {
      "Disabled": false,
      "Group": null,
      "Selected": false,
      "Text": "296 - Irvine",
      "Value": "296"
    },
    {
      "Disabled": false,
      "Group": null,
      "Selected": false,
      "Text": "298 - San Diego",
      "Value": "298"
    },
    {
      "Disabled": false,
      "Group": null,
      "Selected": false,
      "Text": "299 - San Bernardino",
      "Value": "299"
    },
    {
      "Disabled": false,
      "Group": null,
      "Selected": false,
      "Text": "301 - City of Commerce",
      "Value": "301"
    },
    {
      "Disabled": false,
      "Group": null,
      "Selected": false,
      "Text": "304 - Inglewood",
      "Value": "304"
    },
    {
      "Disabled": false,
      "Group": null,
      "Selected": false,
      "Text": "305 - Oxnard",
      "Value": "305"
    },
    {
      "Disabled": false,
      "Group": null,
      "Selected": false,
      "Text": "401 - Driver Safety Appeals Unit",
      "Value": "401"
    },
    {
      "Disabled": false,
      "Group": null,
      "Selected": false,
      "Text": "404 - Driver Safety Chiefs Office",
      "Value": "404"
    },
    {
      "Disabled": false,
      "Group": null,
      "Selected": false,
      "Text": "420 - Driver Safety Actions Unit",
      "Value": "420"
    },
    {
      "Disabled": false,
      "Group": null,
      "Selected": false,
      "Text": "421 - Driver Safety Litigation Unit",
      "Value": "421"
    },
    {
      "Disabled": false,
      "Group": null,
      "Selected": false,
      "Text": "422 - Driver Safety Services Unit",
      "Value": "422"
    },
    {
      "Disabled": false,
      "Group": null,
      "Selected": false,
      "Text": "446 - Technical Services Section",
      "Value": "446"
    },
    {
      "Disabled": false,
      "Group": null,
      "Selected": false,
      "Text": "513 - Truckee",
      "Value": "513"
    },
    {
      "Disabled": false,
      "Group": null,
      "Selected": false,
      "Text": "515 - State Building - Van Nuys",
      "Value": "515"
    },
    {
      "Disabled": false,
      "Group": null,
      "Selected": false,
      "Text": "517 - Stockton",
      "Value": "517"
    },
    {
      "Disabled": false,
      "Group": null,
      "Selected": false,
      "Text": "518 - Mountain Dew",
      "Value": "518"
    },
    {
      "Disabled": false,
      "Group": null,
      "Selected": false,
      "Text": "519 - San Diego - Clairemont",
      "Value": "519"
    },
    {
      "Disabled": false,
      "Group": null,
      "Selected": false,
      "Text": "520 - Chico",
      "Value": "520"
    },
    {
      "Disabled": false,
      "Group": null,
      "Selected": false,
      "Text": "521 - Jackson",
      "Value": "521"
    },
    {
      "Disabled": false,
      "Group": null,
      "Selected": false,
      "Text": "522 - Oroville",
      "Value": "522"
    },
    {
      "Disabled": false,
      "Group": null,
      "Selected": false,
      "Text": "523 - Concord",
      "Value": "523"
    },
    {
      "Disabled": false,
      "Group": null,
      "Selected": false,
      "Text": "524 - Crescent City",
      "Value": "524"
    },
    {
      "Disabled": false,
      "Group": null,
      "Selected": false,
      "Text": "525 - Placerville",
      "Value": "525"
    },
    {
      "Disabled": false,
      "Group": null,
      "Selected": false,
      "Text": "526 - Eureka",
      "Value": "526"
    },
    {
      "Disabled": false,
      "Group": null,
      "Selected": false,
      "Text": "527 - El Centro",
      "Value": "527"
    },
    {
      "Disabled": false,
      "Group": null,
      "Selected": false,
      "Text": "529 - Bakersfield",
      "Value": "529"
    },
    {
      "Disabled": false,
      "Group": null,
      "Selected": false,
      "Text": "530 - Lakeport",
      "Value": "530"
    },
    {
      "Disabled": false,
      "Group": null,
      "Selected": false,
      "Text": "531 - Susanville",
      "Value": "531"
    },
    {
      "Disabled": false,
      "Group": null,
      "Selected": false,
      "Text": "532 - Pomona",
      "Value": "532"
    },
    {
      "Disabled": false,
      "Group": null,
      "Selected": false,
      "Text": "534 - Corte Madera",
      "Value": "534"
    },
    {
      "Disabled": false,
      "Group": null,
      "Selected": false,
      "Text": "535 - Ukiah",
      "Value": "535"
    },
    {
      "Disabled": false,
      "Group": null,
      "Selected": false,
      "Text": "537 - Alturas",
      "Value": "537"
    },
    {
      "Disabled": false,
      "Group": null,
      "Selected": false,
      "Text": "538 - South Lake Tahoe",
      "Value": "538"
    },
    {
      "Disabled": false,
      "Group": null,
      "Selected": false,
      "Text": "539 - Salinas",
      "Value": "539"
    },
    {
      "Disabled": false,
      "Group": null,
      "Selected": false,
      "Text": "540 - Napa",
      "Value": "540"
    },
    {
      "Disabled": false,
      "Group": null,
      "Selected": false,
      "Text": "541 - Grass Valley",
      "Value": "541"
    },
    {
      "Disabled": false,
      "Group": null,
      "Selected": false,
      "Text": "544 - QuincyDog",
      "Value": "544"
    },
    {
      "Disabled": false,
      "Group": null,
      "Selected": false,
      "Text": "546 - Hollister",
      "Value": "546"
    },
    {
      "Disabled": false,
      "Group": null,
      "Selected": false,
      "Text": "547 - San Luis Obispo",
      "Value": "547"
    },
    {
      "Disabled": false,
      "Group": null,
      "Selected": false,
      "Text": "548 - Redwood City",
      "Value": "548"
    },
    {
      "Disabled": false,
      "Group": null,
      "Selected": false,
      "Text": "549 - Santa Barbara",
      "Value": "549"
    },
    {
      "Disabled": false,
      "Group": null,
      "Selected": false,
      "Text": "550 - Capitola",
      "Value": "550"
    },
    {
      "Disabled": false,
      "Group": null,
      "Selected": false,
      "Text": "551 - Redding",
      "Value": "551"
    },
    {
      "Disabled": false,
      "Group": null,
      "Selected": false,
      "Text": "552 - Yreka",
      "Value": "552"
    },
    {
      "Disabled": false,
      "Group": null,
      "Selected": false,
      "Text": "554 - Vallejo",
      "Value": "554"
    },
    {
      "Disabled": false,
      "Group": null,
      "Selected": false,
      "Text": "555 - Santa Rosa",
      "Value": "555"
    },
    {
      "Disabled": false,
      "Group": null,
      "Selected": false,
      "Text": "556 - El Cerrito",
      "Value": "556"
    },
    {
      "Disabled": false,
      "Group": null,
      "Selected": false,
      "Text": "557 - Modesto",
      "Value": "557"
    },
    {
      "Disabled": false,
      "Group": null,
      "Selected": false,
      "Text": "558 - Red Bluff",
      "Value": "558"
    },
    {
      "Disabled": false,
      "Group": null,
      "Selected": false,
      "Text": "559 - Visalia",
      "Value": "559"
    },
    {
      "Disabled": false,
      "Group": null,
      "Selected": false,
      "Text": "560 - Ventura",
      "Value": "560"
    },
    {
      "Disabled": false,
      "Group": null,
      "Selected": false,
      "Text": "561 - Woodland",
      "Value": "561"
    },
    {
      "Disabled": false,
      "Group": null,
      "Selected": false,
      "Text": "562 - Yuba City",
      "Value": "562"
    },
    {
      "Disabled": false,
      "Group": null,
      "Selected": false,
      "Text": "563 - Santa Maria",
      "Value": "563"
    },
    {
      "Disabled": false,
      "Group": null,
      "Selected": false,
      "Text": "564 - Colusa",
      "Value": "564"
    },
    {
      "Disabled": false,
      "Group": null,
      "Selected": false,
      "Text": "567 - Seaside",
      "Value": "567"
    },
    {
      "Disabled": false,
      "Group": null,
      "Selected": false,
      "Text": "568 - San Andreas",
      "Value": "568"
    },
    {
      "Disabled": false,
      "Group": null,
      "Selected": false,
      "Text": "569 - Sonora",
      "Value": "569"
    },
    {
      "Disabled": false,
      "Group": null,
      "Selected": false,
      "Text": "570 - Auburn",
      "Value": "570"
    },
    {
      "Disabled": false,
      "Group": null,
      "Selected": false,
      "Text": "571 - Willows",
      "Value": "571"
    },
    {
      "Disabled": false,
      "Group": null,
      "Selected": false,
      "Text": "574 - Paso Robles",
      "Value": "574"
    },
    {
      "Disabled": false,
      "Group": null,
      "Selected": false,
      "Text": "577 - Ridgecrest",
      "Value": "577"
    },
    {
      "Disabled": false,
      "Group": null,
      "Selected": false,
      "Text": "579 - Hayward",
      "Value": "579"
    },
    {
      "Disabled": false,
      "Group": null,
      "Selected": false,
      "Text": "581 - Compton",
      "Value": "581"
    },
    {
      "Disabled": false,
      "Group": null,
      "Selected": false,
      "Text": "583 - Watsonville",
      "Value": "583"
    },
    {
      "Disabled": false,
      "Group": null,
      "Selected": false,
      "Text": "585 - Bishop",
      "Value": "585"
    },
    {
      "Disabled": false,
      "Group": null,
      "Selected": false,
      "Text": "589 - Lompoc",
      "Value": "589"
    },
    {
      "Disabled": false,
      "Group": null,
      "Selected": false,
      "Text": "590 - Fort Bragg",
      "Value": "590"
    },
    {
      "Disabled": false,
      "Group": null,
      "Selected": false,
      "Text": "591 - Whittier",
      "Value": "591"
    },
    {
      "Disabled": false,
      "Group": null,
      "Selected": false,
      "Text": "592 - Pittsburg",
      "Value": "592"
    },
    {
      "Disabled": false,
      "Group": null,
      "Selected": false,
      "Text": "593 - San Mateo",
      "Value": "593"
    },
    {
      "Disabled": false,
      "Group": null,
      "Selected": false,
      "Text": "595 - Lancaster",
      "Value": "595"
    },
    {
      "Disabled": false,
      "Group": null,
      "Selected": false,
      "Text": "596 - Oceanside",
      "Value": "596"
    },
    {
      "Disabled": false,
      "Group": null,
      "Selected": false,
      "Text": "598 - Davis",
      "Value": "598"
    },
    {
      "Disabled": false,
      "Group": null,
      "Selected": false,
      "Text": "599 - Daly City",
      "Value": "599"
    },
    {
      "Disabled": false,
      "Group": null,
      "Selected": false,
      "Text": "601 - Paradise",
      "Value": "601"
    },
    {
      "Disabled": false,
      "Group": null,
      "Selected": false,
      "Text": "618 - West Covina",
      "Value": "618"
    },
    {
      "Disabled": false,
      "Group": null,
      "Selected": false,
      "Text": "621 - Fairfield",
      "Value": "621"
    },
    {
      "Disabled": false,
      "Group": null,
      "Selected": false,
      "Text": "623 - Gilroy",
      "Value": "623"
    },
    {
      "Disabled": false,
      "Group": null,
      "Selected": false,
      "Text": "624 - Walnut Creek",
      "Value": "624"
    },
    {
      "Disabled": false,
      "Group": null,
      "Selected": false,
      "Text": "631 - Pleasanton",
      "Value": "631"
    },
    {
      "Disabled": false,
      "Group": null,
      "Selected": false,
      "Text": "632 - Santa Clara",
      "Value": "632"
    },
    {
      "Disabled": false,
      "Group": null,
      "Selected": false,
      "Text": "634 - Petaluma",
      "Value": "634"
    },
    {
      "Disabled": false,
      "Group": null,
      "Selected": false,
      "Text": "635 - Hemet",
      "Value": "635"
    },
    {
      "Disabled": false,
      "Group": null,
      "Selected": false,
      "Text": "639 - Mount Shasta",
      "Value": "639"
    },
    {
      "Disabled": false,
      "Group": null,
      "Selected": false,
      "Text": "643 - Fall River Mills",
      "Value": "643"
    },
    {
      "Disabled": false,
      "Group": null,
      "Selected": false,
      "Text": "644 - Fremont",
      "Value": "644"
    },
    {
      "Disabled": false,
      "Group": null,
      "Selected": false,
      "Text": "647 - King City",
      "Value": "647"
    },
    {
      "Disabled": false,
      "Group": null,
      "Selected": false,
      "Text": "653 - Campbell",
      "Value": "653"
    },
    {
      "Disabled": false,
      "Group": null,
      "Selected": false,
      "Text": "655 - Folsom",
      "Value": "655"
    },
    {
      "Disabled": false,
      "Group": null,
      "Selected": false,
      "Text": "659 - Palm Springs",
      "Value": "659"
    },
    {
      "Disabled": false,
      "Group": null,
      "Selected": false,
      "Text": "668 - Santa Teresa",
      "Value": "668"
    },
    {
      "Disabled": false,
      "Group": null,
      "Selected": false,
      "Text": "669 - El Cajon",
      "Value": "669"
    },
    {
      "Disabled": false,
      "Group": null,
      "Selected": false,
      "Text": "670 - Goleta",
      "Value": "670"
    },
    {
      "Disabled": false,
      "Group": null,
      "Selected": false,
      "Text": "673 - Rocklin",
      "Value": "673"
    },
    {
      "Disabled": false,
      "Group": null,
      "Selected": false,
      "Text": "674 - North Hollywood",
      "Value": "674"
    },
    {
      "Disabled": false,
      "Group": null,
      "Selected": false,
      "Text": "676 - Poway",
      "Value": "676"
    },
    {
      "Disabled": false,
      "Group": null,
      "Selected": false,
      "Text": "677 - San Ysidro",
      "Value": "677"
    },
    {
      "Disabled": false,
      "Group": null,
      "Selected": false,
      "Text": "679 - Bakersfield Southwest",
      "Value": "679"
    },
    {
      "Disabled": false,
      "Group": null,
      "Selected": false,
      "Text": "680 - Simi Valley",
      "Value": "680"
    },
    {
      "Disabled": false,
      "Group": null,
      "Selected": false,
      "Text": "686 - Novato",
      "Value": "686"
    },
    {
      "Disabled": false,
      "Group": null,
      "Selected": false,
      "Text": "999 - Test Office",
      "Value": "999"
    }
  ],
  "ClassificationList": [
    {
      "Disabled": false,
      "Group": null,
      "Selected": false,
      "Text": "A - Administrator",
      "Value": "A"
    },
    {
      "Disabled": false,
      "Group": null,
      "Selected": false,
      "Text": "D - Driver Safety Chief",
      "Value": "D"
    },
    {
      "Disabled": false,
      "Group": null,
      "Selected": false,
      "Text": "E - Elevated SMVT",
      "Value": "E"
    },
    {
      "Disabled": false,
      "Group": null,
      "Selected": false,
      "Text": "H - Hearing Officer",
      "Value": "H"
    },
    {
      "Disabled": false,
      "Group": null,
      "Selected": false,
      "Text": "M - Manager",
      "Value": "M"
    },
    {
      "Disabled": false,
      "Group": null,
      "Selected": false,
      "Text": "O - Office Manager",
      "Value": "O"
    },
    {
      "Disabled": false,
      "Group": null,
      "Selected": false,
      "Text": "R - Regional Administrator",
      "Value": "R"
    },
    {
      "Disabled": false,
      "Group": null,
      "Selected": false,
      "Text": "S - Support Staff",
      "Value": "S"
    },
    {
      "Disabled": false,
      "Group": null,
      "Selected": false,
      "Text": "V - SMVT",
      "Value": "V"
    }
  ],
  "ClassList": [
    {
      "Disabled": false,
      "Group": null,
      "Selected": false,
      "Text": "1100 - OFFICE SERVICES MANAGER II",
      "Value": "1100      "
    },
    {
      "Disabled": false,
      "Group": null,
      "Selected": false,
      "Text": "1103 - OFFICE SERVICES MANAGER I",
      "Value": "1103      "
    },
    {
      "Disabled": false,
      "Group": null,
      "Selected": false,
      "Text": "1107 - OFFICE OCCUPATIONS CLERK",
      "Value": "1107      "
    },
    {
      "Disabled": false,
      "Group": null,
      "Selected": false,
      "Text": "1120 - SEASONAL CLERK",
      "Value": "1120      "
    },
    {
      "Disabled": false,
      "Group": null,
      "Selected": false,
      "Text": "1123 - ASSISTANT CLERK",
      "Value": "1123      "
    },
    {
      "Disabled": false,
      "Group": null,
      "Selected": false,
      "Text": "1134 - NEW MOTOR VEHICLE BOARD MEMBER",
      "Value": "1134      "
    },
    {
      "Disabled": false,
      "Group": null,
      "Selected": false,
      "Text": "1138 - OFFICE TECHNICIAN-GENERAL",
      "Value": "1138      "
    },
    {
      "Disabled": false,
      "Group": null,
      "Selected": false,
      "Text": "1139 - OFFICE TECHNICIAN-TYPING",
      "Value": "1139      "
    },
    {
      "Disabled": false,
      "Group": null,
      "Selected": false,
      "Text": "1141 - OFFICE SERVICES SUPERVISOR I-GENERAL",
      "Value": "1141      "
    },
    {
      "Disabled": false,
      "Group": null,
      "Selected": false,
      "Text": "1148 - OFFICE SERVICES SUPERVISOR I-TYPING",
      "Value": "1148      "
    },
    {
      "Disabled": false,
      "Group": null,
      "Selected": false,
      "Text": "1150 - OFFICE SERVICES SUPERVISOR II-GENERAL",
      "Value": "1150      "
    },
    {
      "Disabled": false,
      "Group": null,
      "Selected": false,
      "Text": "1151 - OFFICE SERVICES SUPERVISOR III-GENERAL",
      "Value": "1151      "
    },
    {
      "Disabled": false,
      "Group": null,
      "Selected": false,
      "Text": "1176 - SECRETARY",
      "Value": "1176      "
    },
    {
      "Disabled": false,
      "Group": null,
      "Selected": false,
      "Text": "1181 - WORD PROCESSING TECHNICIAN",
      "Value": "1181      "
    },
    {
      "Disabled": false,
      "Group": null,
      "Selected": false,
      "Text": "1193 - HEARING TRANSCRIBER-TYPIST",
      "Value": "1193      "
    },
    {
      "Disabled": false,
      "Group": null,
      "Selected": false,
      "Text": "1211 - COMPOSING TECHNICIAN II",
      "Value": "1211      "
    },
    {
      "Disabled": false,
      "Group": null,
      "Selected": false,
      "Text": "1213 - SENIOR WORD PROCESSING TECHNICIAN",
      "Value": "1213      "
    },
    {
      "Disabled": false,
      "Group": null,
      "Selected": false,
      "Text": "1245 - EXECUTIVE SECRETARY II",
      "Value": "1245      "
    },
    {
      "Disabled": false,
      "Group": null,
      "Selected": false,
      "Text": "1247 - EXECUTIVE SECRETARY I",
      "Value": "1247      "
    },
    {
      "Disabled": false,
      "Group": null,
      "Selected": false,
      "Text": "1262 - STENOGRAPHER",
      "Value": "1262      "
    },
    {
      "Disabled": false,
      "Group": null,
      "Selected": false,
      "Text": "1263 - COMPOSING TECHNICIAN I",
      "Value": "1263      "
    },
    {
      "Disabled": false,
      "Group": null,
      "Selected": false,
      "Text": "1277 - LEGAL SUPPORT SUPERVISOR I",
      "Value": "1277      "
    },
    {
      "Disabled": false,
      "Group": null,
      "Selected": false,
      "Text": "1278 - LEGAL SUPPORT SUPERVISOR II",
      "Value": "1278      "
    },
    {
      "Disabled": false,
      "Group": null,
      "Selected": false,
      "Text": "1282 - LEGAL SECRETARY",
      "Value": "1282      "
    },
    {
      "Disabled": false,
      "Group": null,
      "Selected": false,
      "Text": "1291 - ADMINISTRATIVE SECRETARY TO THE DIRECTOR, DMV",
      "Value": "1291      "
    },
    {
      "Disabled": false,
      "Group": null,
      "Selected": false,
      "Text": "1303 - PERSONNEL SERVICES SPECIALIST I",
      "Value": "1303      "
    },
    {
      "Disabled": false,
      "Group": null,
      "Selected": false,
      "Text": "1304 - PERSONNEL SERVICES SUPERVISOR II",
      "Value": "1304      "
    },
    {
      "Disabled": false,
      "Group": null,
      "Selected": false,
      "Text": "1305 - PERSONNEL SERVICES SUPERVISOR I",
      "Value": "1305      "
    },
    {
      "Disabled": false,
      "Group": null,
      "Selected": false,
      "Text": "1312 - STAFF INFORMATION SYSTEMS ANALYST-SPECIALIST",
      "Value": "1312      "
    },
    {
      "Disabled": false,
      "Group": null,
      "Selected": false,
      "Text": "1314 - PERSONNEL SERVICES SUPERVISOR III",
      "Value": "1314      "
    },
    {
      "Disabled": false,
      "Group": null,
      "Selected": false,
      "Text": "1316 - STAFF INFORMATION SYSTEMS ANALYST-SUPERVISOR",
      "Value": "1316      "
    },
    {
      "Disabled": false,
      "Group": null,
      "Selected": false,
      "Text": "1337 - SENIOR INFORMATION SYSTEMS ANALYST(SPECIALIST",
      "Value": "1337      "
    },
    {
      "Disabled": false,
      "Group": null,
      "Selected": false,
      "Text": "1340 - SENIOR INFORMATION SYSTEMS ANALYST-SUPERVISOR",
      "Value": "1340      "
    },
    {
      "Disabled": false,
      "Group": null,
      "Selected": false,
      "Text": "1350 - COMPUTER OPERATIONS SUPERVISOR II",
      "Value": "1350      "
    },
    {
      "Disabled": false,
      "Group": null,
      "Selected": false,
      "Text": "1351 - COMPUTER OPERATIONS SUPERVISOR I",
      "Value": "1351      "
    },
    {
      "Disabled": false,
      "Group": null,
      "Selected": false,
      "Text": "1353 - COMPUTER OPERATOR",
      "Value": "1353      "
    },
    {
      "Disabled": false,
      "Group": null,
      "Selected": false,
      "Text": "1360 - INFORMATION SYSTEMS TECHNICIAN",
      "Value": "1360      "
    },
    {
      "Disabled": false,
      "Group": null,
      "Selected": false,
      "Text": "1367 - SYSTEMS SOFTWARE SPECIALIST III (TECHNICAL)",
      "Value": "1367      "
    },
    {
      "Disabled": false,
      "Group": null,
      "Selected": false,
      "Text": "1373 - SYSTEMS SOFTWARE SPECIALIST II (TECHNICAL)",
      "Value": "1373      "
    },
    {
      "Disabled": false,
      "Group": null,
      "Selected": false,
      "Text": "1379 - OFFICE ASSISTANT (TYPING)",
      "Value": "1379      "
    },
    {
      "Disabled": false,
      "Group": null,
      "Selected": false,
      "Text": "1381 - DATA PROCESSING MANAGER I",
      "Value": "1381      "
    },
    {
      "Disabled": false,
      "Group": null,
      "Selected": false,
      "Text": "1382 - PROGRAMMER I",
      "Value": "1382      "
    },
    {
      "Disabled": false,
      "Group": null,
      "Selected": false,
      "Text": "1383 - PROGRAMMER II",
      "Value": "1383      "
    },
    {
      "Disabled": false,
      "Group": null,
      "Selected": false,
      "Text": "1384 - DATA PROCESSING MANAGER II",
      "Value": "1384      "
    },
    {
      "Disabled": false,
      "Group": null,
      "Selected": false,
      "Text": "1385 - DATA ENTRY MANAGER",
      "Value": "1385      "
    },
    {
      "Disabled": false,
      "Group": null,
      "Selected": false,
      "Text": "1387 - DATA PROCESSING MANAGER IV",
      "Value": "1387      "
    },
    {
      "Disabled": false,
      "Group": null,
      "Selected": false,
      "Text": "1393 - DATA PROCESSING MANAGER III",
      "Value": "1393      "
    },
    {
      "Disabled": false,
      "Group": null,
      "Selected": false,
      "Text": "1407 - INFORMATION SYSTEMS TECHNICIAN SUPERVISOR II",
      "Value": "1407      "
    },
    {
      "Disabled": false,
      "Group": null,
      "Selected": false,
      "Text": "1408 - INFORMATION SYSTEMS TECHNICIAN SUPERVISOR I",
      "Value": "1408      "
    },
    {
      "Disabled": false,
      "Group": null,
      "Selected": false,
      "Text": "1412 - DIGITAL PRINT OPERATOR II",
      "Value": "1412      "
    },
    {
      "Disabled": false,
      "Group": null,
      "Selected": false,
      "Text": "1415 - ADMIN LAW JUDGE/ASST EXEC SECRETARY, NEW MVB",
      "Value": "1415      "
    },
    {
      "Disabled": false,
      "Group": null,
      "Selected": false,
      "Text": "1419 - KEY DATA OPERATOR",
      "Value": "1419      "
    },
    {
      "Disabled": false,
      "Group": null,
      "Selected": false,
      "Text": "1420 - KEY DATA SUPERVISOR I",
      "Value": "1420      "
    },
    {
      "Disabled": false,
      "Group": null,
      "Selected": false,
      "Text": "1434 - KEY DATA SUPERVISOR IV",
      "Value": "1434      "
    },
    {
      "Disabled": false,
      "Group": null,
      "Selected": false,
      "Text": "1435 - KEY DATA SUPERVISOR III",
      "Value": "1435      "
    },
    {
      "Disabled": false,
      "Group": null,
      "Selected": false,
      "Text": "1436 - KEY DATA SUPERVISOR II",
      "Value": "1436      "
    },
    {
      "Disabled": false,
      "Group": null,
      "Selected": false,
      "Text": "1441 - OFFICE ASSISTANT (GENERAL)",
      "Value": "1441      "
    },
    {
      "Disabled": false,
      "Group": null,
      "Selected": false,
      "Text": "1459 - MAILING MACHINES SUPERVISOR I",
      "Value": "1459      "
    },
    {
      "Disabled": false,
      "Group": null,
      "Selected": false,
      "Text": "1463 - MAILING MACHINES SUPERVISOR II",
      "Value": "1463      "
    },
    {
      "Disabled": false,
      "Group": null,
      "Selected": false,
      "Text": "1465 - SERVICE ASSISTANT (KEY DATA OPERATIONS)",
      "Value": "1465      "
    },
    {
      "Disabled": false,
      "Group": null,
      "Selected": false,
      "Text": "1470 - ASSOCIATE INFORMATION SYSTEMS ANALYST (SPEC)",
      "Value": "1470      "
    },
    {
      "Disabled": false,
      "Group": null,
      "Selected": false,
      "Text": "1479 - ASSISTANT INFORMATION SYSTEMS ANALYST",
      "Value": "1479      "
    },
    {
      "Disabled": false,
      "Group": null,
      "Selected": false,
      "Text": "1480 - MICROFILM TECHNICIAN I",
      "Value": "1480      "
    },
    {
      "Disabled": false,
      "Group": null,
      "Selected": false,
      "Text": "1481 - MICROFILM TECHNICIAN II",
      "Value": "1481      "
    },
    {
      "Disabled": false,
      "Group": null,
      "Selected": false,
      "Text": "1482 - SENIOR MICROFILM TECHNICIAN",
      "Value": "1482      "
    },
    {
      "Disabled": false,
      "Group": null,
      "Selected": false,
      "Text": "1483 - SUPERVISING MICROFILM TECHNICIAN",
      "Value": "1483      "
    },
    {
      "Disabled": false,
      "Group": null,
      "Selected": false,
      "Text": "1487 - PRINTING TRADES SPECIALIST I (GENERAL)",
      "Value": "1487      "
    },
    {
      "Disabled": false,
      "Group": null,
      "Selected": false,
      "Text": "1489 - PRINTING TRADES SPECIALIST I (FINISHING)",
      "Value": "1489      "
    },
    {
      "Disabled": false,
      "Group": null,
      "Selected": false,
      "Text": "1499 - PRINTING TRADES SPECIALIST II (GENERAL)",
      "Value": "1499      "
    },
    {
      "Disabled": false,
      "Group": null,
      "Selected": false,
      "Text": "1500 - WAREHOUSE MANAGER II",
      "Value": "1500      "
    },
    {
      "Disabled": false,
      "Group": null,
      "Selected": false,
      "Text": "1503 - MATERIALS AND STORES SUPERVISOR",
      "Value": "1503      "
    },
    {
      "Disabled": false,
      "Group": null,
      "Selected": false,
      "Text": "1506 - MATERIALS AND STORES SPECIALIST",
      "Value": "1506      "
    },
    {
      "Disabled": false,
      "Group": null,
      "Selected": false,
      "Text": "1509 - STOCK CLERK",
      "Value": "1509      "
    },
    {
      "Disabled": false,
      "Group": null,
      "Selected": false,
      "Text": "1510 - SERVICE ASSISTANT WAREHOUSE AND STORES",
      "Value": "1510      "
    },
    {
      "Disabled": false,
      "Group": null,
      "Selected": false,
      "Text": "1511 - PRINTING TRADES SPECIALIST III (GENERAL)",
      "Value": "1511      "
    },
    {
      "Disabled": false,
      "Group": null,
      "Selected": false,
      "Text": "1515 - PRINTING TRADES SUPERVISOR I (GENERAL)",
      "Value": "1515      "
    },
    {
      "Disabled": false,
      "Group": null,
      "Selected": false,
      "Text": "1516 - PRINTING TRADES SUPERVISOR II",
      "Value": "1516      "
    },
    {
      "Disabled": false,
      "Group": null,
      "Selected": false,
      "Text": "1519 - SENIOR PRINTING TRADES SPECIALIST (GENERAL)",
      "Value": "1519      "
    },
    {
      "Disabled": false,
      "Group": null,
      "Selected": false,
      "Text": "1522 - PRINTING TRADES SPECIALIST IV",
      "Value": "1522      "
    },
    {
      "Disabled": false,
      "Group": null,
      "Selected": false,
      "Text": "1557 - INFORMATION SYSTEMS TECHNICIAN SPECIALIST II",
      "Value": "1557      "
    },
    {
      "Disabled": false,
      "Group": null,
      "Selected": false,
      "Text": "1559 - SYSTEMS SOFTWARE SPECIALIST III (SUPERVISOR)",
      "Value": "1559      "
    },
    {
      "Disabled": false,
      "Group": null,
      "Selected": false,
      "Text": "1560 - COMPUTER OPERATIONS SPECIALIST I",
      "Value": "1560      "
    },
    {
      "Disabled": false,
      "Group": null,
      "Selected": false,
      "Text": "1561 - COMPUTER OPERATIONS SPECIALIST II",
      "Value": "1561      "
    },
    {
      "Disabled": false,
      "Group": null,
      "Selected": false,
      "Text": "1562 - INFORMATION SYSTEMS TECHNICIAN SPECIALIST I",
      "Value": "1562      "
    },
    {
      "Disabled": false,
      "Group": null,
      "Selected": false,
      "Text": "1579 - ASSOCIATE PROGRAMMER ANALYST (SPECIALIST)",
      "Value": "1579      "
    },
    {
      "Disabled": false,
      "Group": null,
      "Selected": false,
      "Text": "1581 - STAFF PROGRAMMER ANALYST (SPECIALIST)",
      "Value": "1581      "
    },
    {
      "Disabled": false,
      "Group": null,
      "Selected": false,
      "Text": "1583 - SENIOR PROGRAMMER ANALYST (SPECIALIST)",
      "Value": "1583      "
    },
    {
      "Disabled": false,
      "Group": null,
      "Selected": false,
      "Text": "1584 - SENIOR PROGRAMMER ANALYST (SUPERVISOR)",
      "Value": "1584      "
    },
    {
      "Disabled": false,
      "Group": null,
      "Selected": false,
      "Text": "1585 - ASSOCIATE SYSTEMS SOFTWARE SPECIALIST (TECH)",
      "Value": "1585      "
    },
    {
      "Disabled": false,
      "Group": null,
      "Selected": false,
      "Text": "1587 - SYSTEMS SOFTWARE SPECIALIST I (TECHNICAL)",
      "Value": "1587      "
    },
    {
      "Disabled": false,
      "Group": null,
      "Selected": false,
      "Text": "1724 - SUPERVISING ACCOUNT CLERK II",
      "Value": "1724      "
    },
    {
      "Disabled": false,
      "Group": null,
      "Selected": false,
      "Text": "1727 - SUPERVISING ACCOUNT CLERK I",
      "Value": "1727      "
    },
    {
      "Disabled": false,
      "Group": null,
      "Selected": false,
      "Text": "1728 - EXECUTIVE ASSISTANT",
      "Value": "1728      "
    },
    {
      "Disabled": false,
      "Group": null,
      "Selected": false,
      "Text": "1730 - SENIOR ACCOUNT CLERK",
      "Value": "1730      "
    },
    {
      "Disabled": false,
      "Group": null,
      "Selected": false,
      "Text": "1733 - ACCOUNT CLERK II",
      "Value": "1733      "
    },
    {
      "Disabled": false,
      "Group": null,
      "Selected": false,
      "Text": "1741 - ACCOUNTING TECHNICIAN",
      "Value": "1741      "
    },
    {
      "Disabled": false,
      "Group": null,
      "Selected": false,
      "Text": "1743 - PERSONNEL SERVICES SPECIALIST II",
      "Value": "1743      "
    },
    {
      "Disabled": false,
      "Group": null,
      "Selected": false,
      "Text": "1746 - MOTOR VEHICLE PROGRAM SUPERVISOR I",
      "Value": "1746      "
    },
    {
      "Disabled": false,
      "Group": null,
      "Selected": false,
      "Text": "1766 - MOTOR VEHICLE PROGRAM SUPERVISOR II",
      "Value": "1766      "
    },
    {
      "Disabled": false,
      "Group": null,
      "Selected": false,
      "Text": "1779 - MAILING MACHINES OPERATOR I",
      "Value": "1779      "
    },
    {
      "Disabled": false,
      "Group": null,
      "Selected": false,
      "Text": "1780 - MAILING MACHINES OPERATOR II",
      "Value": "1780      "
    },
    {
      "Disabled": false,
      "Group": null,
      "Selected": false,
      "Text": "1820 - LEGAL ASSISTANT",
      "Value": "1820      "
    },
    {
      "Disabled": false,
      "Group": null,
      "Selected": false,
      "Text": "1844 - SERVICE ASSISTANT (DMV OPERATIONS)",
      "Value": "1844      "
    },
    {
      "Disabled": false,
      "Group": null,
      "Selected": false,
      "Text": "1854 - EXAMINATION PROCTOR",
      "Value": "1854      "
    },
    {
      "Disabled": false,
      "Group": null,
      "Selected": false,
      "Text": "1860 - ASSISTANT EXAMINATION PROCTOR",
      "Value": "1860      "
    },
    {
      "Disabled": false,
      "Group": null,
      "Selected": false,
      "Text": "1890 - SENIOR MOTOR VEHILCE TECHNICIAN",
      "Value": "1890      "
    },
    {
      "Disabled": false,
      "Group": null,
      "Selected": false,
      "Text": "1897 - MOTOR VEHICLE FIELD REPRESENTATIVE",
      "Value": "1897      "
    },
    {
      "Disabled": false,
      "Group": null,
      "Selected": false,
      "Text": "1898 - MOTOR VEHICLE ASSISTANT",
      "Value": "1898      "
    },
    {
      "Disabled": false,
      "Group": null,
      "Selected": false,
      "Text": "1899 - MOTOR VEHICLE TECHNICIAN",
      "Value": "1899      "
    },
    {
      "Disabled": false,
      "Group": null,
      "Selected": false,
      "Text": "2011 - JANITOR",
      "Value": "2011      "
    },
    {
      "Disabled": false,
      "Group": null,
      "Selected": false,
      "Text": "2016 - SERVICE ASSISTANT (JANITOR)",
      "Value": "2016      "
    },
    {
      "Disabled": false,
      "Group": null,
      "Selected": false,
      "Text": "2823 - SENIOR GRAPHIC ARTIST",
      "Value": "2823      "
    },
    {
      "Disabled": false,
      "Group": null,
      "Selected": false,
      "Text": "2885 - GRAPHIC DESIGNER II",
      "Value": "2885      "
    },
    {
      "Disabled": false,
      "Group": null,
      "Selected": false,
      "Text": "2886 - GRAPHIC DESIGNER III",
      "Value": "2886      "
    },
    {
      "Disabled": false,
      "Group": null,
      "Selected": false,
      "Text": "3064 - DEPUTY SECY BUSINESS REG AND GENERAL COUNSEL",
      "Value": "3064      "
    },
    {
      "Disabled": false,
      "Group": null,
      "Selected": false,
      "Text": "3223 - SENIOR STENOGRAPHER, LEGAL",
      "Value": "3223      "
    },
    {
      "Disabled": false,
      "Group": null,
      "Selected": false,
      "Text": "3224 - SENIOR TYPIST, LEGAL",
      "Value": "3224      "
    },
    {
      "Disabled": false,
      "Group": null,
      "Selected": false,
      "Text": "4009 - ARCHITECTURAL ASSOCIATE",
      "Value": "4009      "
    },
    {
      "Disabled": false,
      "Group": null,
      "Selected": false,
      "Text": "4089 - AUDITOR EVALUATOR II, BUREAU OF STATE AUDITS",
      "Value": "4089      "
    },
    {
      "Disabled": false,
      "Group": null,
      "Selected": false,
      "Text": "4098 - AUDITOR SPECIALIST I, BSA, EDP",
      "Value": "4098      "
    },
    {
      "Disabled": false,
      "Group": null,
      "Selected": false,
      "Text": "4106 - ASSOCIATE CONSTRUCTION ANALYST",
      "Value": "4106      "
    },
    {
      "Disabled": false,
      "Group": null,
      "Selected": false,
      "Text": "4126 - DEPARTMENTAL CONTRUCTION AND MAINT SUP",
      "Value": "4126      "
    },
    {
      "Disabled": false,
      "Group": null,
      "Selected": false,
      "Text": "4159 - ASSOCIATE MANAGEMENT AUDITOR",
      "Value": "4159      "
    },
    {
      "Disabled": false,
      "Group": null,
      "Selected": false,
      "Text": "4160 - STAFF MANAGEMENT AUDITOR",
      "Value": "4160      "
    },
    {
      "Disabled": false,
      "Group": null,
      "Selected": false,
      "Text": "4161 - SENIOR MANAGEMENT AUDITOR",
      "Value": "4161      "
    },
    {
      "Disabled": false,
      "Group": null,
      "Selected": false,
      "Text": "4163 - SUPERVISING MANAGEMENT AUDITOR",
      "Value": "4163      "
    },
    {
      "Disabled": false,
      "Group": null,
      "Selected": false,
      "Text": "4169 - REGIONAL CONSTRUCTION & MAINT. SUPERINTENDENT",
      "Value": "4169      "
    },
    {
      "Disabled": false,
      "Group": null,
      "Selected": false,
      "Text": "4175 - AUDITOR I",
      "Value": "4175      "
    },
    {
      "Disabled": false,
      "Group": null,
      "Selected": false,
      "Text": "4177 - ACCOUNTANT I (SPECIALIST)",
      "Value": "4177      "
    },
    {
      "Disabled": false,
      "Group": null,
      "Selected": false,
      "Text": "4179 - ACCOUNTANT TRAINEE",
      "Value": "4179      "
    },
    {
      "Disabled": false,
      "Group": null,
      "Selected": false,
      "Text": "4180 - ACCOUNTANT I (SUPERVISOR)",
      "Value": "4180      "
    },
    {
      "Disabled": false,
      "Group": null,
      "Selected": false,
      "Text": "4279 - SUPERVISING AUDITOR, MOTOR VEHICLES",
      "Value": "4279      "
    },
    {
      "Disabled": false,
      "Group": null,
      "Selected": false,
      "Text": "4285 - GENERAL AUDITOR III",
      "Value": "4285      "
    },
    {
      "Disabled": false,
      "Group": null,
      "Selected": false,
      "Text": "4287 - GENERAL AUDITOR II",
      "Value": "4287      "
    },
    {
      "Disabled": false,
      "Group": null,
      "Selected": false,
      "Text": "4525 - ASSOCIATE TRANSPORTATION RATE EXPERT",
      "Value": "4525      "
    },
    {
      "Disabled": false,
      "Group": null,
      "Selected": false,
      "Text": "4542 - ACCOUNTING ADMINISTRATOR II",
      "Value": "4542      "
    },
    {
      "Disabled": false,
      "Group": null,
      "Selected": false,
      "Text": "4545 - ACCOUNTING ADMINISTRATOR III",
      "Value": "4545      "
    },
    {
      "Disabled": false,
      "Group": null,
      "Selected": false,
      "Text": "4546 - ACCOUNTING OFFICER (SPECIALIST)",
      "Value": "4546      "
    },
    {
      "Disabled": false,
      "Group": null,
      "Selected": false,
      "Text": "4549 - ACCOUNTING ADMINISTRATOR I (SUPERVISOR)",
      "Value": "4549      "
    },
    {
      "Disabled": false,
      "Group": null,
      "Selected": false,
      "Text": "4563 - ACCOUNTING OFFICER (SUPERVISOR)",
      "Value": "4563      "
    },
    {
      "Disabled": false,
      "Group": null,
      "Selected": false,
      "Text": "4567 - SENIOR ACCOUNTING OFFICER (SPECIALIST)",
      "Value": "4567      "
    },
    {
      "Disabled": false,
      "Group": null,
      "Selected": false,
      "Text": "4569 - SENIOR ACCOUNTING OFFICER (SUPERVISOR)",
      "Value": "4569      "
    },
    {
      "Disabled": false,
      "Group": null,
      "Selected": false,
      "Text": "4582 - ACCOUNTING ANALYST",
      "Value": "4582      "
    },
    {
      "Disabled": false,
      "Group": null,
      "Selected": false,
      "Text": "4588 - ASSOCIATE ACCOUNTING ANALYST",
      "Value": "4588      "
    },
    {
      "Disabled": false,
      "Group": null,
      "Selected": false,
      "Text": "4621 - ASSISTANT DIVISION CHIEF/PROGRAM MANAGER, DMV",
      "Value": "4621      "
    },
    {
      "Disabled": false,
      "Group": null,
      "Selected": false,
      "Text": "4660 - SPECIAL CONSULTANT",
      "Value": "4660      "
    },
    {
      "Disabled": false,
      "Group": null,
      "Selected": false,
      "Text": "4687 - LIMITED EXAM & APPT. PROG. CANDIDATE",
      "Value": "4687      "
    },
    {
      "Disabled": false,
      "Group": null,
      "Selected": false,
      "Text": "4707 - BUSINESS SERVICE ASSISTANT (SPECIALIST)",
      "Value": "4707      "
    },
    {
      "Disabled": false,
      "Group": null,
      "Selected": false,
      "Text": "4720 - BUSINESS SERVICE OFFICER I (SPECIALIST)",
      "Value": "4720      "
    },
    {
      "Disabled": false,
      "Group": null,
      "Selected": false,
      "Text": "4722 - BUSINESS SERVICE OFFICER I (SUPERVISOR)",
      "Value": "4722      "
    },
    {
      "Disabled": false,
      "Group": null,
      "Selected": false,
      "Text": "4742 - ASSOCIATE BUSINESS MANAGEMENT ANALYST",
      "Value": "4742      "
    },
    {
      "Disabled": false,
      "Group": null,
      "Selected": false,
      "Text": "4785 - BUSINESS SERVICE OFFICER III",
      "Value": "4785      "
    },
    {
      "Disabled": false,
      "Group": null,
      "Selected": false,
      "Text": "4800 - STAFF SERVICES MANAGER I",
      "Value": "4800      "
    },
    {
      "Disabled": false,
      "Group": null,
      "Selected": false,
      "Text": "4801 - STAFF SERVICES MANAGER II (SUPERVISOR)",
      "Value": "4801      "
    },
    {
      "Disabled": false,
      "Group": null,
      "Selected": false,
      "Text": "4802 - STAFF SERVICES MANAGER III",
      "Value": "4802      "
    },
    {
      "Disabled": false,
      "Group": null,
      "Selected": false,
      "Text": "4870 - STUDENT ASSISTANT",
      "Value": "4870      "
    },
    {
      "Disabled": false,
      "Group": null,
      "Selected": false,
      "Text": "4872 - GRADUATE STUDENT ASSISTANT",
      "Value": "4872      "
    },
    {
      "Disabled": false,
      "Group": null,
      "Selected": false,
      "Text": "4970 - BUSINESS SERVICE OFFICER II (SPECIALIST)",
      "Value": "4970      "
    },
    {
      "Disabled": false,
      "Group": null,
      "Selected": false,
      "Text": "4973 - BUSINESS SERVICE OFFICER II (SUPERVISOR)",
      "Value": "4973      "
    },
    {
      "Disabled": false,
      "Group": null,
      "Selected": false,
      "Text": "5139 - PERSONNEL TECHNICIAN II (SUPERVISOR)",
      "Value": "5139      "
    },
    {
      "Disabled": false,
      "Group": null,
      "Selected": false,
      "Text": "5142 - ASSOCIATE PERSONNEL ANALYST",
      "Value": "5142      "
    },
    {
      "Disabled": false,
      "Group": null,
      "Selected": false,
      "Text": "5157 - STAFF SERVICES ANALYST-GENERAL",
      "Value": "5157      "
    },
    {
      "Disabled": false,
      "Group": null,
      "Selected": false,
      "Text": "5160 - PERSONNEL TECHNICIAN I",
      "Value": "5160      "
    },
    {
      "Disabled": false,
      "Group": null,
      "Selected": false,
      "Text": "5161 - PERSONNEL TECHNICIAN II (SPECIALIST)",
      "Value": "5161      "
    },
    {
      "Disabled": false,
      "Group": null,
      "Selected": false,
      "Text": "5170 - TELECOMMUNICATIONS SYSTEMS ANALYST I",
      "Value": "5170      "
    },
    {
      "Disabled": false,
      "Group": null,
      "Selected": false,
      "Text": "5171 - TELECOMMUNICATIONS SYSTEMS ANALYST II",
      "Value": "5171      "
    },
    {
      "Disabled": false,
      "Group": null,
      "Selected": false,
      "Text": "5197 - TRAINING OFFICER I",
      "Value": "5197      "
    },
    {
      "Disabled": false,
      "Group": null,
      "Selected": false,
      "Text": "5221 - BUDGET TECHNICIAN I",
      "Value": "5221      "
    },
    {
      "Disabled": false,
      "Group": null,
      "Selected": false,
      "Text": "5237 - LEGAL ANALYST",
      "Value": "5237      "
    },
    {
      "Disabled": false,
      "Group": null,
      "Selected": false,
      "Text": "5242 - RECORDS MANAGEMENT ANALYST II (SUPERVISOR)",
      "Value": "5242      "
    },
    {
      "Disabled": false,
      "Group": null,
      "Selected": false,
      "Text": "5246 - ASSOCIATE MANAGEMENT ANALYST",
      "Value": "5246      "
    },
    {
      "Disabled": false,
      "Group": null,
      "Selected": false,
      "Text": "5250 - RECORDS MANAGEMENT ANALYST I",
      "Value": "5250      "
    },
    {
      "Disabled": false,
      "Group": null,
      "Selected": false,
      "Text": "5265 - RECORDS MANAGEMENT ANALYST II (SPECIALIST)",
      "Value": "5265      "
    },
    {
      "Disabled": false,
      "Group": null,
      "Selected": false,
      "Text": "5278 - MANAGEMENT SERVICES TECHNICIAN",
      "Value": "5278      "
    },
    {
      "Disabled": false,
      "Group": null,
      "Selected": false,
      "Text": "5284 - ASSOCIATE BUDGET ANALYST",
      "Value": "5284      "
    },
    {
      "Disabled": false,
      "Group": null,
      "Selected": false,
      "Text": "5301 - SUPERVISING ADMINISTRATIVE ANALYST ACCT SYSTE",
      "Value": "5301      "
    },
    {
      "Disabled": false,
      "Group": null,
      "Selected": false,
      "Text": "5302 - SENIOR ADMINISTRATIVE ANALYST - ACCT SYSTEMS",
      "Value": "5302      "
    },
    {
      "Disabled": false,
      "Group": null,
      "Selected": false,
      "Text": "5303 - STAFF ADMINISTRATIVE ANALYST - ACCT SYSTEMS",
      "Value": "5303      "
    },
    {
      "Disabled": false,
      "Group": null,
      "Selected": false,
      "Text": "5304 - ASSOCIATE ADMIN ANALYST - ACCOUNTING SYSTEMS",
      "Value": "5304      "
    },
    {
      "Disabled": false,
      "Group": null,
      "Selected": false,
      "Text": "5306 - ASSISTANT ADMINISTRATIVE ANALYST ACCTG SYSTEM",
      "Value": "5306      "
    },
    {
      "Disabled": false,
      "Group": null,
      "Selected": false,
      "Text": "5358 - ADMINISTRATIVE ASSISTANT II",
      "Value": "5358      "
    },
    {
      "Disabled": false,
      "Group": null,
      "Selected": false,
      "Text": "5393 - ASSOCIATE GOVERNMENTAL PROGRAM ANALYST",
      "Value": "5393      "
    },
    {
      "Disabled": false,
      "Group": null,
      "Selected": false,
      "Text": "5553 - STATISTICAL METHODS ANLAYST III",
      "Value": "5553      "
    },
    {
      "Disabled": false,
      "Group": null,
      "Selected": false,
      "Text": "5571 - TELEVISION SPECIALIST",
      "Value": "5571      "
    },
    {
      "Disabled": false,
      "Group": null,
      "Selected": false,
      "Text": "5574 - TELEVISION ASSISTANT",
      "Value": "5574      "
    },
    {
      "Disabled": false,
      "Group": null,
      "Selected": false,
      "Text": "5595 - INFORMATION OFFICER II",
      "Value": "5595      "
    },
    {
      "Disabled": false,
      "Group": null,
      "Selected": false,
      "Text": "5597 - INFORMATION OFFICER III CEA",
      "Value": "5597      "
    },
    {
      "Disabled": false,
      "Group": null,
      "Selected": false,
      "Text": "5601 - INFORMATION OFFICER I (SPECIALIST)",
      "Value": "5601      "
    },
    {
      "Disabled": false,
      "Group": null,
      "Selected": false,
      "Text": "5602 - EDITORIAL TECHNICIAN",
      "Value": "5602      "
    },
    {
      "Disabled": false,
      "Group": null,
      "Selected": false,
      "Text": "5603 - ASSISTANT INFORMATION OFFICER",
      "Value": "5603      "
    },
    {
      "Disabled": false,
      "Group": null,
      "Selected": false,
      "Text": "5624 - TRANSLATOR",
      "Value": "5624      "
    },
    {
      "Disabled": false,
      "Group": null,
      "Selected": false,
      "Text": "5684 - DIRECTOR, TELEVISION COMMUNICATIONS CENTER",
      "Value": "5684      "
    },
    {
      "Disabled": false,
      "Group": null,
      "Selected": false,
      "Text": "5694 - DIRECTOR, TELEVISION COMMUNICATIONS CENTER SU",
      "Value": "5694      "
    },
    {
      "Disabled": false,
      "Group": null,
      "Selected": false,
      "Text": "5729 - RESEARCH ANALYST I-GENERAL",
      "Value": "5729      "
    },
    {
      "Disabled": false,
      "Group": null,
      "Selected": false,
      "Text": "5731 - RESEARCH ANALYST II - GENERAL",
      "Value": "5731      "
    },
    {
      "Disabled": false,
      "Group": null,
      "Selected": false,
      "Text": "5732 - RESEARCH ANALYST II-SOCIAL/BEHAVIORAL",
      "Value": "5732      "
    },
    {
      "Disabled": false,
      "Group": null,
      "Selected": false,
      "Text": "5735 - RESEARCH MANAGER I-SOCIAL/BEHAVIORAL",
      "Value": "5735      "
    },
    {
      "Disabled": false,
      "Group": null,
      "Selected": false,
      "Text": "5738 - RESEARCH MANAGER II-SOCIAL/BEHAVIORAL",
      "Value": "5738      "
    },
    {
      "Disabled": false,
      "Group": null,
      "Selected": false,
      "Text": "5740 - RESEARCH MANAGER III-GENERAL",
      "Value": "5740      "
    },
    {
      "Disabled": false,
      "Group": null,
      "Selected": false,
      "Text": "5742 - RESEARCH PROGRAM SPECIALIST I",
      "Value": "5742      "
    },
    {
      "Disabled": false,
      "Group": null,
      "Selected": false,
      "Text": "5756 - RESEARCH PROGRAM SPECIALIST I - SOC/BEH",
      "Value": "5756      "
    },
    {
      "Disabled": false,
      "Group": null,
      "Selected": false,
      "Text": "5767 - RESEARCH PROGRAM SPECIALIST II-SOC/BEH",
      "Value": "5767      "
    },
    {
      "Disabled": false,
      "Group": null,
      "Selected": false,
      "Text": "5778 - STAFF COUNSEL",
      "Value": "5778      "
    },
    {
      "Disabled": false,
      "Group": null,
      "Selected": false,
      "Text": "5795 - STAFF COUNSEL III (SPECIALIST)",
      "Value": "5795      "
    },
    {
      "Disabled": false,
      "Group": null,
      "Selected": false,
      "Text": "5797 - GRADUATE LEGAL ASSISTANT",
      "Value": "5797      "
    },
    {
      "Disabled": false,
      "Group": null,
      "Selected": false,
      "Text": "5815 - STAFF COUNSEL III (SUPERVISOR)",
      "Value": "5815      "
    },
    {
      "Disabled": false,
      "Group": null,
      "Selected": false,
      "Text": "5841 - STAFF SERVICES MANAGEMENT AUDITOR",
      "Value": "5841      "
    },
    {
      "Disabled": false,
      "Group": null,
      "Selected": false,
      "Text": "5859 - RESEARCH ANALYST I-SOCIAL/BEHAVIORAL",
      "Value": "5859      "
    },
    {
      "Disabled": false,
      "Group": null,
      "Selected": false,
      "Text": "5871 - ASSISTANT CHIEF COUNSEL",
      "Value": "5871      "
    },
    {
      "Disabled": false,
      "Group": null,
      "Selected": false,
      "Text": "5872 - CHIEF COUNSEL I, CEA",
      "Value": "5872      "
    },
    {
      "Disabled": false,
      "Group": null,
      "Selected": false,
      "Text": "5873 - CHIEF COUNSEL II CEA",
      "Value": "5873      "
    },
    {
      "Disabled": false,
      "Group": null,
      "Selected": false,
      "Text": "5920 - RESEARCH SCIENTIST III(RISK REDUCTION EPIDEMI",
      "Value": "5920      "
    },
    {
      "Disabled": false,
      "Group": null,
      "Selected": false,
      "Text": "6125 - HEARING OFFICER I, NMVB",
      "Value": "6125      "
    },
    {
      "Disabled": false,
      "Group": null,
      "Selected": false,
      "Text": "6126 - HEARING OFFICER II, NMVB",
      "Value": "6126      "
    },
    {
      "Disabled": false,
      "Group": null,
      "Selected": false,
      "Text": "6127 - CHIEF HEARING OFFICER-EXEC SECRETARY, NMVB",
      "Value": "6127      "
    },
    {
      "Disabled": false,
      "Group": null,
      "Selected": false,
      "Text": "6215 - BUILDING MAINTENANCE WORKER",
      "Value": "6215      "
    },
    {
      "Disabled": false,
      "Group": null,
      "Selected": false,
      "Text": "6220 - WAREHOUSE WORKER",
      "Value": "6220      "
    },
    {
      "Disabled": false,
      "Group": null,
      "Selected": false,
      "Text": "6291 - PERSONNEL SELECTION TECHNICIAN",
      "Value": "6291      "
    },
    {
      "Disabled": false,
      "Group": null,
      "Selected": false,
      "Text": "6292 - SUPERVISING PERSONNEL SELECTION TECHNICIAN",
      "Value": "6292      "
    },
    {
      "Disabled": false,
      "Group": null,
      "Selected": false,
      "Text": "6334 - DIRECTOR OF PUBLIC AFFAIRS",
      "Value": "6334      "
    },
    {
      "Disabled": false,
      "Group": null,
      "Selected": false,
      "Text": "6381 - TRUCK DRIVER",
      "Value": "6381      "
    },
    {
      "Disabled": false,
      "Group": null,
      "Selected": false,
      "Text": "6532 - ELECTRICIAN II",
      "Value": "6532      "
    },
    {
      "Disabled": false,
      "Group": null,
      "Selected": false,
      "Text": "6533 - ELECTRICIAN I",
      "Value": "6533      "
    },
    {
      "Disabled": false,
      "Group": null,
      "Selected": false,
      "Text": "6673 - OFFICE BUILDING MANAGER II",
      "Value": "6673      "
    },
    {
      "Disabled": false,
      "Group": null,
      "Selected": false,
      "Text": "6675 - OFFICE BUILDING MANAGER I",
      "Value": "6675      "
    },
    {
      "Disabled": false,
      "Group": null,
      "Selected": false,
      "Text": "6698 - CHIEF ENGINEER I",
      "Value": "6698      "
    },
    {
      "Disabled": false,
      "Group": null,
      "Selected": false,
      "Text": "6712 - STATIONARY ENGINEER",
      "Value": "6712      "
    },
    {
      "Disabled": false,
      "Group": null,
      "Selected": false,
      "Text": "6797 - OFFICE MACHINE SERVICE TECH (ELECTRONIC)",
      "Value": "6797      "
    },
    {
      "Disabled": false,
      "Group": null,
      "Selected": false,
      "Text": "7255 - DIGITAL COMPOSITION SPECIALIST I",
      "Value": "7255      "
    },
    {
      "Disabled": false,
      "Group": null,
      "Selected": false,
      "Text": "7256 - DIGITAL COMPOSITION SPECIALIST II",
      "Value": "7256      "
    },
    {
      "Disabled": false,
      "Group": null,
      "Selected": false,
      "Text": "7322 - WEBFED OFFSET PRESS OPERATOR I",
      "Value": "7322      "
    },
    {
      "Disabled": false,
      "Group": null,
      "Selected": false,
      "Text": "7324 - SHEETFED OFFSET PRESS OPERATOR II",
      "Value": "7324      "
    },
    {
      "Disabled": false,
      "Group": null,
      "Selected": false,
      "Text": "7327 - SHEETFED OFFSET PRESS OPERATOR III",
      "Value": "7327      "
    },
    {
      "Disabled": false,
      "Group": null,
      "Selected": false,
      "Text": "7331 - WEBFED OFFSET PRESS OPERATOR II",
      "Value": "7331      "
    },
    {
      "Disabled": false,
      "Group": null,
      "Selected": false,
      "Text": "7417 - RESEARCH ANALYST II-GEOGRAPHIC INFO SYSTEMS",
      "Value": "7417      "
    },
    {
      "Disabled": false,
      "Group": null,
      "Selected": false,
      "Text": "7500 - CEA",
      "Value": "7500      "
    },
    {
      "Disabled": false,
      "Group": null,
      "Selected": false,
      "Text": "7638 - STAFF ASSISTANT",
      "Value": "7638      "
    },
    {
      "Disabled": false,
      "Group": null,
      "Selected": false,
      "Text": "8538 - INVESTIGATOR, DEPARTMENT OF MOTOR VEHICLES",
      "Value": "8538      "
    },
    {
      "Disabled": false,
      "Group": null,
      "Selected": false,
      "Text": "8539 - SUPERVISING INVESTIGATOR I, DEPT OF MOTOR VEH",
      "Value": "8539      "
    },
    {
      "Disabled": false,
      "Group": null,
      "Selected": false,
      "Text": "8540 - SUPERVISING INVESTIGATOR II, DEPT OF MOTOR VE",
      "Value": "8540      "
    },
    {
      "Disabled": false,
      "Group": null,
      "Selected": false,
      "Text": "8554 - INVESTIGATOR ASSISTANT",
      "Value": "8554      "
    },
    {
      "Disabled": false,
      "Group": null,
      "Selected": false,
      "Text": "8718 - DIRECTOR, DMV",
      "Value": "8718      "
    },
    {
      "Disabled": false,
      "Group": null,
      "Selected": false,
      "Text": "8719 - DEPUTY DIRECTOR MOTOR VEHICLES",
      "Value": "8719      "
    },
    {
      "Disabled": false,
      "Group": null,
      "Selected": false,
      "Text": "8720 - CHIEF DEPUTY DIRECTOR MOTOR VEHICLES",
      "Value": "8720      "
    },
    {
      "Disabled": false,
      "Group": null,
      "Selected": false,
      "Text": "8722 - DRIVER SAFETY MANAGER III",
      "Value": "8722      "
    },
    {
      "Disabled": false,
      "Group": null,
      "Selected": false,
      "Text": "8723 - DRIVER SAFETY MANAGER II",
      "Value": "8723      "
    },
    {
      "Disabled": false,
      "Group": null,
      "Selected": false,
      "Text": "8727 - DRIVER SAFETY OFFICER",
      "Value": "8727      "
    },
    {
      "Disabled": false,
      "Group": null,
      "Selected": false,
      "Text": "8728 - DRIVER SAFETY MANAGER I",
      "Value": "8728      "
    },
    {
      "Disabled": false,
      "Group": null,
      "Selected": false,
      "Text": "8729 - PRINCIPAL DRIVER SAFETY OFFICER",
      "Value": "8729      "
    },
    {
      "Disabled": false,
      "Group": null,
      "Selected": false,
      "Text": "8730 - MANAGER V, DMV",
      "Value": "8730      "
    },
    {
      "Disabled": false,
      "Group": null,
      "Selected": false,
      "Text": "8731 - MANAGER IV, DMV",
      "Value": "8731      "
    },
    {
      "Disabled": false,
      "Group": null,
      "Selected": false,
      "Text": "8734 - MANAGER III, DMV",
      "Value": "8734      "
    },
    {
      "Disabled": false,
      "Group": null,
      "Selected": false,
      "Text": "8736 - CONTROL CASHIER I (MVS)",
      "Value": "8736      "
    },
    {
      "Disabled": false,
      "Group": null,
      "Selected": false,
      "Text": "8737 - CONTROL CASHIER II (MVS)",
      "Value": "8737      "
    },
    {
      "Disabled": false,
      "Group": null,
      "Selected": false,
      "Text": "8738 - CONTROL CASHIER I (VR)",
      "Value": "8738      "
    },
    {
      "Disabled": false,
      "Group": null,
      "Selected": false,
      "Text": "8739 - CONTROL CASHIER II (VR)",
      "Value": "8739      "
    },
    {
      "Disabled": false,
      "Group": null,
      "Selected": false,
      "Text": "8740 - MANAGER II, DMV",
      "Value": "8740      "
    },
    {
      "Disabled": false,
      "Group": null,
      "Selected": false,
      "Text": "8746 - MANAGER I, DMV",
      "Value": "8746      "
    },
    {
      "Disabled": false,
      "Group": null,
      "Selected": false,
      "Text": "8747 - MANAGER TRAINEE, DMV",
      "Value": "8747      "
    },
    {
      "Disabled": false,
      "Group": null,
      "Selected": false,
      "Text": "8749 - SUPERVISING MOTOR VEHICLE REPRESENTATIVE",
      "Value": "8749      "
    },
    {
      "Disabled": false,
      "Group": null,
      "Selected": false,
      "Text": "8758 - LICENSING-REGISTRATION EXAMINER, DMV",
      "Value": "8758      "
    },
    {
      "Disabled": false,
      "Group": null,
      "Selected": false,
      "Text": "8811 - SUPERVISING INSPECTOR, DMV",
      "Value": "8811      "
    },
    {
      "Disabled": false,
      "Group": null,
      "Selected": false,
      "Text": "8829 - INSPECTOR, DMV",
      "Value": "8829      "
    },
    {
      "Disabled": false,
      "Group": null,
      "Selected": false,
      "Text": "8895 - EXPERT EXAMINER",
      "Value": "8895      "
    },
    {
      "Disabled": false,
      "Group": null,
      "Selected": false,
      "Text": "9115 - MEDIA RELATIONS ADVISOR",
      "Value": "9115      "
    },
    {
      "Disabled": false,
      "Group": null,
      "Selected": false,
      "Text": "9147 - INFORMATION OFFICER, MEDIA RELATIONS OFFICE",
      "Value": "9147      "
    },
    {
      "Disabled": false,
      "Group": null,
      "Selected": false,
      "Text": "9535 - LABOR RELATIONS SPECIALIST",
      "Value": "9535      "
    },
    {
      "Disabled": false,
      "Group": null,
      "Selected": false,
      "Text": "9537 - LABOR RELATIONS MANAGER I",
      "Value": "9537      "
    },
    {
      "Disabled": false,
      "Group": null,
      "Selected": false,
      "Text": "9635 - CHIEF COUNSEL",
      "Value": "9635      "
    },
    {
      "Disabled": false,
      "Group": null,
      "Selected": false,
      "Text": "9992 - MAINTENANCE & SERVICE OCCUPATIONAL TRAINEE",
      "Value": "9992      "
    },
    {
      "Disabled": false,
      "Group": null,
      "Selected": false,
      "Text": "9993 - MECHANICAL & TECHNICAL OCCUPATIONAL TRAINEE",
      "Value": "9993      "
    }
  ]
}