[
  {
    "Disabled": false,
    "Group": null,
    "Selected": false,
    "Text": "Select Option",
    "Value": ""
  },
  {
    "Disabled": false,
    "Group": null,
    "Selected": false,
    "Text": "APP - Appointment",
    "Value": "APP"
  },
  {
    "Disabled": false,
    "Group": null,
    "Selected": false,
    "Text": "APS - Documents needed",
    "Value": "APS"
  },
  {
    "Disabled": false,
    "Group": null,
    "Selected": false,
    "Text": "ATY - Waiting for attorney to call",
    "Value": "ATY"
  },
  {
    "Disabled": false,
    "Group": null,
    "Selected": false,
    "Text": "BRD - Board review",
    "Value": "BRD"
  },
  {
    "Disabled": false,
    "Group": null,
    "Selected": false,
    "Text": "COR - Correspondence",
    "Value": "COR"
  },
  {
    "Disabled": false,
    "Group": null,
    "Selected": false,
    "Text": "CSH - Cashiering",
    "Value": "CSH"
  },
  {
    "Disabled": false,
    "Group": null,
    "Selected": false,
    "Text": "DOC - Obtain docs",
    "Value": "DOC"
  },
  {
    "Disabled": false,
    "Group": null,
    "Selected": false,
    "Text": "DSC - Discovery",
    "Value": "DSC"
  },
  {
    "Disabled": false,
    "Group": null,
    "Selected": false,
    "Text": "END - Suspense over",
    "Value": "END"
  },
  {
    "Disabled": false,
    "Group": null,
    "Selected": false,
    "Text": "FTA - Failure to appear",
    "Value": "FTA"
  },
  {
    "Disabled": false,
    "Group": null,
    "Selected": false,
    "Text": "FTP - Failure to pay",
    "Value": "FTP"
  },
  {
    "Disabled": false,
    "Group": null,
    "Selected": false,
    "Text": "HRG - Hearing",
    "Value": "HRG"
  },
  {
    "Disabled": false,
    "Group": null,
    "Selected": false,
    "Text": "INS - Insurance",
    "Value": "INS"
  },
  {
    "Disabled": false,
    "Group": null,
    "Selected": false,
    "Text": "MED - Medical",
    "Value": "MED"
  },
  {
    "Disabled": false,
    "Group": null,
    "Selected": false,
    "Text": "OTH - Other",
    "Value": "OTH"
  },
  {
    "Disabled": false,
    "Group": null,
    "Selected": false,
    "Text": "PUR - Purge file",
    "Value": "PUR"
  },
  {
    "Disabled": false,
    "Group": null,
    "Selected": false,
    "Text": "RET - Return to Law Enforcement",
    "Value": "RET"
  },
  {
    "Disabled": false,
    "Group": null,
    "Selected": false,
    "Text": "RVW - To be reviewed (C/D)",
    "Value": "RVW"
  },
  {
    "Disabled": false,
    "Group": null,
    "Selected": false,
    "Text": "SDT - Special drive test",
    "Value": "SDT"
  },
  {
    "Disabled": false,
    "Group": null,
    "Selected": false,
    "Text": "STY - Input stay",
    "Value": "STY"
  },
  {
    "Disabled": false,
    "Group": null,
    "Selected": false,
    "Text": "TYP - Typing",
    "Value": "TYP"
  },
  {
    "Disabled": false,
    "Group": null,
    "Selected": false,
    "Text": "VIS - Vision",
    "Value": "VIS"
  }
]