[
  {
    "ID": 1095,
    "HolidayDate": "2017-11-24T00:00:00",
    "TermDate": null,
    "LastUpdatedBy": null,
    "LastUpdatedDate": null,
    "CCYY": "2017"
  },
  {
    "ID": 1094,
    "HolidayDate": "2017-11-10T00:00:00",
    "TermDate": null,
    "LastUpdatedBy": null,
    "LastUpdatedDate": null,
    "CCYY": "2017"
  },
  {
    "ID": 1101,
    "HolidayDate": "2017-10-24T00:00:00",
    "TermDate": null,
    "LastUpdatedBy": null,
    "LastUpdatedDate": null,
    "CCYY": "2017"
  },
  {
    "ID": 1099,
    "HolidayDate": "2017-10-20T00:00:00",
    "TermDate": null,
    "LastUpdatedBy": null,
    "LastUpdatedDate": null,
    "CCYY": "2017"
  },
  {
    "ID": 92,
    "HolidayDate": "2009-12-12T00:00:00",
    "TermDate": null,
    "LastUpdatedBy": null,
    "LastUpdatedDate": null,
    "CCYY": "2009"
  },
  {
    "ID": 91,
    "HolidayDate": "2004-01-01T00:00:00",
    "TermDate": null,
    "LastUpdatedBy": null,
    "LastUpdatedDate": null,
    "CCYY": "2004"
  },
  {
    "ID": 90,
    "HolidayDate": "2003-12-25T00:00:00",
    "TermDate": null,
    "LastUpdatedBy": null,
    "LastUpdatedDate": null,
    "CCYY": "2003"
  },
  {
    "ID": 89,
    "HolidayDate": "2003-11-28T00:00:00",
    "TermDate": null,
    "LastUpdatedBy": null,
    "LastUpdatedDate": null,
    "CCYY": "2003"
  },
  {
    "ID": 88,
    "HolidayDate": "2003-11-27T00:00:00",
    "TermDate": null,
    "LastUpdatedBy": null,
    "LastUpdatedDate": null,
    "CCYY": "2003"
  },
  {
    "ID": 87,
    "HolidayDate": "2003-11-11T00:00:00",
    "TermDate": null,
    "LastUpdatedBy": null,
    "LastUpdatedDate": null,
    "CCYY": "2003"
  },
  {
    "ID": 86,
    "HolidayDate": "2003-10-13T00:00:00",
    "TermDate": null,
    "LastUpdatedBy": null,
    "LastUpdatedDate": null,
    "CCYY": "2003"
  },
  {
    "ID": 85,
    "HolidayDate": "2003-09-01T00:00:00",
    "TermDate": null,
    "LastUpdatedBy": null,
    "LastUpdatedDate": null,
    "CCYY": "2003"
  },
  {
    "ID": 84,
    "HolidayDate": "2003-07-04T00:00:00",
    "TermDate": null,
    "LastUpdatedBy": null,
    "LastUpdatedDate": null,
    "CCYY": "2003"
  },
  {
    "ID": 83,
    "HolidayDate": "2003-05-26T00:00:00",
    "TermDate": null,
    "LastUpdatedBy": null,
    "LastUpdatedDate": null,
    "CCYY": "2003"
  },
  {
    "ID": 82,
    "HolidayDate": "2002-12-25T00:00:00",
    "TermDate": null,
    "LastUpdatedBy": null,
    "LastUpdatedDate": null,
    "CCYY": "2002"
  },
  {
    "ID": 81,
    "HolidayDate": "2002-11-29T00:00:00",
    "TermDate": null,
    "LastUpdatedBy": null,
    "LastUpdatedDate": null,
    "CCYY": "2002"
  },
  {
    "ID": 80,
    "HolidayDate": "2002-11-28T00:00:00",
    "TermDate": null,
    "LastUpdatedBy": null,
    "LastUpdatedDate": null,
    "CCYY": "2002"
  },
  {
    "ID": 79,
    "HolidayDate": "2002-11-11T00:00:00",
    "TermDate": null,
    "LastUpdatedBy": null,
    "LastUpdatedDate": null,
    "CCYY": "2002"
  },
  {
    "ID": 78,
    "HolidayDate": "2002-10-14T00:00:00",
    "TermDate": null,
    "LastUpdatedBy": null,
    "LastUpdatedDate": null,
    "CCYY": "2002"
  },
  {
    "ID": 77,
    "HolidayDate": "2002-09-02T00:00:00",
    "TermDate": null,
    "LastUpdatedBy": null,
    "LastUpdatedDate": null,
    "CCYY": "2002"
  },
  {
    "ID": 76,
    "HolidayDate": "2002-07-04T00:00:00",
    "TermDate": null,
    "LastUpdatedBy": null,
    "LastUpdatedDate": null,
    "CCYY": "2002"
  },
  {
    "ID": 75,
    "HolidayDate": "2002-05-27T00:00:00",
    "TermDate": null,
    "LastUpdatedBy": null,
    "LastUpdatedDate": null,
    "CCYY": "2002"
  },
  {
    "ID": 74,
    "HolidayDate": "2002-04-01T00:00:00",
    "TermDate": null,
    "LastUpdatedBy": null,
    "LastUpdatedDate": null,
    "CCYY": "2002"
  },
  {
    "ID": 73,
    "HolidayDate": "2002-03-12T00:00:00",
    "TermDate": null,
    "LastUpdatedBy": null,
    "LastUpdatedDate": null,
    "CCYY": "2002"
  },
  {
    "ID": 72,
    "HolidayDate": "2002-02-18T00:00:00",
    "TermDate": null,
    "LastUpdatedBy": null,
    "LastUpdatedDate": null,
    "CCYY": "2002"
  },
  {
    "ID": 71,
    "HolidayDate": "2002-02-12T00:00:00",
    "TermDate": null,
    "LastUpdatedBy": null,
    "LastUpdatedDate": null,
    "CCYY": "2002"
  },
  {
    "ID": 70,
    "HolidayDate": "2002-01-21T00:00:00",
    "TermDate": null,
    "LastUpdatedBy": null,
    "LastUpdatedDate": null,
    "CCYY": "2002"
  },
  {
    "ID": 69,
    "HolidayDate": "2002-01-01T00:00:00",
    "TermDate": null,
    "LastUpdatedBy": null,
    "LastUpdatedDate": null,
    "CCYY": "2002"
  },
  {
    "ID": 68,
    "HolidayDate": "2001-12-25T00:00:00",
    "TermDate": null,
    "LastUpdatedBy": null,
    "LastUpdatedDate": null,
    "CCYY": "2001"
  },
  {
    "ID": 67,
    "HolidayDate": "2001-09-03T00:00:00",
    "TermDate": null,
    "LastUpdatedBy": null,
    "LastUpdatedDate": null,
    "CCYY": "2001"
  },
  {
    "ID": 66,
    "HolidayDate": "2001-07-04T00:00:00",
    "TermDate": null,
    "LastUpdatedBy": null,
    "LastUpdatedDate": null,
    "CCYY": "2001"
  },
  {
    "ID": 65,
    "HolidayDate": "2001-05-28T00:00:00",
    "TermDate": null,
    "LastUpdatedBy": null,
    "LastUpdatedDate": null,
    "CCYY": "2001"
  },
  {
    "ID": 64,
    "HolidayDate": "2001-02-19T00:00:00",
    "TermDate": null,
    "LastUpdatedBy": null,
    "LastUpdatedDate": null,
    "CCYY": "2001"
  },
  {
    "ID": 63,
    "HolidayDate": "2001-02-12T00:00:00",
    "TermDate": null,
    "LastUpdatedBy": null,
    "LastUpdatedDate": null,
    "CCYY": "2001"
  },
  {
    "ID": 62,
    "HolidayDate": "2000-01-19T00:00:00",
    "TermDate": null,
    "LastUpdatedBy": null,
    "LastUpdatedDate": null,
    "CCYY": "2000"
  },
  {
    "ID": 61,
    "HolidayDate": "2000-01-03T00:00:00",
    "TermDate": null,
    "LastUpdatedBy": null,
    "LastUpdatedDate": null,
    "CCYY": "2000"
  },
  {
    "ID": 60,
    "HolidayDate": "1999-11-26T00:00:00",
    "TermDate": null,
    "LastUpdatedBy": null,
    "LastUpdatedDate": null,
    "CCYY": "1999"
  },
  {
    "ID": 59,
    "HolidayDate": "1999-11-25T00:00:00",
    "TermDate": null,
    "LastUpdatedBy": null,
    "LastUpdatedDate": null,
    "CCYY": "1999"
  },
  {
    "ID": 58,
    "HolidayDate": "1999-11-11T00:00:00",
    "TermDate": null,
    "LastUpdatedBy": null,
    "LastUpdatedDate": null,
    "CCYY": "1999"
  },
  {
    "ID": 57,
    "HolidayDate": "1999-10-11T00:00:00",
    "TermDate": null,
    "LastUpdatedBy": null,
    "LastUpdatedDate": null,
    "CCYY": "1999"
  },
  {
    "ID": 56,
    "HolidayDate": "1999-09-06T00:00:00",
    "TermDate": null,
    "LastUpdatedBy": null,
    "LastUpdatedDate": null,
    "CCYY": "1999"
  },
  {
    "ID": 55,
    "HolidayDate": "1999-07-05T00:00:00",
    "TermDate": null,
    "LastUpdatedBy": null,
    "LastUpdatedDate": null,
    "CCYY": "1999"
  },
  {
    "ID": 54,
    "HolidayDate": "1999-05-31T00:00:00",
    "TermDate": null,
    "LastUpdatedBy": null,
    "LastUpdatedDate": null,
    "CCYY": "1999"
  },
  {
    "ID": 53,
    "HolidayDate": "1999-02-15T00:00:00",
    "TermDate": null,
    "LastUpdatedBy": null,
    "LastUpdatedDate": null,
    "CCYY": "1999"
  },
  {
    "ID": 52,
    "HolidayDate": "1999-02-12T00:00:00",
    "TermDate": null,
    "LastUpdatedBy": null,
    "LastUpdatedDate": null,
    "CCYY": "1999"
  },
  {
    "ID": 51,
    "HolidayDate": "1999-01-18T00:00:00",
    "TermDate": null,
    "LastUpdatedBy": null,
    "LastUpdatedDate": null,
    "CCYY": "1999"
  },
  {
    "ID": 50,
    "HolidayDate": "1999-01-01T00:00:00",
    "TermDate": null,
    "LastUpdatedBy": null,
    "LastUpdatedDate": null,
    "CCYY": "1999"
  },
  {
    "ID": 49,
    "HolidayDate": "1998-12-25T00:00:00",
    "TermDate": null,
    "LastUpdatedBy": null,
    "LastUpdatedDate": null,
    "CCYY": "1998"
  },
  {
    "ID": 48,
    "HolidayDate": "1998-11-27T00:00:00",
    "TermDate": null,
    "LastUpdatedBy": null,
    "LastUpdatedDate": null,
    "CCYY": "1998"
  },
  {
    "ID": 47,
    "HolidayDate": "1998-11-26T00:00:00",
    "TermDate": null,
    "LastUpdatedBy": null,
    "LastUpdatedDate": null,
    "CCYY": "1998"
  },
  {
    "ID": 46,
    "HolidayDate": "1998-11-11T00:00:00",
    "TermDate": null,
    "LastUpdatedBy": null,
    "LastUpdatedDate": null,
    "CCYY": "1998"
  },
  {
    "ID": 45,
    "HolidayDate": "1998-10-12T00:00:00",
    "TermDate": null,
    "LastUpdatedBy": null,
    "LastUpdatedDate": null,
    "CCYY": "1998"
  },
  {
    "ID": 44,
    "HolidayDate": "1998-09-07T00:00:00",
    "TermDate": null,
    "LastUpdatedBy": null,
    "LastUpdatedDate": null,
    "CCYY": "1998"
  },
  {
    "ID": 43,
    "HolidayDate": "1998-07-04T00:00:00",
    "TermDate": null,
    "LastUpdatedBy": null,
    "LastUpdatedDate": null,
    "CCYY": "1998"
  },
  {
    "ID": 42,
    "HolidayDate": "1998-05-25T00:00:00",
    "TermDate": null,
    "LastUpdatedBy": null,
    "LastUpdatedDate": null,
    "CCYY": "1998"
  },
  {
    "ID": 41,
    "HolidayDate": "1998-02-16T00:00:00",
    "TermDate": null,
    "LastUpdatedBy": null,
    "LastUpdatedDate": null,
    "CCYY": "1998"
  },
  {
    "ID": 40,
    "HolidayDate": "1998-02-12T00:00:00",
    "TermDate": null,
    "LastUpdatedBy": null,
    "LastUpdatedDate": null,
    "CCYY": "1998"
  },
  {
    "ID": 39,
    "HolidayDate": "1998-01-19T00:00:00",
    "TermDate": null,
    "LastUpdatedBy": null,
    "LastUpdatedDate": null,
    "CCYY": "1998"
  },
  {
    "ID": 38,
    "HolidayDate": "1998-01-01T00:00:00",
    "TermDate": null,
    "LastUpdatedBy": null,
    "LastUpdatedDate": null,
    "CCYY": "1998"
  },
  {
    "ID": 37,
    "HolidayDate": "1997-12-25T00:00:00",
    "TermDate": null,
    "LastUpdatedBy": null,
    "LastUpdatedDate": null,
    "CCYY": "1997"
  },
  {
    "ID": 36,
    "HolidayDate": "1997-02-17T00:00:00",
    "TermDate": null,
    "LastUpdatedBy": null,
    "LastUpdatedDate": null,
    "CCYY": "1997"
  },
  {
    "ID": 35,
    "HolidayDate": "1997-02-12T00:00:00",
    "TermDate": null,
    "LastUpdatedBy": null,
    "LastUpdatedDate": null,
    "CCYY": "1997"
  },
  {
    "ID": 34,
    "HolidayDate": "1997-01-20T00:00:00",
    "TermDate": null,
    "LastUpdatedBy": null,
    "LastUpdatedDate": null,
    "CCYY": "1997"
  },
  {
    "ID": 33,
    "HolidayDate": "1997-01-01T00:00:00",
    "TermDate": null,
    "LastUpdatedBy": null,
    "LastUpdatedDate": null,
    "CCYY": "1997"
  },
  {
    "ID": 32,
    "HolidayDate": "1996-12-25T00:00:00",
    "TermDate": null,
    "LastUpdatedBy": null,
    "LastUpdatedDate": null,
    "CCYY": "1996"
  },
  {
    "ID": 31,
    "HolidayDate": "1996-11-29T00:00:00",
    "TermDate": null,
    "LastUpdatedBy": null,
    "LastUpdatedDate": null,
    "CCYY": "1996"
  },
  {
    "ID": 30,
    "HolidayDate": "1996-11-28T00:00:00",
    "TermDate": null,
    "LastUpdatedBy": null,
    "LastUpdatedDate": null,
    "CCYY": "1996"
  },
  {
    "ID": 29,
    "HolidayDate": "1996-11-11T00:00:00",
    "TermDate": null,
    "LastUpdatedBy": null,
    "LastUpdatedDate": null,
    "CCYY": "1996"
  },
  {
    "ID": 28,
    "HolidayDate": "1996-10-14T00:00:00",
    "TermDate": null,
    "LastUpdatedBy": null,
    "LastUpdatedDate": null,
    "CCYY": "1996"
  },
  {
    "ID": 27,
    "HolidayDate": "1996-09-02T00:00:00",
    "TermDate": null,
    "LastUpdatedBy": null,
    "LastUpdatedDate": null,
    "CCYY": "1996"
  },
  {
    "ID": 26,
    "HolidayDate": "1996-07-04T00:00:00",
    "TermDate": null,
    "LastUpdatedBy": null,
    "LastUpdatedDate": null,
    "CCYY": "1996"
  },
  {
    "ID": 25,
    "HolidayDate": "1996-05-27T00:00:00",
    "TermDate": null,
    "LastUpdatedBy": null,
    "LastUpdatedDate": null,
    "CCYY": "1996"
  },
  {
    "ID": 24,
    "HolidayDate": "1996-02-19T00:00:00",
    "TermDate": null,
    "LastUpdatedBy": null,
    "LastUpdatedDate": null,
    "CCYY": "1996"
  },
  {
    "ID": 23,
    "HolidayDate": "1996-02-12T00:00:00",
    "TermDate": null,
    "LastUpdatedBy": null,
    "LastUpdatedDate": null,
    "CCYY": "1996"
  },
  {
    "ID": 22,
    "HolidayDate": "1996-01-15T00:00:00",
    "TermDate": null,
    "LastUpdatedBy": null,
    "LastUpdatedDate": null,
    "CCYY": "1996"
  },
  {
    "ID": 21,
    "HolidayDate": "1996-01-01T00:00:00",
    "TermDate": null,
    "LastUpdatedBy": null,
    "LastUpdatedDate": null,
    "CCYY": "1996"
  },
  {
    "ID": 20,
    "HolidayDate": "1995-12-25T00:00:00",
    "TermDate": null,
    "LastUpdatedBy": null,
    "LastUpdatedDate": null,
    "CCYY": "1995"
  },
  {
    "ID": 19,
    "HolidayDate": "1995-11-24T00:00:00",
    "TermDate": null,
    "LastUpdatedBy": null,
    "LastUpdatedDate": null,
    "CCYY": "1995"
  },
  {
    "ID": 18,
    "HolidayDate": "1995-11-23T00:00:00",
    "TermDate": null,
    "LastUpdatedBy": null,
    "LastUpdatedDate": null,
    "CCYY": "1995"
  },
  {
    "ID": 17,
    "HolidayDate": "1995-11-10T00:00:00",
    "TermDate": null,
    "LastUpdatedBy": null,
    "LastUpdatedDate": null,
    "CCYY": "1995"
  },
  {
    "ID": 16,
    "HolidayDate": "1995-10-09T00:00:00",
    "TermDate": null,
    "LastUpdatedBy": null,
    "LastUpdatedDate": null,
    "CCYY": "1995"
  },
  {
    "ID": 15,
    "HolidayDate": "1995-09-04T00:00:00",
    "TermDate": null,
    "LastUpdatedBy": null,
    "LastUpdatedDate": null,
    "CCYY": "1995"
  },
  {
    "ID": 14,
    "HolidayDate": "1995-07-04T00:00:00",
    "TermDate": null,
    "LastUpdatedBy": null,
    "LastUpdatedDate": null,
    "CCYY": "1995"
  },
  {
    "ID": 13,
    "HolidayDate": "1995-05-29T00:00:00",
    "TermDate": null,
    "LastUpdatedBy": null,
    "LastUpdatedDate": null,
    "CCYY": "1995"
  },
  {
    "ID": 12,
    "HolidayDate": "1995-02-20T00:00:00",
    "TermDate": null,
    "LastUpdatedBy": null,
    "LastUpdatedDate": null,
    "CCYY": "1995"
  },
  {
    "ID": 11,
    "HolidayDate": "1995-02-13T00:00:00",
    "TermDate": null,
    "LastUpdatedBy": null,
    "LastUpdatedDate": null,
    "CCYY": "1995"
  },
  {
    "ID": 10,
    "HolidayDate": "1995-01-16T00:00:00",
    "TermDate": null,
    "LastUpdatedBy": null,
    "LastUpdatedDate": null,
    "CCYY": "1995"
  },
  {
    "ID": 9,
    "HolidayDate": "1994-12-26T00:00:00",
    "TermDate": null,
    "LastUpdatedBy": null,
    "LastUpdatedDate": null,
    "CCYY": "1994"
  },
  {
    "ID": 8,
    "HolidayDate": "1994-11-25T00:00:00",
    "TermDate": null,
    "LastUpdatedBy": null,
    "LastUpdatedDate": null,
    "CCYY": "1994"
  },
  {
    "ID": 7,
    "HolidayDate": "1994-11-24T00:00:00",
    "TermDate": null,
    "LastUpdatedBy": null,
    "LastUpdatedDate": null,
    "CCYY": "1994"
  },
  {
    "ID": 6,
    "HolidayDate": "1994-11-11T00:00:00",
    "TermDate": null,
    "LastUpdatedBy": null,
    "LastUpdatedDate": null,
    "CCYY": "1994"
  },
  {
    "ID": 5,
    "HolidayDate": "1994-10-10T00:00:00",
    "TermDate": null,
    "LastUpdatedBy": null,
    "LastUpdatedDate": null,
    "CCYY": "1994"
  },
  {
    "ID": 4,
    "HolidayDate": "1994-09-05T00:00:00",
    "TermDate": null,
    "LastUpdatedBy": null,
    "LastUpdatedDate": null,
    "CCYY": "1994"
  },
  {
    "ID": 3,
    "HolidayDate": "1994-07-04T00:00:00",
    "TermDate": null,
    "LastUpdatedBy": null,
    "LastUpdatedDate": null,
    "CCYY": "1994"
  },
  {
    "ID": 2,
    "HolidayDate": "1994-05-30T00:00:00",
    "TermDate": null,
    "LastUpdatedBy": null,
    "LastUpdatedDate": null,
    "CCYY": "1994"
  }
]