[
  {
    "ID": 1,
    "Code": "C",
    "Description": "ATO",
    "Abbr": "ATO",
    "HearingTypes": null,
    "Confidential": false,
    "TermDate": null,
    "lastUpdatedBy": null,
    "lastUpdetedDate": null
  },
  {
    "ID": 2,
    "Code": "G",
    "Description": "CTO",
    "Abbr": "CTO",
    "HearingTypes": null,
    "Confidential": false,
    "TermDate": null,
    "lastUpdatedBy": null,
    "lastUpdetedDate": null
  },
  {
    "ID": 3,
    "Code": "P",
    "Description": "Reports",
    "Abbr": "RPT",
    "HearingTypes": null,
    "Confidential": false,
    "TermDate": null,
    "lastUpdatedBy": null,
    "lastUpdetedDate": null
  },
  {
    "ID": 4,
    "Code": "W",
    "Description": "Training",
    "Abbr": "TRG",
    "HearingTypes": null,
    "Confidential": false,
    "TermDate": null,
    "lastUpdatedBy": null,
    "lastUpdetedDate": null
  },
  {
    "ID": 5,
    "Code": "Y",
    "Description": "Vacation",
    "Abbr": "VAC",
    "HearingTypes": null,
    "Confidential": false,
    "TermDate": null,
    "lastUpdatedBy": null,
    "lastUpdetedDate": null
  },
  {
    "ID": 6,
    "Code": "Z",
    "Description": "Other",
    "Abbr": "OTH",
    "HearingTypes": null,
    "Confidential": false,
    "TermDate": null,
    "lastUpdatedBy": null,
    "lastUpdetedDate": null
  },
  {
    "ID": 7,
    "Code": "U",
    "Description": "Meeting",
    "Abbr": "MTG",
    "HearingTypes": null,
    "Confidential": false,
    "TermDate": null,
    "lastUpdatedBy": null,
    "lastUpdetedDate": null
  },
  {
    "ID": 15,
    "Code": "3",
    "Description": "Project",
    "Abbr": "PRJ",
    "HearingTypes": null,
    "Confidential": false,
    "TermDate": null,
    "lastUpdatedBy": null,
    "lastUpdetedDate": null
  },
  {
    "ID": 17,
    "Code": "D",
    "Description": "AWOL",
    "Abbr": "AWL",
    "HearingTypes": null,
    "Confidential": true,
    "TermDate": null,
    "lastUpdatedBy": null,
    "lastUpdetedDate": null
  },
  {
    "ID": 19,
    "Code": "H",
    "Description": "Dock",
    "Abbr": "DCK",
    "HearingTypes": null,
    "Confidential": true,
    "TermDate": null,
    "lastUpdatedBy": null,
    "lastUpdetedDate": null
  },
  {
    "ID": 21,
    "Code": "2",
    "Description": "Bereavement",
    "Abbr": "BER",
    "HearingTypes": null,
    "Confidential": true,
    "TermDate": null,
    "lastUpdatedBy": null,
    "lastUpdetedDate": null
  },
  {
    "ID": 23,
    "Code": "1",
    "Description": "Saturday workday off",
    "Abbr": "SWD",
    "HearingTypes": null,
    "Confidential": false,
    "TermDate": null,
    "lastUpdatedBy": null,
    "lastUpdetedDate": null
  },
  {
    "ID": 25,
    "Code": "4",
    "Description": "Center desk",
    "Abbr": "CDK",
    "HearingTypes": null,
    "Confidential": false,
    "TermDate": null,
    "lastUpdatedBy": null,
    "lastUpdetedDate": null
  },
  {
    "ID": 27,
    "Code": "5",
    "Description": "Subpoenaed witness",
    "Abbr": "SUB",
    "HearingTypes": null,
    "Confidential": false,
    "TermDate": null,
    "lastUpdatedBy": null,
    "lastUpdetedDate": null
  },
  {
    "ID": 29,
    "Code": "A",
    "Description": "Admin assignment",
    "Abbr": "ADM",
    "HearingTypes": null,
    "Confidential": false,
    "TermDate": null,
    "lastUpdatedBy": null,
    "lastUpdetedDate": null
  },
  {
    "ID": 31,
    "Code": "B",
    "Description": "Annual leave",
    "Abbr": "ALV",
    "HearingTypes": null,
    "Confidential": false,
    "TermDate": null,
    "lastUpdatedBy": null,
    "lastUpdetedDate": null
  },
  {
    "ID": 33,
    "Code": "F",
    "Description": "Same day contact",
    "Abbr": "SDC",
    "HearingTypes": null,
    "Confidential": false,
    "TermDate": null,
    "lastUpdatedBy": null,
    "lastUpdetedDate": null
  },
  {
    "ID": 35,
    "Code": "I",
    "Description": "Excess hours used",
    "Abbr": "EHU",
    "HearingTypes": null,
    "Confidential": false,
    "TermDate": null,
    "lastUpdatedBy": null,
    "lastUpdetedDate": null
  },
  {
    "ID": 37,
    "Code": "J",
    "Description": "Jury duty",
    "Abbr": "JRD",
    "HearingTypes": null,
    "Confidential": false,
    "TermDate": null,
    "lastUpdatedBy": null,
    "lastUpdetedDate": null
  },
  {
    "ID": 39,
    "Code": "K",
    "Description": "Loaned hours",
    "Abbr": "LHR",
    "HearingTypes": null,
    "Confidential": false,
    "TermDate": null,
    "lastUpdatedBy": null,
    "lastUpdetedDate": null
  },
  {
    "ID": 41,
    "Code": "L",
    "Description": "Military leave",
    "Abbr": "MLV",
    "HearingTypes": null,
    "Confidential": false,
    "TermDate": null,
    "lastUpdatedBy": null,
    "lastUpdetedDate": null
  },
  {
    "ID": 43,
    "Code": "M",
    "Description": "On-the-job inj",
    "Abbr": "OJI",
    "HearingTypes": null,
    "Confidential": false,
    "TermDate": null,
    "lastUpdatedBy": null,
    "lastUpdetedDate": null
  },
  {
    "ID": 45,
    "Code": "N",
    "Description": "Personal holiday",
    "Abbr": "PHL",
    "HearingTypes": null,
    "Confidential": false,
    "TermDate": null,
    "lastUpdatedBy": null,
    "lastUpdetedDate": null
  },
  {
    "ID": 47,
    "Code": "O",
    "Description": "Personal leave credit",
    "Abbr": "PLC",
    "HearingTypes": null,
    "Confidential": false,
    "TermDate": null,
    "lastUpdatedBy": null,
    "lastUpdetedDate": null
  },
  {
    "ID": 49,
    "Code": "Q",
    "Description": "Saturday holiday",
    "Abbr": "SHL",
    "HearingTypes": null,
    "Confidential": false,
    "TermDate": null,
    "lastUpdatedBy": null,
    "lastUpdetedDate": null
  },
  {
    "ID": 51,
    "Code": "R",
    "Description": "Sick employee",
    "Abbr": "SKE",
    "HearingTypes": null,
    "Confidential": true,
    "TermDate": null,
    "lastUpdatedBy": null,
    "lastUpdetedDate": null
  },
  {
    "ID": 53,
    "Code": "S",
    "Description": "Sick family",
    "Abbr": "SKF",
    "HearingTypes": null,
    "Confidential": true,
    "TermDate": null,
    "lastUpdatedBy": null,
    "lastUpdetedDate": null
  },
  {
    "ID": 55,
    "Code": "T",
    "Description": "Staff meeting",
    "Abbr": "SMG",
    "HearingTypes": null,
    "Confidential": false,
    "TermDate": null,
    "lastUpdatedBy": null,
    "lastUpdetedDate": null
  },
  {
    "ID": 57,
    "Code": "V",
    "Description": "Traffic safety contact",
    "Abbr": "TSC",
    "HearingTypes": null,
    "Confidential": false,
    "TermDate": null,
    "lastUpdatedBy": null,
    "lastUpdetedDate": null
  },
  {
    "ID": 59,
    "Code": "X",
    "Description": "Travel time",
    "Abbr": "TTM",
    "HearingTypes": null,
    "Confidential": false,
    "TermDate": null,
    "lastUpdatedBy": null,
    "lastUpdetedDate": null
  },
  {
    "ID": 61,
    "Code": "6",
    "Description": "Hearing",
    "Abbr": "HRG",
    "HearingTypes": null,
    "Confidential": false,
    "TermDate": null,
    "lastUpdatedBy": null,
    "lastUpdetedDate": null
  },
  {
    "ID": 63,
    "Code": "E",
    "Description": "Case review & prep",
    "Abbr": "CRP",
    "HearingTypes": null,
    "Confidential": false,
    "TermDate": null,
    "lastUpdatedBy": null,
    "lastUpdetedDate": null
  },
  {
    "ID": 65,
    "Code": "7",
    "Description": "Pending Master Schedule",
    "Abbr": "MSR",
    "HearingTypes": null,
    "Confidential": false,
    "TermDate": null,
    "lastUpdatedBy": null,
    "lastUpdetedDate": null
  },
  {
    "ID": 68,
    "Code": "1",
    "Description": "testaa",
    "Abbr": "TST",
    "HearingTypes": null,
    "Confidential": true,
    "TermDate": "2018-10-26T13:58:39.977",
    "lastUpdatedBy": null,
    "lastUpdetedDate": null
  },
  {
    "ID": 70,
    "Code": "8",
    "Description": "testaaaaaa",
    "Abbr": "tst",
    "HearingTypes": null,
    "Confidential": false,
    "TermDate": "2018-10-26T14:18:44.587",
    "lastUpdatedBy": null,
    "lastUpdetedDate": null
  },
  {
    "ID": 73,
    "Code": "9",
    "Description": "tstsst",
    "Abbr": "TST",
    "HearingTypes": null,
    "Confidential": false,
    "TermDate": "2017-10-03T11:03:21.717",
    "lastUpdatedBy": null,
    "lastUpdetedDate": null
  }
]