{
  "Customer": {
    "DLNumber": "I0000000",
    "FirstName": "GEORGE                             ",
    "LastName": "VINCENT                            ",
    "MiddleName": " ",
    "Suffix": " ",
    "SSN": null,
    "DT_BIRTH_PRSN": "1978-06-27T00:00:00",
    "PhoneNumber": "",
    "DOB": "06-27-1978",
    "MailingAddress": "2415 1ST AVE\r\nSACRAMENTO, CA 95818- ",
    "Address1": "2415 1ST AVE",
    "Address2": null,
    "City": "SACRAMENTO",
    "State": "CA",
    "ZipFull": "95818- ",
    "Zip": "95818",
    "cases": null,
    "classLicense": "C",
    "Class1": "C",
    "Class2": " ",
    "DCSDifferences": [],
    "D26ValidationMessage": null,
    "D26ValidationOK": false,
    "AccidentMessage": null,
    "Accidents": [{
      "Date": "07/23/2018",
      "City": "Sacramento",
      "CaseNumber": "SNF071830008"
    },
    {
      "Date": "07/23/2018",
      "City": "Sacramento",
      "CaseNumber": "SNF071830008"
    },
    {
      "Date": "07/23/2018",
      "City": "Sacramento",
      "CaseNumber": "SNF071830008"
    }],
    "FRCaseNumber": null,
    "AccidentCity": null,
    "AccidentDate": "0001-01-01T00:00:00",
    "Archived": false,
    "Message": null,
    "ErrorMessage": null
  },
  "CaseNumber": "SNF071830008",
  "DLNumber": "I0000000",
  "SubjectName": null,
  "DT_ORIG_TRANS": "2007-07-02T16:16:23.257",
  "createdDate": "07/02/2007",
  "Reason": null,
  "DESC_HRNG_TYP": "Interview                          ",
  "CaseStatus": "RS - Rescheduled",
  "CaseStatusCode": "RS",
  "DateReceived": "07/02/2007",
  "DT_RCPT": "2007-07-02T00:00:00",
  "CD_REFR_SRCE_TYP": "367",
  "CD_RSN": "950",
  "CD_ENDR": "  ",
  "CD_HRNG_TYP": "2",
  "DESC_RSN": "Demand FR Hearing",
  "firstName": "GEORGE                             ",
  "lastName": "VINCENT                            ",
  "CaseComments": {
    "resourceURI": null,
    "TotalComments": 0,
    "TotalPages": 0,
    "baseURI": null,
    "NextPageURL": null,
    "PrevPageURL": null,
    "CurrentPage": 1,
    "Comments": []
  },
  "CaseOIPs": {
    "OIPs": [],
    "OIPCount": 0
  },
  "CaseContacts": {
    "results": [
      {
        "SCHEDBY_NME_FRST_PRSN": "Old",
        "SCHEDBY_NME_SRNME_PRSN": "Donald",
        "dt_cntct_strt_tim": "7/6/2007 1:30:00 PM",
        "dt_cntct_end_tim": "7/6/2007 2:45:00 PM",
        "Nme_Off": "San Francisco",
        "DT_SCHED_TRANS": "7/2/2007 4:31:00 PM",
        "Status": "Scheduled (Reschedule)",
        "ROOM": "Rm: UNK"
      }
    ],
    "ResultCount": 1
  },
  "RescheduleList": {
    "results": [
      {
        "DT_CNTCT_STRT_TIM": "2007-07-02T08:45:00",
        "CD_OFF_ABBR": "SNF",
        "TXT_COMMENT": "This is today and needs to be later this week.",
        "HO_NME_FRST_PRSN": "Old",
        "HO_NME_SURNME_PRSN": "Donald",
        "SCHEDBY_NME_FRST_PRSN": "Peterius",
        "SCHEDBY_NME_SRNME_PRSN": "Gostovich",
        "AUTHORIZED_NME_FRST_PRSN": "Peterius",
        "AUTHORIZED_NME_SRNME_PRSN": "Gostovich"
      },
      {
        "DT_CNTCT_STRT_TIM": "2007-07-06T08:30:00",
        "CD_OFF_ABBR": "SNF",
        "TXT_COMMENT": "cant' make it this day either.",
        "HO_NME_FRST_PRSN": "Old",
        "HO_NME_SURNME_PRSN": "Donald",
        "SCHEDBY_NME_FRST_PRSN": "Peterius",
        "SCHEDBY_NME_SRNME_PRSN": "Gostovich",
        "AUTHORIZED_NME_FRST_PRSN": "Peterius",
        "AUTHORIZED_NME_SRNME_PRSN": "Gostovich"
      }
    ],
    "ErrorMessage": null,
    "ResultCount": 2
  },
  "EmployeeContacts": {
    "results": [
      {
        "NME_FRST_PRSN": "Peterius",
        "NME_SURNME_PRSN": "Gostovich"
      }
    ],
    "ResultCount": 1
  },
  "FRCaseNumber": "         ",
  "AccidentDate": "0001-01-01T00:00:00",
  "AccidentCity": " ",
  "Message": null,
  "ErrorMessage": null,
  "Archived": false
}