[
    {
      "profileId": 5,
      "empID": 13,
      "officeID": "285",
      "effectiveStartDate": "2007-07-02T00:00:00",
      "effectiveEndDate": "2018-08-31T00:00:00",
      "workWeekType": "1",
      "updatedByID": 76,
      "updatedDay": "2018-08-31T16:36:45.157",
      "profileDays": [
        {
          "id": 29,
          "profileID": 5,
          "dayCount": 1,
          "dayStart": "1900-01-01T00:00:00",
          "dayEnd": "1900-01-01T00:00:00",
          "amBreakStart": "1900-01-01T00:00:00",
          "amBreakEnd": "1900-01-01T00:00:00",
          "pmBreakStart": "1900-01-01T00:00:00",
          "pmBreakEnd": "1900-01-01T00:00:00",
          "lunchBreakStart": "1900-01-01T00:00:00",
          "lunchBreakEnd": "1900-01-01T00:00:00",
          "isAlternitiveDay": false,
          "isTelecomuteDay": false,
          "travelToStart": null,
          "travelToEnd": null,
          "travelFromStart": null,
          "travelFromEnd": null,
          "dayActive": false
        },
        {
          "id": 30,
          "profileID": 5,
          "dayCount": 2,
          "dayStart": "1900-01-01T07:00:00",
          "dayEnd": "1900-01-01T16:00:00",
          "amBreakStart": "1900-01-01T10:00:00",
          "amBreakEnd": "1900-01-01T10:15:00",
          "pmBreakStart": "1900-01-01T15:00:00",
          "pmBreakEnd": "1900-01-01T15:15:00",
          "lunchBreakStart": "1900-01-01T12:00:00",
          "lunchBreakEnd": "1900-01-01T13:00:00",
          "isAlternitiveDay": false,
          "isTelecomuteDay": false,
          "travelToStart": null,
          "travelToEnd": null,
          "travelFromStart": null,
          "travelFromEnd": null,
          "dayActive": true
        },
        {
          "id": 31,
          "profileID": 5,
          "dayCount": 3,
          "dayStart": "1900-01-01T07:00:00",
          "dayEnd": "1900-01-01T16:00:00",
          "amBreakStart": "1900-01-01T10:00:00",
          "amBreakEnd": "1900-01-01T10:15:00",
          "pmBreakStart": "1900-01-01T15:00:00",
          "pmBreakEnd": "1900-01-01T15:15:00",
          "lunchBreakStart": "1900-01-01T12:00:00",
          "lunchBreakEnd": "1900-01-01T13:00:00",
          "isAlternitiveDay": false,
          "isTelecomuteDay": false,
          "travelToStart": null,
          "travelToEnd": null,
          "travelFromStart": null,
          "travelFromEnd": null,
          "dayActive": true
        },
        {
          "id": 32,
          "profileID": 5,
          "dayCount": 4,
          "dayStart": "1900-01-01T07:00:00",
          "dayEnd": "1900-01-01T16:00:00",
          "amBreakStart": "1900-01-01T10:00:00",
          "amBreakEnd": "1900-01-01T10:15:00",
          "pmBreakStart": "1900-01-01T15:00:00",
          "pmBreakEnd": "1900-01-01T15:15:00",
          "lunchBreakStart": "1900-01-01T12:00:00",
          "lunchBreakEnd": "1900-01-01T13:00:00",
          "isAlternitiveDay": false,
          "isTelecomuteDay": false,
          "travelToStart": null,
          "travelToEnd": null,
          "travelFromStart": null,
          "travelFromEnd": null,
          "dayActive": true
        },
        {
          "id": 33,
          "profileID": 5,
          "dayCount": 5,
          "dayStart": "1900-01-01T07:00:00",
          "dayEnd": "1900-01-01T16:00:00",
          "amBreakStart": "1900-01-01T10:00:00",
          "amBreakEnd": "1900-01-01T10:15:00",
          "pmBreakStart": "1900-01-01T15:00:00",
          "pmBreakEnd": "1900-01-01T15:15:00",
          "lunchBreakStart": "1900-01-01T12:00:00",
          "lunchBreakEnd": "1900-01-01T13:00:00",
          "isAlternitiveDay": false,
          "isTelecomuteDay": false,
          "travelToStart": null,
          "travelToEnd": null,
          "travelFromStart": null,
          "travelFromEnd": null,
          "dayActive": true
        },
        {
          "id": 34,
          "profileID": 5,
          "dayCount": 6,
          "dayStart": "1900-01-01T07:00:00",
          "dayEnd": "1900-01-01T16:00:00",
          "amBreakStart": "1900-01-01T10:00:00",
          "amBreakEnd": "1900-01-01T10:15:00",
          "pmBreakStart": "1900-01-01T15:00:00",
          "pmBreakEnd": "1900-01-01T15:15:00",
          "lunchBreakStart": "1900-01-01T12:00:00",
          "lunchBreakEnd": "1900-01-01T13:00:00",
          "isAlternitiveDay": false,
          "isTelecomuteDay": false,
          "travelToStart": null,
          "travelToEnd": null,
          "travelFromStart": null,
          "travelFromEnd": null,
          "dayActive": true
        },
        {
          "id": 35,
          "profileID": 5,
          "dayCount": 7,
          "dayStart": "1900-01-01T00:00:00",
          "dayEnd": "1900-01-01T00:00:00",
          "amBreakStart": "1900-01-01T00:00:00",
          "amBreakEnd": "1900-01-01T00:00:00",
          "pmBreakStart": "1900-01-01T00:00:00",
          "pmBreakEnd": "1900-01-01T00:00:00",
          "lunchBreakStart": "1900-01-01T00:00:00",
          "lunchBreakEnd": "1900-01-01T00:00:00",
          "isAlternitiveDay": false,
          "isTelecomuteDay": false,
          "travelToStart": null,
          "travelToEnd": null,
          "travelFromStart": null,
          "travelFromEnd": null,
          "dayActive": false
        }
      ]
    },
    {
      "profileId": 6,
      "empID": 13,
      "officeID": "285",
      "effectiveStartDate": "2007-08-01T00:00:00",
      "effectiveEndDate": "2018-08-30T00:00:00",
      "workWeekType": "1",
      "updatedByID": 76,
      "updatedDay": "2018-08-30T14:34:25.307",
      "profileDays": [
        {
          "id": 36,
          "profileID": 6,
          "dayCount": 1,
          "dayStart": "1900-01-01T00:00:00",
          "dayEnd": "1900-01-01T00:00:00",
          "amBreakStart": "1900-01-01T00:00:00",
          "amBreakEnd": "1900-01-01T00:00:00",
          "pmBreakStart": "1900-01-01T12:00:00",
          "pmBreakEnd": "1900-01-01T12:00:00",
          "lunchBreakStart": "1900-01-01T12:00:00",
          "lunchBreakEnd": "1900-01-01T12:00:00",
          "isAlternitiveDay": false,
          "isTelecomuteDay": false,
          "travelToStart": null,
          "travelToEnd": null,
          "travelFromStart": null,
          "travelFromEnd": null,
          "dayActive": false
        },
        {
          "id": 37,
          "profileID": 6,
          "dayCount": 2,
          "dayStart": "1900-01-01T08:00:00",
          "dayEnd": "1900-01-01T17:00:00",
          "amBreakStart": "1900-01-01T10:00:00",
          "amBreakEnd": "1900-01-01T10:15:00",
          "pmBreakStart": "1900-01-01T15:00:00",
          "pmBreakEnd": "1900-01-01T15:15:00",
          "lunchBreakStart": "1900-01-01T12:00:00",
          "lunchBreakEnd": "1900-01-01T13:00:00",
          "isAlternitiveDay": false,
          "isTelecomuteDay": false,
          "travelToStart": null,
          "travelToEnd": null,
          "travelFromStart": null,
          "travelFromEnd": null,
          "dayActive": true
        },
        {
          "id": 38,
          "profileID": 6,
          "dayCount": 3,
          "dayStart": "1900-01-01T08:00:00",
          "dayEnd": "1900-01-01T17:00:00",
          "amBreakStart": "1900-01-01T10:00:00",
          "amBreakEnd": "1900-01-01T10:15:00",
          "pmBreakStart": "1900-01-01T15:00:00",
          "pmBreakEnd": "1900-01-01T15:15:00",
          "lunchBreakStart": "1900-01-01T12:00:00",
          "lunchBreakEnd": "1900-01-01T13:00:00",
          "isAlternitiveDay": false,
          "isTelecomuteDay": false,
          "travelToStart": null,
          "travelToEnd": null,
          "travelFromStart": null,
          "travelFromEnd": null,
          "dayActive": true
        },
        {
          "id": 39,
          "profileID": 6,
          "dayCount": 4,
          "dayStart": "1900-01-01T08:00:00",
          "dayEnd": "1900-01-01T17:00:00",
          "amBreakStart": "1900-01-01T10:00:00",
          "amBreakEnd": "1900-01-01T10:15:00",
          "pmBreakStart": "1900-01-01T15:00:00",
          "pmBreakEnd": "1900-01-01T15:15:00",
          "lunchBreakStart": "1900-01-01T12:00:00",
          "lunchBreakEnd": "1900-01-01T13:00:00",
          "isAlternitiveDay": false,
          "isTelecomuteDay": false,
          "travelToStart": null,
          "travelToEnd": null,
          "travelFromStart": null,
          "travelFromEnd": null,
          "dayActive": true
        },
        {
          "id": 40,
          "profileID": 6,
          "dayCount": 5,
          "dayStart": "1900-01-01T08:00:00",
          "dayEnd": "1900-01-01T17:00:00",
          "amBreakStart": "1900-01-01T10:00:00",
          "amBreakEnd": "1900-01-01T10:15:00",
          "pmBreakStart": "1900-01-01T15:00:00",
          "pmBreakEnd": "1900-01-01T15:15:00",
          "lunchBreakStart": "1900-01-01T12:00:00",
          "lunchBreakEnd": "1900-01-01T13:00:00",
          "isAlternitiveDay": false,
          "isTelecomuteDay": false,
          "travelToStart": null,
          "travelToEnd": null,
          "travelFromStart": null,
          "travelFromEnd": null,
          "dayActive": true
        },
        {
          "id": 41,
          "profileID": 6,
          "dayCount": 6,
          "dayStart": "1900-01-01T08:00:00",
          "dayEnd": "1900-01-01T17:00:00",
          "amBreakStart": "1900-01-01T10:00:00",
          "amBreakEnd": "1900-01-01T10:15:00",
          "pmBreakStart": "1900-01-01T15:00:00",
          "pmBreakEnd": "1900-01-01T15:15:00",
          "lunchBreakStart": "1900-01-01T12:00:00",
          "lunchBreakEnd": "1900-01-01T13:00:00",
          "isAlternitiveDay": false,
          "isTelecomuteDay": false,
          "travelToStart": null,
          "travelToEnd": null,
          "travelFromStart": null,
          "travelFromEnd": null,
          "dayActive": true
        },
        {
          "id": 42,
          "profileID": 6,
          "dayCount": 7,
          "dayStart": "1900-01-01T00:00:00",
          "dayEnd": "1900-01-01T00:00:00",
          "amBreakStart": "1900-01-01T00:00:00",
          "amBreakEnd": "1900-01-01T00:00:00",
          "pmBreakStart": "1900-01-01T12:00:00",
          "pmBreakEnd": "1900-01-01T12:00:00",
          "lunchBreakStart": "1900-01-01T12:00:00",
          "lunchBreakEnd": "1900-01-01T12:00:00",
          "isAlternitiveDay": false,
          "isTelecomuteDay": false,
          "travelToStart": null,
          "travelToEnd": null,
          "travelFromStart": null,
          "travelFromEnd": null,
          "dayActive": false
        }
      ]
    },
    {
      "profileId": 7,
      "empID": 13,
      "officeID": "285",
      "effectiveStartDate": "2007-09-01T00:00:00",
      "effectiveEndDate": "2007-09-30T00:00:00",
      "workWeekType": "4",
      "updatedByID": 67,
      "updatedDay": "2007-08-17T09:05:45.18",
      "profileDays": [
        {
          "id": 43,
          "profileID": 7,
          "dayCount": 1,
          "dayStart": "1900-01-01T00:00:00",
          "dayEnd": "1900-01-01T00:00:00",
          "amBreakStart": "1900-01-01T00:00:00",
          "amBreakEnd": "1900-01-01T00:00:00",
          "pmBreakStart": "1900-01-01T00:00:00",
          "pmBreakEnd": "1900-01-01T00:00:00",
          "lunchBreakStart": "1900-01-01T00:00:00",
          "lunchBreakEnd": "1900-01-01T00:00:00",
          "isAlternitiveDay": false,
          "isTelecomuteDay": false,
          "travelToStart": null,
          "travelToEnd": null,
          "travelFromStart": null,
          "travelFromEnd": null,
          "dayActive": false
        },
        {
          "id": 44,
          "profileID": 7,
          "dayCount": 2,
          "dayStart": "1900-01-01T00:00:00",
          "dayEnd": "1900-01-01T00:00:00",
          "amBreakStart": "1900-01-01T00:00:00",
          "amBreakEnd": "1900-01-01T00:00:00",
          "pmBreakStart": "1900-01-01T00:00:00",
          "pmBreakEnd": "1900-01-01T00:00:00",
          "lunchBreakStart": "1900-01-01T00:00:00",
          "lunchBreakEnd": "1900-01-01T00:00:00",
          "isAlternitiveDay": false,
          "isTelecomuteDay": false,
          "travelToStart": null,
          "travelToEnd": null,
          "travelFromStart": null,
          "travelFromEnd": null,
          "dayActive": false
        },
        {
          "id": 45,
          "profileID": 7,
          "dayCount": 3,
          "dayStart": "1900-01-01T08:00:00",
          "dayEnd": "1900-01-01T17:00:00",
          "amBreakStart": "1900-01-01T10:00:00",
          "amBreakEnd": "1900-01-01T10:15:00",
          "pmBreakStart": "1900-01-01T15:00:00",
          "pmBreakEnd": "1900-01-01T15:15:00",
          "lunchBreakStart": "1900-01-01T12:00:00",
          "lunchBreakEnd": "1900-01-01T13:00:00",
          "isAlternitiveDay": false,
          "isTelecomuteDay": false,
          "travelToStart": null,
          "travelToEnd": null,
          "travelFromStart": null,
          "travelFromEnd": null,
          "dayActive": true
        },
        {
          "id": 46,
          "profileID": 7,
          "dayCount": 4,
          "dayStart": "1900-01-01T00:00:00",
          "dayEnd": "1900-01-01T00:00:00",
          "amBreakStart": "1900-01-01T00:00:00",
          "amBreakEnd": "1900-01-01T00:00:00",
          "pmBreakStart": "1900-01-01T00:00:00",
          "pmBreakEnd": "1900-01-01T00:00:00",
          "lunchBreakStart": "1900-01-01T00:00:00",
          "lunchBreakEnd": "1900-01-01T00:00:00",
          "isAlternitiveDay": false,
          "isTelecomuteDay": false,
          "travelToStart": null,
          "travelToEnd": null,
          "travelFromStart": null,
          "travelFromEnd": null,
          "dayActive": false
        },
        {
          "id": 47,
          "profileID": 7,
          "dayCount": 5,
          "dayStart": "1900-01-01T08:00:00",
          "dayEnd": "1900-01-01T17:00:00",
          "amBreakStart": "1900-01-01T10:00:00",
          "amBreakEnd": "1900-01-01T10:15:00",
          "pmBreakStart": "1900-01-01T15:00:00",
          "pmBreakEnd": "1900-01-01T15:15:00",
          "lunchBreakStart": "1900-01-01T12:00:00",
          "lunchBreakEnd": "1900-01-01T13:00:00",
          "isAlternitiveDay": false,
          "isTelecomuteDay": false,
          "travelToStart": null,
          "travelToEnd": null,
          "travelFromStart": null,
          "travelFromEnd": null,
          "dayActive": true
        },
        {
          "id": 48,
          "profileID": 7,
          "dayCount": 6,
          "dayStart": "1900-01-01T00:00:00",
          "dayEnd": "1900-01-01T00:00:00",
          "amBreakStart": "1900-01-01T00:00:00",
          "amBreakEnd": "1900-01-01T00:00:00",
          "pmBreakStart": "1900-01-01T00:00:00",
          "pmBreakEnd": "1900-01-01T00:00:00",
          "lunchBreakStart": "1900-01-01T00:00:00",
          "lunchBreakEnd": "1900-01-01T00:00:00",
          "isAlternitiveDay": false,
          "isTelecomuteDay": false,
          "travelToStart": null,
          "travelToEnd": null,
          "travelFromStart": null,
          "travelFromEnd": null,
          "dayActive": false
        },
        {
          "id": 49,
          "profileID": 7,
          "dayCount": 7,
          "dayStart": "1900-01-01T08:00:00",
          "dayEnd": "1900-01-01T17:00:00",
          "amBreakStart": "1900-01-01T10:00:00",
          "amBreakEnd": "1900-01-01T10:15:00",
          "pmBreakStart": "1900-01-01T15:00:00",
          "pmBreakEnd": "1900-01-01T15:15:00",
          "lunchBreakStart": "1900-01-01T12:00:00",
          "lunchBreakEnd": "1900-01-01T13:00:00",
          "isAlternitiveDay": false,
          "isTelecomuteDay": false,
          "travelToStart": null,
          "travelToEnd": null,
          "travelFromStart": null,
          "travelFromEnd": null,
          "dayActive": true
        },
        {
          "id": 50,
          "profileID": 7,
          "dayCount": 8,
          "dayStart": "1900-01-01T00:00:00",
          "dayEnd": "1900-01-01T00:00:00",
          "amBreakStart": "1900-01-01T00:00:00",
          "amBreakEnd": "1900-01-01T00:00:00",
          "pmBreakStart": "1900-01-01T00:00:00",
          "pmBreakEnd": "1900-01-01T00:00:00",
          "lunchBreakStart": "1900-01-01T00:00:00",
          "lunchBreakEnd": "1900-01-01T00:00:00",
          "isAlternitiveDay": false,
          "isTelecomuteDay": false,
          "travelToStart": null,
          "travelToEnd": null,
          "travelFromStart": null,
          "travelFromEnd": null,
          "dayActive": false
        },
        {
          "id": 51,
          "profileID": 7,
          "dayCount": 9,
          "dayStart": "1900-01-01T00:00:00",
          "dayEnd": "1900-01-01T00:00:00",
          "amBreakStart": "1900-01-01T00:00:00",
          "amBreakEnd": "1900-01-01T00:00:00",
          "pmBreakStart": "1900-01-01T00:00:00",
          "pmBreakEnd": "1900-01-01T00:00:00",
          "lunchBreakStart": "1900-01-01T00:00:00",
          "lunchBreakEnd": "1900-01-01T00:00:00",
          "isAlternitiveDay": false,
          "isTelecomuteDay": false,
          "travelToStart": null,
          "travelToEnd": null,
          "travelFromStart": null,
          "travelFromEnd": null,
          "dayActive": false
        },
        {
          "id": 52,
          "profileID": 7,
          "dayCount": 10,
          "dayStart": "1900-01-01T00:00:00",
          "dayEnd": "1900-01-01T00:00:00",
          "amBreakStart": "1900-01-01T00:00:00",
          "amBreakEnd": "1900-01-01T00:00:00",
          "pmBreakStart": "1900-01-01T00:00:00",
          "pmBreakEnd": "1900-01-01T00:00:00",
          "lunchBreakStart": "1900-01-01T00:00:00",
          "lunchBreakEnd": "1900-01-01T00:00:00",
          "isAlternitiveDay": false,
          "isTelecomuteDay": false,
          "travelToStart": null,
          "travelToEnd": null,
          "travelFromStart": null,
          "travelFromEnd": null,
          "dayActive": false
        },
        {
          "id": 53,
          "profileID": 7,
          "dayCount": 11,
          "dayStart": "1900-01-01T08:00:00",
          "dayEnd": "1900-01-01T17:00:00",
          "amBreakStart": "1900-01-01T10:00:00",
          "amBreakEnd": "1900-01-01T10:15:00",
          "pmBreakStart": "1900-01-01T15:00:00",
          "pmBreakEnd": "1900-01-01T15:15:00",
          "lunchBreakStart": "1900-01-01T12:00:00",
          "lunchBreakEnd": "1900-01-01T13:00:00",
          "isAlternitiveDay": false,
          "isTelecomuteDay": false,
          "travelToStart": null,
          "travelToEnd": null,
          "travelFromStart": null,
          "travelFromEnd": null,
          "dayActive": true
        },
        {
          "id": 54,
          "profileID": 7,
          "dayCount": 12,
          "dayStart": "1900-01-01T00:00:00",
          "dayEnd": "1900-01-01T00:00:00",
          "amBreakStart": "1900-01-01T00:00:00",
          "amBreakEnd": "1900-01-01T00:00:00",
          "pmBreakStart": "1900-01-01T00:00:00",
          "pmBreakEnd": "1900-01-01T00:00:00",
          "lunchBreakStart": "1900-01-01T00:00:00",
          "lunchBreakEnd": "1900-01-01T00:00:00",
          "isAlternitiveDay": false,
          "isTelecomuteDay": false,
          "travelToStart": null,
          "travelToEnd": null,
          "travelFromStart": null,
          "travelFromEnd": null,
          "dayActive": false
        },
        {
          "id": 55,
          "profileID": 7,
          "dayCount": 13,
          "dayStart": "1900-01-01T08:00:00",
          "dayEnd": "1900-01-01T17:00:00",
          "amBreakStart": "1900-01-01T10:00:00",
          "amBreakEnd": "1900-01-01T10:15:00",
          "pmBreakStart": "1900-01-01T15:00:00",
          "pmBreakEnd": "1900-01-01T15:15:00",
          "lunchBreakStart": "1900-01-01T12:00:00",
          "lunchBreakEnd": "1900-01-01T13:00:00",
          "isAlternitiveDay": false,
          "isTelecomuteDay": false,
          "travelToStart": null,
          "travelToEnd": null,
          "travelFromStart": null,
          "travelFromEnd": null,
          "dayActive": true
        },
        {
          "id": 56,
          "profileID": 7,
          "dayCount": 14,
          "dayStart": "1900-01-01T00:00:00",
          "dayEnd": "1900-01-01T00:00:00",
          "amBreakStart": "1900-01-01T00:00:00",
          "amBreakEnd": "1900-01-01T00:00:00",
          "pmBreakStart": "1900-01-01T00:00:00",
          "pmBreakEnd": "1900-01-01T00:00:00",
          "lunchBreakStart": "1900-01-01T00:00:00",
          "lunchBreakEnd": "1900-01-01T00:00:00",
          "isAlternitiveDay": false,
          "isTelecomuteDay": false,
          "travelToStart": null,
          "travelToEnd": null,
          "travelFromStart": null,
          "travelFromEnd": null,
          "dayActive": false
        },
        {
          "id": 57,
          "profileID": 7,
          "dayCount": 15,
          "dayStart": "1900-01-01T00:00:00",
          "dayEnd": "1900-01-01T00:00:00",
          "amBreakStart": "1900-01-01T00:00:00",
          "amBreakEnd": "1900-01-01T00:00:00",
          "pmBreakStart": "1900-01-01T00:00:00",
          "pmBreakEnd": "1900-01-01T00:00:00",
          "lunchBreakStart": "1900-01-01T00:00:00",
          "lunchBreakEnd": "1900-01-01T00:00:00",
          "isAlternitiveDay": false,
          "isTelecomuteDay": false,
          "travelToStart": null,
          "travelToEnd": null,
          "travelFromStart": null,
          "travelFromEnd": null,
          "dayActive": false
        },
        {
          "id": 58,
          "profileID": 7,
          "dayCount": 16,
          "dayStart": "1900-01-01T00:00:00",
          "dayEnd": "1900-01-01T00:00:00",
          "amBreakStart": "1900-01-01T00:00:00",
          "amBreakEnd": "1900-01-01T00:00:00",
          "pmBreakStart": "1900-01-01T00:00:00",
          "pmBreakEnd": "1900-01-01T00:00:00",
          "lunchBreakStart": "1900-01-01T00:00:00",
          "lunchBreakEnd": "1900-01-01T00:00:00",
          "isAlternitiveDay": false,
          "isTelecomuteDay": false,
          "travelToStart": null,
          "travelToEnd": null,
          "travelFromStart": null,
          "travelFromEnd": null,
          "dayActive": false
        },
        {
          "id": 59,
          "profileID": 7,
          "dayCount": 17,
          "dayStart": "1900-01-01T08:00:00",
          "dayEnd": "1900-01-01T17:00:00",
          "amBreakStart": "1900-01-01T10:00:00",
          "amBreakEnd": "1900-01-01T10:15:00",
          "pmBreakStart": "1900-01-01T15:00:00",
          "pmBreakEnd": "1900-01-01T15:15:00",
          "lunchBreakStart": "1900-01-01T12:00:00",
          "lunchBreakEnd": "1900-01-01T13:00:00",
          "isAlternitiveDay": false,
          "isTelecomuteDay": false,
          "travelToStart": null,
          "travelToEnd": null,
          "travelFromStart": null,
          "travelFromEnd": null,
          "dayActive": true
        },
        {
          "id": 60,
          "profileID": 7,
          "dayCount": 18,
          "dayStart": "1900-01-01T00:00:00",
          "dayEnd": "1900-01-01T00:00:00",
          "amBreakStart": "1900-01-01T00:00:00",
          "amBreakEnd": "1900-01-01T00:00:00",
          "pmBreakStart": "1900-01-01T00:00:00",
          "pmBreakEnd": "1900-01-01T00:00:00",
          "lunchBreakStart": "1900-01-01T00:00:00",
          "lunchBreakEnd": "1900-01-01T00:00:00",
          "isAlternitiveDay": false,
          "isTelecomuteDay": false,
          "travelToStart": null,
          "travelToEnd": null,
          "travelFromStart": null,
          "travelFromEnd": null,
          "dayActive": false
        },
        {
          "id": 61,
          "profileID": 7,
          "dayCount": 19,
          "dayStart": "1900-01-01T08:00:00",
          "dayEnd": "1900-01-01T17:00:00",
          "amBreakStart": "1900-01-01T10:00:00",
          "amBreakEnd": "1900-01-01T10:15:00",
          "pmBreakStart": "1900-01-01T15:00:00",
          "pmBreakEnd": "1900-01-01T15:15:00",
          "lunchBreakStart": "1900-01-01T12:00:00",
          "lunchBreakEnd": "1900-01-01T13:00:00",
          "isAlternitiveDay": false,
          "isTelecomuteDay": false,
          "travelToStart": null,
          "travelToEnd": null,
          "travelFromStart": null,
          "travelFromEnd": null,
          "dayActive": true
        },
        {
          "id": 62,
          "profileID": 7,
          "dayCount": 20,
          "dayStart": "1900-01-01T00:00:00",
          "dayEnd": "1900-01-01T00:00:00",
          "amBreakStart": "1900-01-01T00:00:00",
          "amBreakEnd": "1900-01-01T00:00:00",
          "pmBreakStart": "1900-01-01T00:00:00",
          "pmBreakEnd": "1900-01-01T00:00:00",
          "lunchBreakStart": "1900-01-01T00:00:00",
          "lunchBreakEnd": "1900-01-01T00:00:00",
          "isAlternitiveDay": false,
          "isTelecomuteDay": false,
          "travelToStart": null,
          "travelToEnd": null,
          "travelFromStart": null,
          "travelFromEnd": null,
          "dayActive": false
        },
        {
          "id": 63,
          "profileID": 7,
          "dayCount": 21,
          "dayStart": "1900-01-01T08:00:00",
          "dayEnd": "1900-01-01T17:00:00",
          "amBreakStart": "1900-01-01T10:00:00",
          "amBreakEnd": "1900-01-01T10:15:00",
          "pmBreakStart": "1900-01-01T15:00:00",
          "pmBreakEnd": "1900-01-01T15:15:00",
          "lunchBreakStart": "1900-01-01T12:00:00",
          "lunchBreakEnd": "1900-01-01T13:00:00",
          "isAlternitiveDay": false,
          "isTelecomuteDay": false,
          "travelToStart": null,
          "travelToEnd": null,
          "travelFromStart": null,
          "travelFromEnd": null,
          "dayActive": true
        },
        {
          "id": 64,
          "profileID": 7,
          "dayCount": 22,
          "dayStart": "1900-01-01T00:00:00",
          "dayEnd": "1900-01-01T00:00:00",
          "amBreakStart": "1900-01-01T00:00:00",
          "amBreakEnd": "1900-01-01T00:00:00",
          "pmBreakStart": "1900-01-01T00:00:00",
          "pmBreakEnd": "1900-01-01T00:00:00",
          "lunchBreakStart": "1900-01-01T00:00:00",
          "lunchBreakEnd": "1900-01-01T00:00:00",
          "isAlternitiveDay": false,
          "isTelecomuteDay": false,
          "travelToStart": null,
          "travelToEnd": null,
          "travelFromStart": null,
          "travelFromEnd": null,
          "dayActive": false
        },
        {
          "id": 65,
          "profileID": 7,
          "dayCount": 23,
          "dayStart": "1900-01-01T00:00:00",
          "dayEnd": "1900-01-01T00:00:00",
          "amBreakStart": "1900-01-01T00:00:00",
          "amBreakEnd": "1900-01-01T00:00:00",
          "pmBreakStart": "1900-01-01T00:00:00",
          "pmBreakEnd": "1900-01-01T00:00:00",
          "lunchBreakStart": "1900-01-01T00:00:00",
          "lunchBreakEnd": "1900-01-01T00:00:00",
          "isAlternitiveDay": false,
          "isTelecomuteDay": false,
          "travelToStart": null,
          "travelToEnd": null,
          "travelFromStart": null,
          "travelFromEnd": null,
          "dayActive": false
        },
        {
          "id": 66,
          "profileID": 7,
          "dayCount": 24,
          "dayStart": "1900-01-01T00:00:00",
          "dayEnd": "1900-01-01T00:00:00",
          "amBreakStart": "1900-01-01T00:00:00",
          "amBreakEnd": "1900-01-01T00:00:00",
          "pmBreakStart": "1900-01-01T00:00:00",
          "pmBreakEnd": "1900-01-01T00:00:00",
          "lunchBreakStart": "1900-01-01T00:00:00",
          "lunchBreakEnd": "1900-01-01T00:00:00",
          "isAlternitiveDay": false,
          "isTelecomuteDay": false,
          "travelToStart": null,
          "travelToEnd": null,
          "travelFromStart": null,
          "travelFromEnd": null,
          "dayActive": false
        },
        {
          "id": 67,
          "profileID": 7,
          "dayCount": 25,
          "dayStart": "1900-01-01T08:00:00",
          "dayEnd": "1900-01-01T17:00:00",
          "amBreakStart": "1900-01-01T10:00:00",
          "amBreakEnd": "1900-01-01T10:15:00",
          "pmBreakStart": "1900-01-01T15:00:00",
          "pmBreakEnd": "1900-01-01T15:15:00",
          "lunchBreakStart": "1900-01-01T12:00:00",
          "lunchBreakEnd": "1900-01-01T13:00:00",
          "isAlternitiveDay": false,
          "isTelecomuteDay": false,
          "travelToStart": null,
          "travelToEnd": null,
          "travelFromStart": null,
          "travelFromEnd": null,
          "dayActive": true
        },
        {
          "id": 68,
          "profileID": 7,
          "dayCount": 26,
          "dayStart": "1900-01-01T00:00:00",
          "dayEnd": "1900-01-01T00:00:00",
          "amBreakStart": "1900-01-01T00:00:00",
          "amBreakEnd": "1900-01-01T00:00:00",
          "pmBreakStart": "1900-01-01T00:00:00",
          "pmBreakEnd": "1900-01-01T00:00:00",
          "lunchBreakStart": "1900-01-01T00:00:00",
          "lunchBreakEnd": "1900-01-01T00:00:00",
          "isAlternitiveDay": false,
          "isTelecomuteDay": false,
          "travelToStart": null,
          "travelToEnd": null,
          "travelFromStart": null,
          "travelFromEnd": null,
          "dayActive": false
        },
        {
          "id": 69,
          "profileID": 7,
          "dayCount": 27,
          "dayStart": "1900-01-01T08:00:00",
          "dayEnd": "1900-01-01T17:00:00",
          "amBreakStart": "1900-01-01T10:00:00",
          "amBreakEnd": "1900-01-01T10:15:00",
          "pmBreakStart": "1900-01-01T15:00:00",
          "pmBreakEnd": "1900-01-01T15:15:00",
          "lunchBreakStart": "1900-01-01T12:00:00",
          "lunchBreakEnd": "1900-01-01T13:00:00",
          "isAlternitiveDay": false,
          "isTelecomuteDay": false,
          "travelToStart": null,
          "travelToEnd": null,
          "travelFromStart": null,
          "travelFromEnd": null,
          "dayActive": true
        },
        {
          "id": 70,
          "profileID": 7,
          "dayCount": 28,
          "dayStart": "1900-01-01T00:00:00",
          "dayEnd": "1900-01-01T00:00:00",
          "amBreakStart": "1900-01-01T00:00:00",
          "amBreakEnd": "1900-01-01T00:00:00",
          "pmBreakStart": "1900-01-01T00:00:00",
          "pmBreakEnd": "1900-01-01T00:00:00",
          "lunchBreakStart": "1900-01-01T00:00:00",
          "lunchBreakEnd": "1900-01-01T00:00:00",
          "isAlternitiveDay": false,
          "isTelecomuteDay": false,
          "travelToStart": null,
          "travelToEnd": null,
          "travelFromStart": null,
          "travelFromEnd": null,
          "dayActive": false
        },
        {
          "id": 71,
          "profileID": 7,
          "dayCount": 29,
          "dayStart": "1900-01-01T00:00:00",
          "dayEnd": "1900-01-01T00:00:00",
          "amBreakStart": "1900-01-01T00:00:00",
          "amBreakEnd": "1900-01-01T00:00:00",
          "pmBreakStart": "1900-01-01T00:00:00",
          "pmBreakEnd": "1900-01-01T00:00:00",
          "lunchBreakStart": "1900-01-01T00:00:00",
          "lunchBreakEnd": "1900-01-01T00:00:00",
          "isAlternitiveDay": false,
          "isTelecomuteDay": false,
          "travelToStart": null,
          "travelToEnd": null,
          "travelFromStart": null,
          "travelFromEnd": null,
          "dayActive": false
        },
        {
          "id": 72,
          "profileID": 7,
          "dayCount": 30,
          "dayStart": "1900-01-01T00:00:00",
          "dayEnd": "1900-01-01T00:00:00",
          "amBreakStart": "1900-01-01T00:00:00",
          "amBreakEnd": "1900-01-01T00:00:00",
          "pmBreakStart": "1900-01-01T00:00:00",
          "pmBreakEnd": "1900-01-01T00:00:00",
          "lunchBreakStart": "1900-01-01T00:00:00",
          "lunchBreakEnd": "1900-01-01T00:00:00",
          "isAlternitiveDay": false,
          "isTelecomuteDay": false,
          "travelToStart": null,
          "travelToEnd": null,
          "travelFromStart": null,
          "travelFromEnd": null,
          "dayActive": false
        }
      ]
    },
    {
      "profileId": 8,
      "empID": 13,
      "officeID": "285",
      "effectiveStartDate": "2008-01-02T00:00:00",
      "effectiveEndDate": "2008-02-01T00:00:00",
      "workWeekType": "1",
      "updatedByID": 67,
      "updatedDay": "2007-08-17T09:08:48.68",
      "profileDays": [
        {
          "id": 73,
          "profileID": 8,
          "dayCount": 1,
          "dayStart": "1900-01-01T00:00:00",
          "dayEnd": "1900-01-01T00:00:00",
          "amBreakStart": "1900-01-01T00:00:00",
          "amBreakEnd": "1900-01-01T00:00:00",
          "pmBreakStart": "1900-01-01T00:00:00",
          "pmBreakEnd": "1900-01-01T00:00:00",
          "lunchBreakStart": "1900-01-01T00:00:00",
          "lunchBreakEnd": "1900-01-01T00:00:00",
          "isAlternitiveDay": false,
          "isTelecomuteDay": false,
          "travelToStart": null,
          "travelToEnd": null,
          "travelFromStart": null,
          "travelFromEnd": null,
          "dayActive": false
        },
        {
          "id": 74,
          "profileID": 8,
          "dayCount": 2,
          "dayStart": "1900-01-01T08:00:00",
          "dayEnd": "1900-01-01T17:00:00",
          "amBreakStart": "1900-01-01T10:00:00",
          "amBreakEnd": "1900-01-01T10:15:00",
          "pmBreakStart": "1900-01-01T15:00:00",
          "pmBreakEnd": "1900-01-01T15:15:00",
          "lunchBreakStart": "1900-01-01T12:00:00",
          "lunchBreakEnd": "1900-01-01T13:00:00",
          "isAlternitiveDay": false,
          "isTelecomuteDay": false,
          "travelToStart": null,
          "travelToEnd": null,
          "travelFromStart": null,
          "travelFromEnd": null,
          "dayActive": true
        },
        {
          "id": 75,
          "profileID": 8,
          "dayCount": 3,
          "dayStart": "1900-01-01T08:00:00",
          "dayEnd": "1900-01-01T17:00:00",
          "amBreakStart": "1900-01-01T10:00:00",
          "amBreakEnd": "1900-01-01T10:15:00",
          "pmBreakStart": "1900-01-01T15:00:00",
          "pmBreakEnd": "1900-01-01T15:15:00",
          "lunchBreakStart": "1900-01-01T12:00:00",
          "lunchBreakEnd": "1900-01-01T13:00:00",
          "isAlternitiveDay": false,
          "isTelecomuteDay": false,
          "travelToStart": null,
          "travelToEnd": null,
          "travelFromStart": null,
          "travelFromEnd": null,
          "dayActive": true
        },
        {
          "id": 76,
          "profileID": 8,
          "dayCount": 4,
          "dayStart": "1900-01-01T08:00:00",
          "dayEnd": "1900-01-01T17:00:00",
          "amBreakStart": "1900-01-01T10:00:00",
          "amBreakEnd": "1900-01-01T10:15:00",
          "pmBreakStart": "1900-01-01T15:00:00",
          "pmBreakEnd": "1900-01-01T15:15:00",
          "lunchBreakStart": "1900-01-01T12:00:00",
          "lunchBreakEnd": "1900-01-01T13:00:00",
          "isAlternitiveDay": false,
          "isTelecomuteDay": false,
          "travelToStart": null,
          "travelToEnd": null,
          "travelFromStart": null,
          "travelFromEnd": null,
          "dayActive": true
        },
        {
          "id": 77,
          "profileID": 8,
          "dayCount": 5,
          "dayStart": "1900-01-01T08:00:00",
          "dayEnd": "1900-01-01T17:00:00",
          "amBreakStart": "1900-01-01T10:00:00",
          "amBreakEnd": "1900-01-01T10:15:00",
          "pmBreakStart": "1900-01-01T15:00:00",
          "pmBreakEnd": "1900-01-01T15:15:00",
          "lunchBreakStart": "1900-01-01T12:00:00",
          "lunchBreakEnd": "1900-01-01T13:00:00",
          "isAlternitiveDay": false,
          "isTelecomuteDay": false,
          "travelToStart": null,
          "travelToEnd": null,
          "travelFromStart": null,
          "travelFromEnd": null,
          "dayActive": true
        },
        {
          "id": 78,
          "profileID": 8,
          "dayCount": 6,
          "dayStart": "1900-01-01T08:00:00",
          "dayEnd": "1900-01-01T17:00:00",
          "amBreakStart": "1900-01-01T10:00:00",
          "amBreakEnd": "1900-01-01T10:15:00",
          "pmBreakStart": "1900-01-01T15:00:00",
          "pmBreakEnd": "1900-01-01T15:15:00",
          "lunchBreakStart": "1900-01-01T12:00:00",
          "lunchBreakEnd": "1900-01-01T13:00:00",
          "isAlternitiveDay": false,
          "isTelecomuteDay": false,
          "travelToStart": null,
          "travelToEnd": null,
          "travelFromStart": null,
          "travelFromEnd": null,
          "dayActive": true
        },
        {
          "id": 79,
          "profileID": 8,
          "dayCount": 7,
          "dayStart": "1900-01-01T00:00:00",
          "dayEnd": "1900-01-01T00:00:00",
          "amBreakStart": "1900-01-01T00:00:00",
          "amBreakEnd": "1900-01-01T00:00:00",
          "pmBreakStart": "1900-01-01T00:00:00",
          "pmBreakEnd": "1900-01-01T00:00:00",
          "lunchBreakStart": "1900-01-01T00:00:00",
          "lunchBreakEnd": "1900-01-01T00:00:00",
          "isAlternitiveDay": false,
          "isTelecomuteDay": false,
          "travelToStart": null,
          "travelToEnd": null,
          "travelFromStart": null,
          "travelFromEnd": null,
          "dayActive": false
        }
      ]
    },
    {
      "profileId": 9,
      "empID": 13,
      "officeID": "285",
      "effectiveStartDate": "2008-02-02T00:00:00",
      "effectiveEndDate": "2011-09-01T00:00:00",
      "workWeekType": "1",
      "updatedByID": 67,
      "updatedDay": "2007-08-17T09:10:14.227",
      "profileDays": [
        {
          "id": 80,
          "profileID": 9,
          "dayCount": 1,
          "dayStart": "1900-01-01T00:00:00",
          "dayEnd": "1900-01-01T00:00:00",
          "amBreakStart": "1900-01-01T00:00:00",
          "amBreakEnd": "1900-01-01T00:00:00",
          "pmBreakStart": "1900-01-01T00:00:00",
          "pmBreakEnd": "1900-01-01T00:00:00",
          "lunchBreakStart": "1900-01-01T00:00:00",
          "lunchBreakEnd": "1900-01-01T00:00:00",
          "isAlternitiveDay": false,
          "isTelecomuteDay": false,
          "travelToStart": null,
          "travelToEnd": null,
          "travelFromStart": null,
          "travelFromEnd": null,
          "dayActive": false
        },
        {
          "id": 81,
          "profileID": 9,
          "dayCount": 2,
          "dayStart": "1900-01-01T07:00:00",
          "dayEnd": "1900-01-01T16:00:00",
          "amBreakStart": "1900-01-01T10:00:00",
          "amBreakEnd": "1900-01-01T10:15:00",
          "pmBreakStart": "1900-01-01T15:00:00",
          "pmBreakEnd": "1900-01-01T15:15:00",
          "lunchBreakStart": "1900-01-01T12:00:00",
          "lunchBreakEnd": "1900-01-01T13:00:00",
          "isAlternitiveDay": false,
          "isTelecomuteDay": false,
          "travelToStart": null,
          "travelToEnd": null,
          "travelFromStart": null,
          "travelFromEnd": null,
          "dayActive": true
        },
        {
          "id": 82,
          "profileID": 9,
          "dayCount": 3,
          "dayStart": "1900-01-01T07:00:00",
          "dayEnd": "1900-01-01T16:00:00",
          "amBreakStart": "1900-01-01T10:00:00",
          "amBreakEnd": "1900-01-01T10:15:00",
          "pmBreakStart": "1900-01-01T15:00:00",
          "pmBreakEnd": "1900-01-01T15:15:00",
          "lunchBreakStart": "1900-01-01T12:00:00",
          "lunchBreakEnd": "1900-01-01T13:00:00",
          "isAlternitiveDay": false,
          "isTelecomuteDay": false,
          "travelToStart": null,
          "travelToEnd": null,
          "travelFromStart": null,
          "travelFromEnd": null,
          "dayActive": true
        },
        {
          "id": 83,
          "profileID": 9,
          "dayCount": 4,
          "dayStart": "1900-01-01T07:00:00",
          "dayEnd": "1900-01-01T16:00:00",
          "amBreakStart": "1900-01-01T10:00:00",
          "amBreakEnd": "1900-01-01T10:15:00",
          "pmBreakStart": "1900-01-01T15:00:00",
          "pmBreakEnd": "1900-01-01T15:15:00",
          "lunchBreakStart": "1900-01-01T12:00:00",
          "lunchBreakEnd": "1900-01-01T13:00:00",
          "isAlternitiveDay": false,
          "isTelecomuteDay": false,
          "travelToStart": null,
          "travelToEnd": null,
          "travelFromStart": null,
          "travelFromEnd": null,
          "dayActive": true
        },
        {
          "id": 84,
          "profileID": 9,
          "dayCount": 5,
          "dayStart": "1900-01-01T07:00:00",
          "dayEnd": "1900-01-01T16:00:00",
          "amBreakStart": "1900-01-01T10:00:00",
          "amBreakEnd": "1900-01-01T10:15:00",
          "pmBreakStart": "1900-01-01T15:00:00",
          "pmBreakEnd": "1900-01-01T15:15:00",
          "lunchBreakStart": "1900-01-01T12:00:00",
          "lunchBreakEnd": "1900-01-01T13:00:00",
          "isAlternitiveDay": false,
          "isTelecomuteDay": false,
          "travelToStart": null,
          "travelToEnd": null,
          "travelFromStart": null,
          "travelFromEnd": null,
          "dayActive": true
        },
        {
          "id": 85,
          "profileID": 9,
          "dayCount": 6,
          "dayStart": "1900-01-01T07:00:00",
          "dayEnd": "1900-01-01T16:00:00",
          "amBreakStart": "1900-01-01T10:00:00",
          "amBreakEnd": "1900-01-01T10:15:00",
          "pmBreakStart": "1900-01-01T15:00:00",
          "pmBreakEnd": "1900-01-01T15:15:00",
          "lunchBreakStart": "1900-01-01T12:00:00",
          "lunchBreakEnd": "1900-01-01T13:00:00",
          "isAlternitiveDay": false,
          "isTelecomuteDay": false,
          "travelToStart": null,
          "travelToEnd": null,
          "travelFromStart": null,
          "travelFromEnd": null,
          "dayActive": true
        },
        {
          "id": 86,
          "profileID": 9,
          "dayCount": 7,
          "dayStart": "1900-01-01T00:00:00",
          "dayEnd": "1900-01-01T00:00:00",
          "amBreakStart": "1900-01-01T00:00:00",
          "amBreakEnd": "1900-01-01T00:00:00",
          "pmBreakStart": "1900-01-01T00:00:00",
          "pmBreakEnd": "1900-01-01T00:00:00",
          "lunchBreakStart": "1900-01-01T00:00:00",
          "lunchBreakEnd": "1900-01-01T00:00:00",
          "isAlternitiveDay": false,
          "isTelecomuteDay": false,
          "travelToStart": null,
          "travelToEnd": null,
          "travelFromStart": null,
          "travelFromEnd": null,
          "dayActive": false
        }
      ]
    },
    {
      "profileId": 10,
      "empID": 13,
      "officeID": "598",
      "effectiveStartDate": "2011-09-02T00:00:00",
      "effectiveEndDate": "2018-11-11T00:00:00",
      "workWeekType": "1",
      "updatedByID": 76,
      "updatedDay": "2018-08-20T13:47:47.823",
      "profileDays": [
        {
          "id": 87,
          "profileID": 10,
          "dayCount": 1,
          "dayStart": "1900-01-01T00:00:00",
          "dayEnd": "1900-01-01T00:00:00",
          "amBreakStart": "1900-01-01T00:00:00",
          "amBreakEnd": "1900-01-01T00:00:00",
          "pmBreakStart": "1900-01-01T00:00:00",
          "pmBreakEnd": "1900-01-01T00:00:00",
          "lunchBreakStart": "1900-01-01T00:00:00",
          "lunchBreakEnd": "1900-01-01T00:00:00",
          "isAlternitiveDay": false,
          "isTelecomuteDay": false,
          "travelToStart": null,
          "travelToEnd": null,
          "travelFromStart": null,
          "travelFromEnd": null,
          "dayActive": false
        },
        {
          "id": 88,
          "profileID": 10,
          "dayCount": 2,
          "dayStart": "1900-01-01T08:00:00",
          "dayEnd": "1900-01-01T17:00:00",
          "amBreakStart": "1900-01-01T10:00:00",
          "amBreakEnd": "1900-01-01T10:15:00",
          "pmBreakStart": "1900-01-01T15:00:00",
          "pmBreakEnd": "1900-01-01T15:15:00",
          "lunchBreakStart": "1900-01-01T12:00:00",
          "lunchBreakEnd": "1900-01-01T13:00:00",
          "isAlternitiveDay": false,
          "isTelecomuteDay": false,
          "travelToStart": null,
          "travelToEnd": null,
          "travelFromStart": null,
          "travelFromEnd": null,
          "dayActive": true
        },
        {
          "id": 89,
          "profileID": 10,
          "dayCount": 3,
          "dayStart": "1900-01-01T08:00:00",
          "dayEnd": "1900-01-01T17:00:00",
          "amBreakStart": "1900-01-01T10:00:00",
          "amBreakEnd": "1900-01-01T10:15:00",
          "pmBreakStart": "1900-01-01T15:00:00",
          "pmBreakEnd": "1900-01-01T15:15:00",
          "lunchBreakStart": "1900-01-01T12:00:00",
          "lunchBreakEnd": "1900-01-01T13:00:00",
          "isAlternitiveDay": false,
          "isTelecomuteDay": false,
          "travelToStart": null,
          "travelToEnd": null,
          "travelFromStart": null,
          "travelFromEnd": null,
          "dayActive": true
        },
        {
          "id": 90,
          "profileID": 10,
          "dayCount": 4,
          "dayStart": "1900-01-01T08:00:00",
          "dayEnd": "1900-01-01T17:00:00",
          "amBreakStart": "1900-01-01T10:00:00",
          "amBreakEnd": "1900-01-01T10:15:00",
          "pmBreakStart": "1900-01-01T15:00:00",
          "pmBreakEnd": "1900-01-01T15:15:00",
          "lunchBreakStart": "1900-01-01T12:00:00",
          "lunchBreakEnd": "1900-01-01T13:00:00",
          "isAlternitiveDay": false,
          "isTelecomuteDay": false,
          "travelToStart": null,
          "travelToEnd": null,
          "travelFromStart": null,
          "travelFromEnd": null,
          "dayActive": true
        },
        {
          "id": 91,
          "profileID": 10,
          "dayCount": 5,
          "dayStart": "1900-01-01T08:00:00",
          "dayEnd": "1900-01-01T17:00:00",
          "amBreakStart": "1900-01-01T10:00:00",
          "amBreakEnd": "1900-01-01T10:15:00",
          "pmBreakStart": "1900-01-01T15:00:00",
          "pmBreakEnd": "1900-01-01T15:15:00",
          "lunchBreakStart": "1900-01-01T12:00:00",
          "lunchBreakEnd": "1900-01-01T13:00:00",
          "isAlternitiveDay": false,
          "isTelecomuteDay": false,
          "travelToStart": null,
          "travelToEnd": null,
          "travelFromStart": null,
          "travelFromEnd": null,
          "dayActive": true
        },
        {
          "id": 92,
          "profileID": 10,
          "dayCount": 6,
          "dayStart": "1900-01-01T08:00:00",
          "dayEnd": "1900-01-01T17:00:00",
          "amBreakStart": "1900-01-01T10:00:00",
          "amBreakEnd": "1900-01-01T10:15:00",
          "pmBreakStart": "1900-01-01T15:00:00",
          "pmBreakEnd": "1900-01-01T15:15:00",
          "lunchBreakStart": "1900-01-01T12:00:00",
          "lunchBreakEnd": "1900-01-01T13:00:00",
          "isAlternitiveDay": false,
          "isTelecomuteDay": false,
          "travelToStart": null,
          "travelToEnd": null,
          "travelFromStart": null,
          "travelFromEnd": null,
          "dayActive": true
        },
        {
          "id": 93,
          "profileID": 10,
          "dayCount": 7,
          "dayStart": "1900-01-01T00:00:00",
          "dayEnd": "1900-01-01T00:00:00",
          "amBreakStart": "1900-01-01T00:00:00",
          "amBreakEnd": "1900-01-01T00:00:00",
          "pmBreakStart": "1900-01-01T00:00:00",
          "pmBreakEnd": "1900-01-01T00:00:00",
          "lunchBreakStart": "1900-01-01T00:00:00",
          "lunchBreakEnd": "1900-01-01T00:00:00",
          "isAlternitiveDay": false,
          "isTelecomuteDay": false,
          "travelToStart": null,
          "travelToEnd": null,
          "travelFromStart": null,
          "travelFromEnd": null,
          "dayActive": false
        }
      ]
    },
    {
      "profileId": 84,
      "empID": 13,
      "officeID": "285",
      "effectiveStartDate": "2017-08-29T00:00:00",
      "effectiveEndDate": "2018-01-23T00:00:00",
      "workWeekType": "1",
      "updatedByID": null,
      "updatedDay": "2017-08-29T16:08:58.097",
      "profileDays": [
        {
          "id": 799,
          "profileID": 84,
          "dayCount": 1,
          "dayStart": "2017-08-29T00:00:00",
          "dayEnd": "2017-08-29T00:00:00",
          "amBreakStart": "2017-08-29T00:00:00",
          "amBreakEnd": "2017-08-29T00:00:00",
          "pmBreakStart": "2017-08-29T00:00:00",
          "pmBreakEnd": "2017-08-29T00:00:00",
          "lunchBreakStart": "2017-08-29T00:00:00",
          "lunchBreakEnd": "2017-08-29T00:00:00",
          "isAlternitiveDay": false,
          "isTelecomuteDay": false,
          "travelToStart": null,
          "travelToEnd": null,
          "travelFromStart": null,
          "travelFromEnd": null,
          "dayActive": true
        },
        {
          "id": 800,
          "profileID": 84,
          "dayCount": 2,
          "dayStart": "2017-08-29T08:00:00",
          "dayEnd": "2017-08-29T17:00:00",
          "amBreakStart": "2017-08-29T10:00:00",
          "amBreakEnd": "2017-08-29T10:15:00",
          "pmBreakStart": "2017-08-29T15:00:00",
          "pmBreakEnd": "2017-08-29T15:15:00",
          "lunchBreakStart": "2017-08-29T12:00:00",
          "lunchBreakEnd": "2017-08-29T13:00:00",
          "isAlternitiveDay": false,
          "isTelecomuteDay": false,
          "travelToStart": null,
          "travelToEnd": null,
          "travelFromStart": null,
          "travelFromEnd": null,
          "dayActive": true
        },
        {
          "id": 801,
          "profileID": 84,
          "dayCount": 3,
          "dayStart": "2017-08-29T08:00:00",
          "dayEnd": "2017-08-29T17:00:00",
          "amBreakStart": "2017-08-29T10:00:00",
          "amBreakEnd": "2017-08-29T10:15:00",
          "pmBreakStart": "2017-08-29T15:00:00",
          "pmBreakEnd": "2017-08-29T15:15:00",
          "lunchBreakStart": "2017-08-29T12:00:00",
          "lunchBreakEnd": "2017-08-29T13:00:00",
          "isAlternitiveDay": false,
          "isTelecomuteDay": false,
          "travelToStart": null,
          "travelToEnd": null,
          "travelFromStart": null,
          "travelFromEnd": null,
          "dayActive": true
        },
        {
          "id": 802,
          "profileID": 84,
          "dayCount": 4,
          "dayStart": "2017-08-29T08:00:00",
          "dayEnd": "2017-08-29T17:00:00",
          "amBreakStart": "2017-08-29T10:00:00",
          "amBreakEnd": "2017-08-29T10:15:00",
          "pmBreakStart": "2017-08-29T15:00:00",
          "pmBreakEnd": "2017-08-29T15:15:00",
          "lunchBreakStart": "2017-08-29T12:00:00",
          "lunchBreakEnd": "2017-08-29T13:00:00",
          "isAlternitiveDay": false,
          "isTelecomuteDay": false,
          "travelToStart": null,
          "travelToEnd": null,
          "travelFromStart": null,
          "travelFromEnd": null,
          "dayActive": true
        },
        {
          "id": 803,
          "profileID": 84,
          "dayCount": 5,
          "dayStart": "2017-08-29T08:00:00",
          "dayEnd": "2017-08-29T17:00:00",
          "amBreakStart": "2017-08-29T10:00:00",
          "amBreakEnd": "2017-08-29T10:15:00",
          "pmBreakStart": "2017-08-29T15:00:00",
          "pmBreakEnd": "2017-08-29T15:15:00",
          "lunchBreakStart": "2017-08-29T12:00:00",
          "lunchBreakEnd": "2017-08-29T13:00:00",
          "isAlternitiveDay": false,
          "isTelecomuteDay": false,
          "travelToStart": null,
          "travelToEnd": null,
          "travelFromStart": null,
          "travelFromEnd": null,
          "dayActive": true
        },
        {
          "id": 804,
          "profileID": 84,
          "dayCount": 6,
          "dayStart": "2017-08-29T08:00:00",
          "dayEnd": "2017-08-29T17:00:00",
          "amBreakStart": "2017-08-29T10:00:00",
          "amBreakEnd": "2017-08-29T10:15:00",
          "pmBreakStart": "2017-08-29T15:00:00",
          "pmBreakEnd": "2017-08-29T15:15:00",
          "lunchBreakStart": "2017-08-29T12:00:00",
          "lunchBreakEnd": "2017-08-29T13:00:00",
          "isAlternitiveDay": false,
          "isTelecomuteDay": false,
          "travelToStart": null,
          "travelToEnd": null,
          "travelFromStart": null,
          "travelFromEnd": null,
          "dayActive": true
        },
        {
          "id": 805,
          "profileID": 84,
          "dayCount": 7,
          "dayStart": "2017-08-29T00:00:00",
          "dayEnd": "2017-08-29T00:00:00",
          "amBreakStart": "2017-08-29T00:00:00",
          "amBreakEnd": "2017-08-29T00:00:00",
          "pmBreakStart": "2017-08-29T00:00:00",
          "pmBreakEnd": "2017-08-29T00:00:00",
          "lunchBreakStart": "2017-08-29T00:00:00",
          "lunchBreakEnd": "2017-08-29T00:00:00",
          "isAlternitiveDay": false,
          "isTelecomuteDay": false,
          "travelToStart": null,
          "travelToEnd": null,
          "travelFromStart": null,
          "travelFromEnd": null,
          "dayActive": true
        }
      ]
    },
    {
      "profileId": 85,
      "empID": 13,
      "officeID": "285",
      "effectiveStartDate": "2017-08-29T00:00:00",
      "effectiveEndDate": null,
      "workWeekType": "1",
      "updatedByID": 76,
      "updatedDay": "2017-08-29T16:37:37.193",
      "profileDays": [
        {
          "id": 806,
          "profileID": 85,
          "dayCount": 1,
          "dayStart": "2017-08-29T00:00:00",
          "dayEnd": "2017-08-29T00:00:00",
          "amBreakStart": "2017-08-29T00:00:00",
          "amBreakEnd": "2017-08-29T00:00:00",
          "pmBreakStart": "2017-08-29T00:00:00",
          "pmBreakEnd": "2017-08-29T00:00:00",
          "lunchBreakStart": "2017-08-29T00:00:00",
          "lunchBreakEnd": "2017-08-29T00:00:00",
          "isAlternitiveDay": false,
          "isTelecomuteDay": false,
          "travelToStart": null,
          "travelToEnd": null,
          "travelFromStart": null,
          "travelFromEnd": null,
          "dayActive": true
        },
        {
          "id": 807,
          "profileID": 85,
          "dayCount": 2,
          "dayStart": "2017-08-29T08:00:00",
          "dayEnd": "2017-08-29T17:00:00",
          "amBreakStart": "2017-08-29T10:00:00",
          "amBreakEnd": "2017-08-29T10:15:00",
          "pmBreakStart": "2017-08-29T15:00:00",
          "pmBreakEnd": "2017-08-29T15:15:00",
          "lunchBreakStart": "2017-08-29T12:00:00",
          "lunchBreakEnd": "2017-08-29T13:00:00",
          "isAlternitiveDay": false,
          "isTelecomuteDay": false,
          "travelToStart": null,
          "travelToEnd": null,
          "travelFromStart": null,
          "travelFromEnd": null,
          "dayActive": true
        },
        {
          "id": 808,
          "profileID": 85,
          "dayCount": 3,
          "dayStart": "2017-08-29T08:00:00",
          "dayEnd": "2017-08-29T17:00:00",
          "amBreakStart": "2017-08-29T10:00:00",
          "amBreakEnd": "2017-08-29T10:15:00",
          "pmBreakStart": "2017-08-29T15:00:00",
          "pmBreakEnd": "2017-08-29T15:15:00",
          "lunchBreakStart": "2017-08-29T12:00:00",
          "lunchBreakEnd": "2017-08-29T13:00:00",
          "isAlternitiveDay": false,
          "isTelecomuteDay": false,
          "travelToStart": null,
          "travelToEnd": null,
          "travelFromStart": null,
          "travelFromEnd": null,
          "dayActive": true
        },
        {
          "id": 809,
          "profileID": 85,
          "dayCount": 4,
          "dayStart": "2017-08-29T08:00:00",
          "dayEnd": "2017-08-29T17:00:00",
          "amBreakStart": "2017-08-29T10:00:00",
          "amBreakEnd": "2017-08-29T10:15:00",
          "pmBreakStart": "2017-08-29T15:00:00",
          "pmBreakEnd": "2017-08-29T15:15:00",
          "lunchBreakStart": "2017-08-29T12:00:00",
          "lunchBreakEnd": "2017-08-29T13:00:00",
          "isAlternitiveDay": false,
          "isTelecomuteDay": false,
          "travelToStart": null,
          "travelToEnd": null,
          "travelFromStart": null,
          "travelFromEnd": null,
          "dayActive": true
        },
        {
          "id": 810,
          "profileID": 85,
          "dayCount": 5,
          "dayStart": "2017-08-29T08:00:00",
          "dayEnd": "2017-08-29T17:00:00",
          "amBreakStart": "2017-08-29T10:00:00",
          "amBreakEnd": "2017-08-29T10:15:00",
          "pmBreakStart": "2017-08-29T15:00:00",
          "pmBreakEnd": "2017-08-29T15:15:00",
          "lunchBreakStart": "2017-08-29T12:00:00",
          "lunchBreakEnd": "2017-08-29T13:00:00",
          "isAlternitiveDay": false,
          "isTelecomuteDay": false,
          "travelToStart": null,
          "travelToEnd": null,
          "travelFromStart": null,
          "travelFromEnd": null,
          "dayActive": true
        },
        {
          "id": 811,
          "profileID": 85,
          "dayCount": 6,
          "dayStart": "2017-08-29T08:00:00",
          "dayEnd": "2017-08-29T17:00:00",
          "amBreakStart": "2017-08-29T10:00:00",
          "amBreakEnd": "2017-08-29T10:15:00",
          "pmBreakStart": "2017-08-29T15:00:00",
          "pmBreakEnd": "2017-08-29T15:15:00",
          "lunchBreakStart": "2017-08-29T12:00:00",
          "lunchBreakEnd": "2017-08-29T13:00:00",
          "isAlternitiveDay": false,
          "isTelecomuteDay": false,
          "travelToStart": null,
          "travelToEnd": null,
          "travelFromStart": null,
          "travelFromEnd": null,
          "dayActive": true
        },
        {
          "id": 812,
          "profileID": 85,
          "dayCount": 7,
          "dayStart": "2017-08-29T00:00:00",
          "dayEnd": "2017-08-29T00:00:00",
          "amBreakStart": "2017-08-29T00:00:00",
          "amBreakEnd": "2017-08-29T00:00:00",
          "pmBreakStart": "2017-08-29T00:00:00",
          "pmBreakEnd": "2017-08-29T00:00:00",
          "lunchBreakStart": "2017-08-29T00:00:00",
          "lunchBreakEnd": "2017-08-29T00:00:00",
          "isAlternitiveDay": false,
          "isTelecomuteDay": false,
          "travelToStart": null,
          "travelToEnd": null,
          "travelFromStart": null,
          "travelFromEnd": null,
          "dayActive": true
        }
      ]
    },
    {
      "profileId": 1082,
      "empID": 13,
      "officeID": "285",
      "effectiveStartDate": "2017-10-03T00:00:00",
      "effectiveEndDate": null,
      "workWeekType": "1",
      "updatedByID": 327,
      "updatedDay": "2017-10-03T16:05:07.997",
      "profileDays": [
        {
          "id": 1799,
          "profileID": 1082,
          "dayCount": 1,
          "dayStart": "1900-01-01T00:00:00",
          "dayEnd": "1900-01-01T00:00:00",
          "amBreakStart": "1900-01-01T00:00:00",
          "amBreakEnd": "1900-01-01T00:00:00",
          "pmBreakStart": "1900-01-01T00:00:00",
          "pmBreakEnd": "1900-01-01T00:00:00",
          "lunchBreakStart": "1900-01-01T00:00:00",
          "lunchBreakEnd": "1900-01-01T00:00:00",
          "isAlternitiveDay": false,
          "isTelecomuteDay": false,
          "travelToStart": null,
          "travelToEnd": null,
          "travelFromStart": null,
          "travelFromEnd": null,
          "dayActive": false
        },
        {
          "id": 1800,
          "profileID": 1082,
          "dayCount": 2,
          "dayStart": "2017-10-03T08:00:00",
          "dayEnd": "2017-10-03T17:00:00",
          "amBreakStart": "2017-10-03T10:00:00",
          "amBreakEnd": "2017-10-03T10:15:00",
          "pmBreakStart": "2017-10-03T15:00:00",
          "pmBreakEnd": "2017-10-03T15:15:00",
          "lunchBreakStart": "2017-10-03T12:00:00",
          "lunchBreakEnd": "2017-10-03T13:00:00",
          "isAlternitiveDay": false,
          "isTelecomuteDay": false,
          "travelToStart": null,
          "travelToEnd": null,
          "travelFromStart": null,
          "travelFromEnd": null,
          "dayActive": true
        },
        {
          "id": 1801,
          "profileID": 1082,
          "dayCount": 3,
          "dayStart": "2017-10-03T08:00:00",
          "dayEnd": "2017-10-03T17:00:00",
          "amBreakStart": "2017-10-03T10:00:00",
          "amBreakEnd": "2017-10-03T10:15:00",
          "pmBreakStart": "2017-10-03T15:00:00",
          "pmBreakEnd": "2017-10-03T15:15:00",
          "lunchBreakStart": "2017-10-03T12:00:00",
          "lunchBreakEnd": "2017-10-03T13:00:00",
          "isAlternitiveDay": false,
          "isTelecomuteDay": false,
          "travelToStart": null,
          "travelToEnd": null,
          "travelFromStart": null,
          "travelFromEnd": null,
          "dayActive": true
        },
        {
          "id": 1802,
          "profileID": 1082,
          "dayCount": 4,
          "dayStart": "2017-10-03T08:00:00",
          "dayEnd": "2017-10-03T17:00:00",
          "amBreakStart": "2017-10-03T10:00:00",
          "amBreakEnd": "2017-10-03T10:15:00",
          "pmBreakStart": "2017-10-03T15:00:00",
          "pmBreakEnd": "2017-10-03T15:15:00",
          "lunchBreakStart": "2017-10-03T12:00:00",
          "lunchBreakEnd": "2017-10-03T13:00:00",
          "isAlternitiveDay": false,
          "isTelecomuteDay": false,
          "travelToStart": null,
          "travelToEnd": null,
          "travelFromStart": null,
          "travelFromEnd": null,
          "dayActive": true
        },
        {
          "id": 1803,
          "profileID": 1082,
          "dayCount": 5,
          "dayStart": "2017-10-03T08:00:00",
          "dayEnd": "2017-10-03T17:00:00",
          "amBreakStart": "2017-10-03T10:00:00",
          "amBreakEnd": "2017-10-03T10:15:00",
          "pmBreakStart": "2017-10-03T15:00:00",
          "pmBreakEnd": "2017-10-03T15:15:00",
          "lunchBreakStart": "2017-10-03T12:00:00",
          "lunchBreakEnd": "2017-10-03T13:00:00",
          "isAlternitiveDay": false,
          "isTelecomuteDay": false,
          "travelToStart": null,
          "travelToEnd": null,
          "travelFromStart": null,
          "travelFromEnd": null,
          "dayActive": true
        },
        {
          "id": 1804,
          "profileID": 1082,
          "dayCount": 6,
          "dayStart": "2017-10-03T08:00:00",
          "dayEnd": "2017-10-03T17:00:00",
          "amBreakStart": "2017-10-03T10:00:00",
          "amBreakEnd": "2017-10-03T10:15:00",
          "pmBreakStart": "2017-10-03T15:00:00",
          "pmBreakEnd": "2017-10-03T15:15:00",
          "lunchBreakStart": "2017-10-03T12:00:00",
          "lunchBreakEnd": "2017-10-03T13:00:00",
          "isAlternitiveDay": false,
          "isTelecomuteDay": false,
          "travelToStart": null,
          "travelToEnd": null,
          "travelFromStart": null,
          "travelFromEnd": null,
          "dayActive": true
        },
        {
          "id": 1805,
          "profileID": 1082,
          "dayCount": 7,
          "dayStart": "1900-01-01T00:00:00",
          "dayEnd": "1900-01-01T00:00:00",
          "amBreakStart": "1900-01-01T00:00:00",
          "amBreakEnd": "1900-01-01T00:00:00",
          "pmBreakStart": "1900-01-01T00:00:00",
          "pmBreakEnd": "1900-01-01T00:00:00",
          "lunchBreakStart": "1900-01-01T00:00:00",
          "lunchBreakEnd": "1900-01-01T00:00:00",
          "isAlternitiveDay": false,
          "isTelecomuteDay": false,
          "travelToStart": null,
          "travelToEnd": null,
          "travelFromStart": null,
          "travelFromEnd": null,
          "dayActive": false
        }
      ]
    },
    {
      "profileId": 1085,
      "empID": 13,
      "officeID": "517",
      "effectiveStartDate": "2017-10-04T00:00:00",
      "effectiveEndDate": "2018-08-29T00:00:00",
      "workWeekType": "1",
      "updatedByID": 76,
      "updatedDay": "2018-08-29T15:26:02.63",
      "profileDays": [
        {
          "id": 1808,
          "profileID": 1085,
          "dayCount": 1,
          "dayStart": "1900-01-01T00:00:00",
          "dayEnd": "1900-01-01T00:00:00",
          "amBreakStart": "1900-01-01T00:00:00",
          "amBreakEnd": "1900-01-01T00:00:00",
          "pmBreakStart": "1900-01-01T00:00:00",
          "pmBreakEnd": "1900-01-01T00:00:00",
          "lunchBreakStart": "1900-01-01T00:00:00",
          "lunchBreakEnd": "1900-01-01T00:00:00",
          "isAlternitiveDay": false,
          "isTelecomuteDay": false,
          "travelToStart": null,
          "travelToEnd": null,
          "travelFromStart": null,
          "travelFromEnd": null,
          "dayActive": false
        },
        {
          "id": 1809,
          "profileID": 1085,
          "dayCount": 2,
          "dayStart": "1900-01-01T08:00:00",
          "dayEnd": "1900-01-01T17:00:00",
          "amBreakStart": "1900-01-01T10:00:00",
          "amBreakEnd": "1900-01-01T10:15:00",
          "pmBreakStart": "1900-01-01T15:00:00",
          "pmBreakEnd": "1900-01-01T15:15:00",
          "lunchBreakStart": "1900-01-01T12:00:00",
          "lunchBreakEnd": "1900-01-01T13:00:00",
          "isAlternitiveDay": false,
          "isTelecomuteDay": false,
          "travelToStart": null,
          "travelToEnd": null,
          "travelFromStart": null,
          "travelFromEnd": null,
          "dayActive": true
        },
        {
          "id": 1810,
          "profileID": 1085,
          "dayCount": 3,
          "dayStart": "1900-01-01T08:00:00",
          "dayEnd": "1900-01-01T17:00:00",
          "amBreakStart": "1900-01-01T10:00:00",
          "amBreakEnd": "1900-01-01T10:15:00",
          "pmBreakStart": "1900-01-01T15:00:00",
          "pmBreakEnd": "1900-01-01T15:15:00",
          "lunchBreakStart": "1900-01-01T12:00:00",
          "lunchBreakEnd": "1900-01-01T13:00:00",
          "isAlternitiveDay": false,
          "isTelecomuteDay": false,
          "travelToStart": null,
          "travelToEnd": null,
          "travelFromStart": null,
          "travelFromEnd": null,
          "dayActive": true
        },
        {
          "id": 1811,
          "profileID": 1085,
          "dayCount": 4,
          "dayStart": "1900-01-01T00:00:00",
          "dayEnd": "1900-01-01T00:00:00",
          "amBreakStart": "1900-01-01T00:00:00",
          "amBreakEnd": "1900-01-01T00:00:00",
          "pmBreakStart": "1900-01-01T00:00:00",
          "pmBreakEnd": "1900-01-01T00:00:00",
          "lunchBreakStart": "1900-01-01T00:00:00",
          "lunchBreakEnd": "1900-01-01T00:00:00",
          "isAlternitiveDay": false,
          "isTelecomuteDay": false,
          "travelToStart": null,
          "travelToEnd": null,
          "travelFromStart": null,
          "travelFromEnd": null,
          "dayActive": false
        },
        {
          "id": 1812,
          "profileID": 1085,
          "dayCount": 5,
          "dayStart": "1900-01-01T00:00:00",
          "dayEnd": "1900-01-01T00:00:00",
          "amBreakStart": "1900-01-01T00:00:00",
          "amBreakEnd": "1900-01-01T00:00:00",
          "pmBreakStart": "1900-01-01T00:00:00",
          "pmBreakEnd": "1900-01-01T00:00:00",
          "lunchBreakStart": "1900-01-01T00:00:00",
          "lunchBreakEnd": "1900-01-01T00:00:00",
          "isAlternitiveDay": false,
          "isTelecomuteDay": false,
          "travelToStart": null,
          "travelToEnd": null,
          "travelFromStart": null,
          "travelFromEnd": null,
          "dayActive": false
        },
        {
          "id": 1813,
          "profileID": 1085,
          "dayCount": 6,
          "dayStart": "1900-01-01T00:00:00",
          "dayEnd": "1900-01-01T00:00:00",
          "amBreakStart": "1900-01-01T00:00:00",
          "amBreakEnd": "1900-01-01T00:00:00",
          "pmBreakStart": "1900-01-01T00:00:00",
          "pmBreakEnd": "1900-01-01T00:00:00",
          "lunchBreakStart": "1900-01-01T00:00:00",
          "lunchBreakEnd": "1900-01-01T00:00:00",
          "isAlternitiveDay": false,
          "isTelecomuteDay": false,
          "travelToStart": null,
          "travelToEnd": null,
          "travelFromStart": null,
          "travelFromEnd": null,
          "dayActive": false
        },
        {
          "id": 1814,
          "profileID": 1085,
          "dayCount": 7,
          "dayStart": "1900-01-01T00:00:00",
          "dayEnd": "1900-01-01T00:00:00",
          "amBreakStart": "1900-01-01T00:00:00",
          "amBreakEnd": "1900-01-01T00:00:00",
          "pmBreakStart": "1900-01-01T00:00:00",
          "pmBreakEnd": "1900-01-01T00:00:00",
          "lunchBreakStart": "1900-01-01T00:00:00",
          "lunchBreakEnd": "1900-01-01T00:00:00",
          "isAlternitiveDay": false,
          "isTelecomuteDay": false,
          "travelToStart": null,
          "travelToEnd": null,
          "travelFromStart": null,
          "travelFromEnd": null,
          "dayActive": false
        }
      ]
    },
    {
      "profileId": 1086,
      "empID": 13,
      "officeID": "285",
      "effectiveStartDate": "2017-10-04T00:00:00",
      "effectiveEndDate": "2018-08-29T00:00:00",
      "workWeekType": "1",
      "updatedByID": 76,
      "updatedDay": "2018-08-29T15:18:21.6",
      "profileDays": [
        {
          "id": 1815,
          "profileID": 1086,
          "dayCount": 1,
          "dayStart": "1900-01-01T09:00:00",
          "dayEnd": "1900-01-01T18:00:00",
          "amBreakStart": "1900-01-01T11:00:00",
          "amBreakEnd": "1900-01-01T11:15:00",
          "pmBreakStart": "1900-01-01T16:00:00",
          "pmBreakEnd": "1900-01-01T16:15:00",
          "lunchBreakStart": "1900-01-01T13:00:00",
          "lunchBreakEnd": "1900-01-01T14:00:00",
          "isAlternitiveDay": false,
          "isTelecomuteDay": false,
          "travelToStart": null,
          "travelToEnd": null,
          "travelFromStart": null,
          "travelFromEnd": null,
          "dayActive": true
        },
        {
          "id": 1816,
          "profileID": 1086,
          "dayCount": 2,
          "dayStart": "1900-01-01T08:00:00",
          "dayEnd": "1900-01-01T17:00:00",
          "amBreakStart": "1900-01-01T10:00:00",
          "amBreakEnd": "1900-01-01T10:15:00",
          "pmBreakStart": "1900-01-01T15:00:00",
          "pmBreakEnd": "1900-01-01T15:15:00",
          "lunchBreakStart": "1900-01-01T12:00:00",
          "lunchBreakEnd": "1900-01-01T13:00:00",
          "isAlternitiveDay": false,
          "isTelecomuteDay": false,
          "travelToStart": null,
          "travelToEnd": null,
          "travelFromStart": null,
          "travelFromEnd": null,
          "dayActive": true
        },
        {
          "id": 1817,
          "profileID": 1086,
          "dayCount": 3,
          "dayStart": "1900-01-01T08:00:00",
          "dayEnd": "1900-01-01T17:00:00",
          "amBreakStart": "1900-01-01T10:00:00",
          "amBreakEnd": "1900-01-01T10:15:00",
          "pmBreakStart": "1900-01-01T15:00:00",
          "pmBreakEnd": "1900-01-01T15:15:00",
          "lunchBreakStart": "1900-01-01T12:00:00",
          "lunchBreakEnd": "1900-01-01T13:00:00",
          "isAlternitiveDay": false,
          "isTelecomuteDay": false,
          "travelToStart": null,
          "travelToEnd": null,
          "travelFromStart": null,
          "travelFromEnd": null,
          "dayActive": true
        },
        {
          "id": 1818,
          "profileID": 1086,
          "dayCount": 4,
          "dayStart": "1900-01-01T08:00:00",
          "dayEnd": "1900-01-01T17:00:00",
          "amBreakStart": "1900-01-01T10:00:00",
          "amBreakEnd": "1900-01-01T10:15:00",
          "pmBreakStart": "1900-01-01T15:00:00",
          "pmBreakEnd": "1900-01-01T15:15:00",
          "lunchBreakStart": "1900-01-01T12:00:00",
          "lunchBreakEnd": "1900-01-01T13:00:00",
          "isAlternitiveDay": false,
          "isTelecomuteDay": false,
          "travelToStart": null,
          "travelToEnd": null,
          "travelFromStart": null,
          "travelFromEnd": null,
          "dayActive": true
        },
        {
          "id": 1819,
          "profileID": 1086,
          "dayCount": 5,
          "dayStart": "1900-01-01T08:00:00",
          "dayEnd": "1900-01-01T17:00:00",
          "amBreakStart": "1900-01-01T10:00:00",
          "amBreakEnd": "1900-01-01T10:15:00",
          "pmBreakStart": "1900-01-01T15:00:00",
          "pmBreakEnd": "1900-01-01T15:15:00",
          "lunchBreakStart": "1900-01-01T12:00:00",
          "lunchBreakEnd": "1900-01-01T13:00:00",
          "isAlternitiveDay": false,
          "isTelecomuteDay": false,
          "travelToStart": null,
          "travelToEnd": null,
          "travelFromStart": null,
          "travelFromEnd": null,
          "dayActive": true
        },
        {
          "id": 1820,
          "profileID": 1086,
          "dayCount": 6,
          "dayStart": "1900-01-01T08:00:00",
          "dayEnd": "1900-01-01T17:00:00",
          "amBreakStart": "1900-01-01T10:00:00",
          "amBreakEnd": "1900-01-01T10:15:00",
          "pmBreakStart": "1900-01-01T15:00:00",
          "pmBreakEnd": "1900-01-01T15:15:00",
          "lunchBreakStart": "1900-01-01T12:00:00",
          "lunchBreakEnd": "1900-01-01T13:00:00",
          "isAlternitiveDay": false,
          "isTelecomuteDay": false,
          "travelToStart": null,
          "travelToEnd": null,
          "travelFromStart": null,
          "travelFromEnd": null,
          "dayActive": true
        },
        {
          "id": 1821,
          "profileID": 1086,
          "dayCount": 7,
          "dayStart": "1900-01-01T00:00:00",
          "dayEnd": "1900-01-01T00:00:00",
          "amBreakStart": "1900-01-01T00:00:00",
          "amBreakEnd": "1900-01-01T00:00:00",
          "pmBreakStart": "1900-01-01T00:00:00",
          "pmBreakEnd": "1900-01-01T00:00:00",
          "lunchBreakStart": "1900-01-01T00:00:00",
          "lunchBreakEnd": "1900-01-01T00:00:00",
          "isAlternitiveDay": false,
          "isTelecomuteDay": false,
          "travelToStart": null,
          "travelToEnd": null,
          "travelFromStart": null,
          "travelFromEnd": null,
          "dayActive": false
        }
      ]
    },
    {
      "profileId": 1087,
      "empID": 13,
      "officeID": "517",
      "effectiveStartDate": "2017-10-04T00:00:00",
      "effectiveEndDate": "2018-08-29T00:00:00",
      "workWeekType": "1",
      "updatedByID": 76,
      "updatedDay": "2018-08-29T15:17:42.533",
      "profileDays": [
        {
          "id": 1822,
          "profileID": 1087,
          "dayCount": 1,
          "dayStart": "1900-01-01T00:00:00",
          "dayEnd": "1900-01-01T00:00:00",
          "amBreakStart": "1900-01-01T00:00:00",
          "amBreakEnd": "1900-01-01T00:00:00",
          "pmBreakStart": "1900-01-01T00:00:00",
          "pmBreakEnd": "1900-01-01T00:00:00",
          "lunchBreakStart": "1900-01-01T00:00:00",
          "lunchBreakEnd": "1900-01-01T00:00:00",
          "isAlternitiveDay": false,
          "isTelecomuteDay": false,
          "travelToStart": null,
          "travelToEnd": null,
          "travelFromStart": null,
          "travelFromEnd": null,
          "dayActive": false
        },
        {
          "id": 1823,
          "profileID": 1087,
          "dayCount": 2,
          "dayStart": "1900-01-01T08:00:00",
          "dayEnd": "1900-01-01T17:00:00",
          "amBreakStart": "1900-01-01T10:00:00",
          "amBreakEnd": "1900-01-01T10:15:00",
          "pmBreakStart": "1900-01-01T15:00:00",
          "pmBreakEnd": "1900-01-01T15:15:00",
          "lunchBreakStart": "1900-01-01T12:00:00",
          "lunchBreakEnd": "1900-01-01T13:00:00",
          "isAlternitiveDay": false,
          "isTelecomuteDay": false,
          "travelToStart": "1900-01-01T08:00:00",
          "travelToEnd": "1900-01-01T08:30:00",
          "travelFromStart": "1900-01-01T16:30:00",
          "travelFromEnd": "1900-01-01T17:00:00",
          "dayActive": true
        },
        {
          "id": 1824,
          "profileID": 1087,
          "dayCount": 3,
          "dayStart": "1900-01-01T08:00:00",
          "dayEnd": "1900-01-01T17:00:00",
          "amBreakStart": "1900-01-01T10:00:00",
          "amBreakEnd": "1900-01-01T10:15:00",
          "pmBreakStart": "1900-01-01T15:00:00",
          "pmBreakEnd": "1900-01-01T15:15:00",
          "lunchBreakStart": "1900-01-01T12:00:00",
          "lunchBreakEnd": "1900-01-01T13:00:00",
          "isAlternitiveDay": false,
          "isTelecomuteDay": false,
          "travelToStart": "1900-01-01T08:00:00",
          "travelToEnd": "1900-01-01T08:30:00",
          "travelFromStart": "1900-01-01T16:30:00",
          "travelFromEnd": "1900-01-01T17:00:00",
          "dayActive": true
        },
        {
          "id": 1825,
          "profileID": 1087,
          "dayCount": 4,
          "dayStart": "1900-01-01T08:00:00",
          "dayEnd": "1900-01-01T17:00:00",
          "amBreakStart": "1900-01-01T10:00:00",
          "amBreakEnd": "1900-01-01T10:15:00",
          "pmBreakStart": "1900-01-01T15:00:00",
          "pmBreakEnd": "1900-01-01T15:15:00",
          "lunchBreakStart": "1900-01-01T12:00:00",
          "lunchBreakEnd": "1900-01-01T13:00:00",
          "isAlternitiveDay": false,
          "isTelecomuteDay": false,
          "travelToStart": "1900-01-01T08:00:00",
          "travelToEnd": "1900-01-01T08:30:00",
          "travelFromStart": "1900-01-01T16:30:00",
          "travelFromEnd": "1900-01-01T17:00:00",
          "dayActive": true
        },
        {
          "id": 1826,
          "profileID": 1087,
          "dayCount": 5,
          "dayStart": "1900-01-01T08:00:00",
          "dayEnd": "1900-01-01T17:00:00",
          "amBreakStart": "1900-01-01T10:00:00",
          "amBreakEnd": "1900-01-01T10:15:00",
          "pmBreakStart": "1900-01-01T15:00:00",
          "pmBreakEnd": "1900-01-01T15:15:00",
          "lunchBreakStart": "1900-01-01T12:00:00",
          "lunchBreakEnd": "1900-01-01T13:00:00",
          "isAlternitiveDay": false,
          "isTelecomuteDay": false,
          "travelToStart": "1900-01-01T08:00:00",
          "travelToEnd": "1900-01-01T08:30:00",
          "travelFromStart": "1900-01-01T16:30:00",
          "travelFromEnd": "1900-01-01T17:00:00",
          "dayActive": true
        },
        {
          "id": 1827,
          "profileID": 1087,
          "dayCount": 6,
          "dayStart": "1900-01-01T08:00:00",
          "dayEnd": "1900-01-01T17:00:00",
          "amBreakStart": "1900-01-01T10:00:00",
          "amBreakEnd": "1900-01-01T10:15:00",
          "pmBreakStart": "1900-01-01T15:00:00",
          "pmBreakEnd": "1900-01-01T15:15:00",
          "lunchBreakStart": "1900-01-01T12:00:00",
          "lunchBreakEnd": "1900-01-01T13:00:00",
          "isAlternitiveDay": false,
          "isTelecomuteDay": false,
          "travelToStart": "1900-01-01T08:00:00",
          "travelToEnd": "1900-01-01T08:30:00",
          "travelFromStart": "1900-01-01T16:30:00",
          "travelFromEnd": "1900-01-01T17:00:00",
          "dayActive": true
        },
        {
          "id": 1828,
          "profileID": 1087,
          "dayCount": 7,
          "dayStart": "1900-01-01T00:00:00",
          "dayEnd": "1900-01-01T00:00:00",
          "amBreakStart": "1900-01-01T00:00:00",
          "amBreakEnd": "1900-01-01T00:00:00",
          "pmBreakStart": "1900-01-01T00:00:00",
          "pmBreakEnd": "1900-01-01T00:00:00",
          "lunchBreakStart": "1900-01-01T00:00:00",
          "lunchBreakEnd": "1900-01-01T00:00:00",
          "isAlternitiveDay": false,
          "isTelecomuteDay": false,
          "travelToStart": null,
          "travelToEnd": null,
          "travelFromStart": null,
          "travelFromEnd": null,
          "dayActive": false
        }
      ]
    },
    {
      "profileId": 1088,
      "empID": 13,
      "officeID": "285",
      "effectiveStartDate": "2017-11-15T00:00:00",
      "effectiveEndDate": "2018-08-29T00:00:00",
      "workWeekType": "1",
      "updatedByID": 76,
      "updatedDay": "2018-08-29T15:17:19.003",
      "profileDays": [
        {
          "id": 1829,
          "profileID": 1088,
          "dayCount": 1,
          "dayStart": "1900-01-01T00:00:00",
          "dayEnd": "1900-01-01T00:00:00",
          "amBreakStart": "1900-01-01T00:00:00",
          "amBreakEnd": "1900-01-01T00:00:00",
          "pmBreakStart": "1900-01-01T00:00:00",
          "pmBreakEnd": "1900-01-01T00:00:00",
          "lunchBreakStart": "1900-01-01T00:00:00",
          "lunchBreakEnd": "1900-01-01T00:00:00",
          "isAlternitiveDay": false,
          "isTelecomuteDay": false,
          "travelToStart": null,
          "travelToEnd": null,
          "travelFromStart": null,
          "travelFromEnd": null,
          "dayActive": false
        },
        {
          "id": 1830,
          "profileID": 1088,
          "dayCount": 2,
          "dayStart": "1900-01-01T08:00:00",
          "dayEnd": "1900-01-01T17:00:00",
          "amBreakStart": "1900-01-01T10:00:00",
          "amBreakEnd": "1900-01-01T10:15:00",
          "pmBreakStart": "1900-01-01T15:00:00",
          "pmBreakEnd": "1900-01-01T15:15:00",
          "lunchBreakStart": "1900-01-01T12:00:00",
          "lunchBreakEnd": "1900-01-01T13:00:00",
          "isAlternitiveDay": false,
          "isTelecomuteDay": false,
          "travelToStart": null,
          "travelToEnd": null,
          "travelFromStart": null,
          "travelFromEnd": null,
          "dayActive": true
        },
        {
          "id": 1831,
          "profileID": 1088,
          "dayCount": 3,
          "dayStart": "1900-01-01T08:00:00",
          "dayEnd": "1900-01-01T17:00:00",
          "amBreakStart": "1900-01-01T10:00:00",
          "amBreakEnd": "1900-01-01T10:15:00",
          "pmBreakStart": "1900-01-01T15:00:00",
          "pmBreakEnd": "1900-01-01T15:15:00",
          "lunchBreakStart": "1900-01-01T12:00:00",
          "lunchBreakEnd": "1900-01-01T13:00:00",
          "isAlternitiveDay": false,
          "isTelecomuteDay": false,
          "travelToStart": null,
          "travelToEnd": null,
          "travelFromStart": null,
          "travelFromEnd": null,
          "dayActive": true
        },
        {
          "id": 1832,
          "profileID": 1088,
          "dayCount": 4,
          "dayStart": "1900-01-01T08:00:00",
          "dayEnd": "1900-01-01T17:00:00",
          "amBreakStart": "1900-01-01T10:00:00",
          "amBreakEnd": "1900-01-01T10:15:00",
          "pmBreakStart": "1900-01-01T15:00:00",
          "pmBreakEnd": "1900-01-01T15:15:00",
          "lunchBreakStart": "1900-01-01T12:00:00",
          "lunchBreakEnd": "1900-01-01T13:00:00",
          "isAlternitiveDay": false,
          "isTelecomuteDay": false,
          "travelToStart": null,
          "travelToEnd": null,
          "travelFromStart": null,
          "travelFromEnd": null,
          "dayActive": true
        },
        {
          "id": 1833,
          "profileID": 1088,
          "dayCount": 5,
          "dayStart": "1900-01-01T08:00:00",
          "dayEnd": "1900-01-01T17:00:00",
          "amBreakStart": "1900-01-01T10:00:00",
          "amBreakEnd": "1900-01-01T10:15:00",
          "pmBreakStart": "1900-01-01T15:00:00",
          "pmBreakEnd": "1900-01-01T15:15:00",
          "lunchBreakStart": "1900-01-01T12:00:00",
          "lunchBreakEnd": "1900-01-01T13:00:00",
          "isAlternitiveDay": false,
          "isTelecomuteDay": false,
          "travelToStart": null,
          "travelToEnd": null,
          "travelFromStart": null,
          "travelFromEnd": null,
          "dayActive": true
        },
        {
          "id": 1834,
          "profileID": 1088,
          "dayCount": 6,
          "dayStart": "1900-01-01T08:00:00",
          "dayEnd": "1900-01-01T17:00:00",
          "amBreakStart": "1900-01-01T10:00:00",
          "amBreakEnd": "1900-01-01T10:15:00",
          "pmBreakStart": "1900-01-01T15:00:00",
          "pmBreakEnd": "1900-01-01T15:15:00",
          "lunchBreakStart": "1900-01-01T12:00:00",
          "lunchBreakEnd": "1900-01-01T13:00:00",
          "isAlternitiveDay": false,
          "isTelecomuteDay": false,
          "travelToStart": null,
          "travelToEnd": null,
          "travelFromStart": null,
          "travelFromEnd": null,
          "dayActive": true
        },
        {
          "id": 1835,
          "profileID": 1088,
          "dayCount": 7,
          "dayStart": "1900-01-01T00:00:00",
          "dayEnd": "1900-01-01T00:00:00",
          "amBreakStart": "1900-01-01T00:00:00",
          "amBreakEnd": "1900-01-01T00:00:00",
          "pmBreakStart": "1900-01-01T00:00:00",
          "pmBreakEnd": "1900-01-01T00:00:00",
          "lunchBreakStart": "1900-01-01T00:00:00",
          "lunchBreakEnd": "1900-01-01T00:00:00",
          "isAlternitiveDay": false,
          "isTelecomuteDay": false,
          "travelToStart": null,
          "travelToEnd": null,
          "travelFromStart": null,
          "travelFromEnd": null,
          "dayActive": false
        }
      ]
    },
    {
      "profileId": 2096,
      "empID": 13,
      "officeID": "598",
      "effectiveStartDate": "2011-09-02T00:00:00",
      "effectiveEndDate": "2017-11-15T00:00:00",
      "workWeekType": "1",
      "updatedByID": 76,
      "updatedDay": "2018-07-31T17:01:59.703",
      "profileDays": [
        {
          "id": 2864,
          "profileID": 2096,
          "dayCount": 1,
          "dayStart": "1900-01-01T00:00:00",
          "dayEnd": "1900-01-01T00:00:00",
          "amBreakStart": "1900-01-01T00:00:00",
          "amBreakEnd": "1900-01-01T00:00:00",
          "pmBreakStart": "1900-01-01T00:00:00",
          "pmBreakEnd": "1900-01-01T00:00:00",
          "lunchBreakStart": "1900-01-01T00:00:00",
          "lunchBreakEnd": "1900-01-01T00:00:00",
          "isAlternitiveDay": false,
          "isTelecomuteDay": false,
          "travelToStart": null,
          "travelToEnd": null,
          "travelFromStart": null,
          "travelFromEnd": null,
          "dayActive": false
        },
        {
          "id": 2865,
          "profileID": 2096,
          "dayCount": 2,
          "dayStart": "1900-01-01T08:00:00",
          "dayEnd": "1900-01-01T17:00:00",
          "amBreakStart": "1900-01-01T10:00:00",
          "amBreakEnd": "1900-01-01T10:15:00",
          "pmBreakStart": "1900-01-01T15:00:00",
          "pmBreakEnd": "1900-01-01T15:15:00",
          "lunchBreakStart": "1900-01-01T12:00:00",
          "lunchBreakEnd": "1900-01-01T13:00:00",
          "isAlternitiveDay": false,
          "isTelecomuteDay": false,
          "travelToStart": null,
          "travelToEnd": null,
          "travelFromStart": null,
          "travelFromEnd": null,
          "dayActive": true
        },
        {
          "id": 2866,
          "profileID": 2096,
          "dayCount": 3,
          "dayStart": "1900-01-01T08:00:00",
          "dayEnd": "1900-01-01T17:00:00",
          "amBreakStart": "1900-01-01T10:00:00",
          "amBreakEnd": "1900-01-01T10:15:00",
          "pmBreakStart": "1900-01-01T15:00:00",
          "pmBreakEnd": "1900-01-01T15:15:00",
          "lunchBreakStart": "1900-01-01T12:00:00",
          "lunchBreakEnd": "1900-01-01T13:00:00",
          "isAlternitiveDay": false,
          "isTelecomuteDay": false,
          "travelToStart": null,
          "travelToEnd": null,
          "travelFromStart": null,
          "travelFromEnd": null,
          "dayActive": true
        },
        {
          "id": 2867,
          "profileID": 2096,
          "dayCount": 4,
          "dayStart": "1900-01-01T08:00:00",
          "dayEnd": "1900-01-01T17:00:00",
          "amBreakStart": "1900-01-01T10:00:00",
          "amBreakEnd": "1900-01-01T10:15:00",
          "pmBreakStart": "1900-01-01T15:00:00",
          "pmBreakEnd": "1900-01-01T15:15:00",
          "lunchBreakStart": "1900-01-01T12:00:00",
          "lunchBreakEnd": "1900-01-01T13:00:00",
          "isAlternitiveDay": false,
          "isTelecomuteDay": false,
          "travelToStart": null,
          "travelToEnd": null,
          "travelFromStart": null,
          "travelFromEnd": null,
          "dayActive": true
        },
        {
          "id": 2868,
          "profileID": 2096,
          "dayCount": 5,
          "dayStart": "1900-01-01T08:00:00",
          "dayEnd": "1900-01-01T17:00:00",
          "amBreakStart": "1900-01-01T10:00:00",
          "amBreakEnd": "1900-01-01T10:15:00",
          "pmBreakStart": "1900-01-01T15:00:00",
          "pmBreakEnd": "1900-01-01T15:15:00",
          "lunchBreakStart": "1900-01-01T12:00:00",
          "lunchBreakEnd": "1900-01-01T13:00:00",
          "isAlternitiveDay": false,
          "isTelecomuteDay": false,
          "travelToStart": null,
          "travelToEnd": null,
          "travelFromStart": null,
          "travelFromEnd": null,
          "dayActive": true
        },
        {
          "id": 2869,
          "profileID": 2096,
          "dayCount": 6,
          "dayStart": "1900-01-01T08:00:00",
          "dayEnd": "1900-01-01T17:00:00",
          "amBreakStart": "1900-01-01T10:00:00",
          "amBreakEnd": "1900-01-01T10:15:00",
          "pmBreakStart": "1900-01-01T15:00:00",
          "pmBreakEnd": "1900-01-01T15:15:00",
          "lunchBreakStart": "1900-01-01T12:00:00",
          "lunchBreakEnd": "1900-01-01T13:00:00",
          "isAlternitiveDay": false,
          "isTelecomuteDay": false,
          "travelToStart": null,
          "travelToEnd": null,
          "travelFromStart": null,
          "travelFromEnd": null,
          "dayActive": true
        },
        {
          "id": 2870,
          "profileID": 2096,
          "dayCount": 7,
          "dayStart": "1900-01-01T00:00:00",
          "dayEnd": "1900-01-01T00:00:00",
          "amBreakStart": "1900-01-01T00:00:00",
          "amBreakEnd": "1900-01-01T00:00:00",
          "pmBreakStart": "1900-01-01T00:00:00",
          "pmBreakEnd": "1900-01-01T00:00:00",
          "lunchBreakStart": "1900-01-01T00:00:00",
          "lunchBreakEnd": "1900-01-01T00:00:00",
          "isAlternitiveDay": false,
          "isTelecomuteDay": false,
          "travelToStart": null,
          "travelToEnd": null,
          "travelFromStart": null,
          "travelFromEnd": null,
          "dayActive": false
        }
      ]
    },
    {
      "profileId": 2097,
      "empID": 13,
      "officeID": "598",
      "effectiveStartDate": "2011-09-02T00:00:00",
      "effectiveEndDate": "2017-11-15T00:00:00",
      "workWeekType": "1",
      "updatedByID": 76,
      "updatedDay": "2018-07-31T17:16:15.117",
      "profileDays": [
        {
          "id": 2871,
          "profileID": 2097,
          "dayCount": 1,
          "dayStart": "1900-01-01T00:00:00",
          "dayEnd": "1900-01-01T00:00:00",
          "amBreakStart": "1900-01-01T00:00:00",
          "amBreakEnd": "1900-01-01T00:00:00",
          "pmBreakStart": "1900-01-01T00:00:00",
          "pmBreakEnd": "1900-01-01T00:00:00",
          "lunchBreakStart": "1900-01-01T00:00:00",
          "lunchBreakEnd": "1900-01-01T00:00:00",
          "isAlternitiveDay": false,
          "isTelecomuteDay": false,
          "travelToStart": null,
          "travelToEnd": null,
          "travelFromStart": null,
          "travelFromEnd": null,
          "dayActive": false
        },
        {
          "id": 2872,
          "profileID": 2097,
          "dayCount": 2,
          "dayStart": "1900-01-01T08:00:00",
          "dayEnd": "1900-01-01T17:00:00",
          "amBreakStart": "1900-01-01T10:00:00",
          "amBreakEnd": "1900-01-01T10:15:00",
          "pmBreakStart": "1900-01-01T15:00:00",
          "pmBreakEnd": "1900-01-01T15:15:00",
          "lunchBreakStart": "1900-01-01T12:00:00",
          "lunchBreakEnd": "1900-01-01T13:00:00",
          "isAlternitiveDay": false,
          "isTelecomuteDay": false,
          "travelToStart": null,
          "travelToEnd": null,
          "travelFromStart": null,
          "travelFromEnd": null,
          "dayActive": true
        },
        {
          "id": 2873,
          "profileID": 2097,
          "dayCount": 3,
          "dayStart": "1900-01-01T08:00:00",
          "dayEnd": "1900-01-01T17:00:00",
          "amBreakStart": "1900-01-01T10:00:00",
          "amBreakEnd": "1900-01-01T10:15:00",
          "pmBreakStart": "1900-01-01T15:00:00",
          "pmBreakEnd": "1900-01-01T15:15:00",
          "lunchBreakStart": "1900-01-01T12:00:00",
          "lunchBreakEnd": "1900-01-01T13:00:00",
          "isAlternitiveDay": false,
          "isTelecomuteDay": false,
          "travelToStart": null,
          "travelToEnd": null,
          "travelFromStart": null,
          "travelFromEnd": null,
          "dayActive": true
        },
        {
          "id": 2874,
          "profileID": 2097,
          "dayCount": 4,
          "dayStart": "1900-01-01T08:00:00",
          "dayEnd": "1900-01-01T17:00:00",
          "amBreakStart": "1900-01-01T10:00:00",
          "amBreakEnd": "1900-01-01T10:15:00",
          "pmBreakStart": "1900-01-01T15:00:00",
          "pmBreakEnd": "1900-01-01T15:15:00",
          "lunchBreakStart": "1900-01-01T12:00:00",
          "lunchBreakEnd": "1900-01-01T13:00:00",
          "isAlternitiveDay": false,
          "isTelecomuteDay": false,
          "travelToStart": null,
          "travelToEnd": null,
          "travelFromStart": null,
          "travelFromEnd": null,
          "dayActive": true
        },
        {
          "id": 2875,
          "profileID": 2097,
          "dayCount": 5,
          "dayStart": "1900-01-01T08:00:00",
          "dayEnd": "1900-01-01T17:00:00",
          "amBreakStart": "1900-01-01T10:00:00",
          "amBreakEnd": "1900-01-01T10:15:00",
          "pmBreakStart": "1900-01-01T15:00:00",
          "pmBreakEnd": "1900-01-01T15:15:00",
          "lunchBreakStart": "1900-01-01T12:00:00",
          "lunchBreakEnd": "1900-01-01T13:00:00",
          "isAlternitiveDay": false,
          "isTelecomuteDay": false,
          "travelToStart": null,
          "travelToEnd": null,
          "travelFromStart": null,
          "travelFromEnd": null,
          "dayActive": true
        },
        {
          "id": 2876,
          "profileID": 2097,
          "dayCount": 6,
          "dayStart": "1900-01-01T08:00:00",
          "dayEnd": "1900-01-01T17:00:00",
          "amBreakStart": "1900-01-01T10:00:00",
          "amBreakEnd": "1900-01-01T10:15:00",
          "pmBreakStart": "1900-01-01T15:00:00",
          "pmBreakEnd": "1900-01-01T15:15:00",
          "lunchBreakStart": "1900-01-01T12:00:00",
          "lunchBreakEnd": "1900-01-01T13:00:00",
          "isAlternitiveDay": false,
          "isTelecomuteDay": false,
          "travelToStart": null,
          "travelToEnd": null,
          "travelFromStart": null,
          "travelFromEnd": null,
          "dayActive": true
        },
        {
          "id": 2877,
          "profileID": 2097,
          "dayCount": 7,
          "dayStart": "1900-01-01T00:00:00",
          "dayEnd": "1900-01-01T00:00:00",
          "amBreakStart": "1900-01-01T00:00:00",
          "amBreakEnd": "1900-01-01T00:00:00",
          "pmBreakStart": "1900-01-01T00:00:00",
          "pmBreakEnd": "1900-01-01T00:00:00",
          "lunchBreakStart": "1900-01-01T00:00:00",
          "lunchBreakEnd": "1900-01-01T00:00:00",
          "isAlternitiveDay": false,
          "isTelecomuteDay": false,
          "travelToStart": null,
          "travelToEnd": null,
          "travelFromStart": null,
          "travelFromEnd": null,
          "dayActive": false
        }
      ]
    }
  ]