{
    "hearingLocationId": 2,
    "officeId": "285",
    "roomNumber": "02 ",
    "roomDescription": "Check in at Reception Counter",
    "closedDate": null,
    "hearingRoomProfile": {
      "id": 107,
      "hearingRoomId": 2,
      "updatedBy": 76,
      "updatedDate": "2018-08-22T15:06:03.793",
      "isActive": true,
      "monStartTime": "09:00",
      "monEndTime": "17:00",
      "tueStartTime": "08:00",
      "tueEndTime": "17:00",
      "wedStartTime": "08:00",
      "wedEndTime": "17:00",
      "thuStartTime": "08:00",
      "thuEndTime": "17:00",
      "friStartTime": "08:00",
      "friEndTime": "17:00",
      "satStartTime": "00:00",
      "satEndTime": "00:00",
      "sunStartTime": "00:00",
      "sunEndTime": "00:00"
    }
  }