[
    {
      "id": 1057,
      "empID": 13,
      "categoryID": 1,
      "categoryName": "Fraud                         ",
      "hearingTime": 60,
      "interviewTime": 60,
      "reExamTime": 60,
      "lastUpdated": "2018-08-28T14:04:09.427",
      "active": true
    },
    {
      "id": 1058,
      "empID": 13,
      "categoryID": 2,
      "categoryName": "Financial Responsibility      ",
      "hearingTime": 0,
      "interviewTime": 0,
      "reExamTime": 0,
      "lastUpdated": "2018-08-28T14:04:09.427",
      "active": false
    },
    {
      "id": 1059,
      "empID": 13,
      "categoryID": 3,
      "categoryName": "Special Certificates          ",
      "hearingTime": 0,
      "interviewTime": 0,
      "reExamTime": 0,
      "lastUpdated": "2018-08-28T14:04:09.427",
      "active": false
    },
    {
      "id": 1060,
      "empID": 13,
      "categoryID": 4,
      "categoryName": "Admin Per Se                  ",
      "hearingTime": 0,
      "interviewTime": 0,
      "reExamTime": 0,
      "lastUpdated": "2018-08-28T14:04:09.427",
      "active": false
    },
    {
      "id": 1061,
      "empID": 13,
      "categoryID": 5,
      "categoryName": "Physical and Mental           ",
      "hearingTime": 0,
      "interviewTime": 0,
      "reExamTime": 0,
      "lastUpdated": "2018-08-28T14:04:09.427",
      "active": false
    },
    {
      "id": 1062,
      "empID": 13,
      "categoryID": 6,
      "categoryName": "Negligent Operator            ",
      "hearingTime": 0,
      "interviewTime": 0,
      "reExamTime": 0,
      "lastUpdated": "2018-08-28T14:04:09.427",
      "active": false
    },
    {
      "id": 1063,
      "empID": 13,
      "categoryID": 7,
      "categoryName": "Commercial Physical and Mental",
      "hearingTime": 0,
      "interviewTime": 0,
      "reExamTime": 0,
      "lastUpdated": "2018-08-28T14:04:09.427",
      "active": false
    }
  ]