[
  {
    "officeID": "285",
    "name": "Sacramento",
    "addressLineOne": "4700 Broadway, 2nd Floor",
    "city": "Sacramento",
    "zip": "95820",
    "zip4": "1501",
    "phoneNumber": "9162272970",
    "districtID": "285",
    "effectiveDate": "1995-11-28T00:00:00",
    "nameAbbriv": "SAC",
    "fieldFileDsg": "SC",
    "requestorCode": "86301",
    "faxNumber": "9162272901",
    "terminationDate": null
  },
  {
    "officeID": "513",
    "name": "Truckee",
    "addressLineOne": "11357 Donner Pass Rd., P O Box 8785",
    "city": "Truckee",
    "zip": "96161",
    "zip4": "    ",
    "phoneNumber": "9162272970",
    "districtID": "285",
    "effectiveDate": "1995-03-28T00:00:00",
    "nameAbbriv": "TRK",
    "fieldFileDsg": "SC",
    "requestorCode": "86300",
    "faxNumber": "          ",
    "terminationDate": null
  },
  {
    "officeID": "517",
    "name": "Stockton",
    "addressLineOne": "710 North American Street",
    "city": "Stockton",
    "zip": "95202",
    "zip4": null,
    "phoneNumber": "9162272970",
    "districtID": "285",
    "effectiveDate": "1995-07-13T00:00:00",
    "nameAbbriv": "SKN",
    "fieldFileDsg": "SC",
    "requestorCode": "80115",
    "faxNumber": null,
    "terminationDate": null
  },
  {
    "officeID": "521",
    "name": "Jackson",
    "addressLineOne": "201 Clinton Road",
    "city": "Jackson",
    "zip": "95642",
    "zip4": "2279",
    "phoneNumber": "9162272970",
    "districtID": "285",
    "effectiveDate": "1994-12-08T00:00:00",
    "nameAbbriv": "JCK",
    "fieldFileDsg": "SC",
    "requestorCode": "86305",
    "faxNumber": null,
    "terminationDate": null
  },
  {
    "officeID": "525",
    "name": "Placerville",
    "addressLineOne": "2919 Cold Springs Road",
    "city": "Placerville",
    "zip": "95667",
    "zip4": "1720",
    "phoneNumber": "9162272970",
    "districtID": "285",
    "effectiveDate": "1995-03-28T00:00:00",
    "nameAbbriv": "PLC",
    "fieldFileDsg": "SC",
    "requestorCode": "86300",
    "faxNumber": null,
    "terminationDate": null
  },
  {
    "officeID": "531",
    "name": "Susanville",
    "addressLineOne": "2615 Main Street",
    "city": "Susanville",
    "zip": "96130",
    "zip4": "4399",
    "phoneNumber": "9162272970",
    "districtID": "285",
    "effectiveDate": "1994-12-08T00:00:00",
    "nameAbbriv": "SUS",
    "fieldFileDsg": "SC",
    "requestorCode": "86306",
    "faxNumber": null,
    "terminationDate": null
  },
  {
    "officeID": "537",
    "name": "Alturas",
    "addressLineOne": "903 West C Street",
    "city": "Alturas",
    "zip": "96101",
    "zip4": "4399",
    "phoneNumber": "9162272970",
    "districtID": "285",
    "effectiveDate": "1994-12-08T00:00:00",
    "nameAbbriv": "ALT",
    "fieldFileDsg": "SC",
    "requestorCode": "86306",
    "faxNumber": null,
    "terminationDate": null
  },
  {
    "officeID": "538",
    "name": "South Lake Tahoe",
    "addressLineOne": "2180 Highway 50, P.O. Box 8976",
    "city": "S. L. Tahoe",
    "zip": "96158",
    "zip4": "4399",
    "phoneNumber": "9162272970",
    "districtID": "285",
    "effectiveDate": "1995-03-28T00:00:00",
    "nameAbbriv": "SLT",
    "fieldFileDsg": "SC",
    "requestorCode": "86300",
    "faxNumber": null,
    "terminationDate": null
  },
  {
    "officeID": "541",
    "name": "Grass Valley",
    "addressLineOne": "11890 Sutton Way",
    "city": "Grass Valley",
    "zip": "95945",
    "zip4": "1720",
    "phoneNumber": "9162272970",
    "districtID": "285",
    "effectiveDate": "1995-03-28T00:00:00",
    "nameAbbriv": "GRV",
    "fieldFileDsg": "SC",
    "requestorCode": "86300",
    "faxNumber": null,
    "terminationDate": null
  },
  {
    "officeID": "544",
    "name": "QuincyDog",
    "addressLineOne": "80 Boston Terrier Way",
    "city": "Quincy",
    "zip": "95971",
    "zip4": "1720",
    "phoneNumber": "9162272970",
    "districtID": "285",
    "effectiveDate": "1994-12-08T00:00:00",
    "nameAbbriv": "QCY",
    "fieldFileDsg": "SC",
    "requestorCode": "86306",
    "faxNumber": null,
    "terminationDate": null
  },
  {
    "officeID": "551",
    "name": "Redding",
    "addressLineOne": "2135 Civic Center Drive Rm 20A",
    "city": "Redding",
    "zip": "96001",
    "zip4": "1720",
    "phoneNumber": "5302290553",
    "districtID": "285",
    "effectiveDate": "1994-12-08T00:00:00",
    "nameAbbriv": "RDG",
    "fieldFileDsg": "SC",
    "requestorCode": "86306",
    "faxNumber": "5302290550",
    "terminationDate": null
  },
  {
    "officeID": "557",
    "name": "Modesto",
    "addressLineOne": "124 Burney Street",
    "city": "Modesto",
    "zip": "95354",
    "zip4": "1720",
    "phoneNumber": "9162272970",
    "districtID": "285",
    "effectiveDate": "1994-12-08T00:00:00",
    "nameAbbriv": "MOD",
    "fieldFileDsg": "SC",
    "requestorCode": "86305",
    "faxNumber": null,
    "terminationDate": null
  },
  {
    "officeID": "558",
    "name": "Red Bluff",
    "addressLineOne": "675 Monroe Street",
    "city": "Red Bluff",
    "zip": "96080",
    "zip4": "1720",
    "phoneNumber": "9162272970",
    "districtID": "285",
    "effectiveDate": "1994-12-08T00:00:00",
    "nameAbbriv": "RDB",
    "fieldFileDsg": "SC",
    "requestorCode": "86306",
    "faxNumber": null,
    "terminationDate": null
  },
  {
    "officeID": "561",
    "name": "Woodland",
    "addressLineOne": "825 East Street, #306",
    "city": "Woodland",
    "zip": "95695",
    "zip4": "1720",
    "phoneNumber": "9162272970",
    "districtID": "285",
    "effectiveDate": "1995-03-28T00:00:00",
    "nameAbbriv": "WDL",
    "fieldFileDsg": "SC",
    "requestorCode": "86300",
    "faxNumber": null,
    "terminationDate": null
  },
  {
    "officeID": "562",
    "name": "Yuba City",
    "addressLineOne": "1570 Poole Boulevard",
    "city": "Yuba City",
    "zip": "95993",
    "zip4": null,
    "phoneNumber": "9162272970",
    "districtID": "285",
    "effectiveDate": "2001-09-18T00:00:00",
    "nameAbbriv": "YCY",
    "fieldFileDsg": "SC",
    "requestorCode": "86306",
    "faxNumber": null,
    "terminationDate": null
  },
  {
    "officeID": "564",
    "name": "Colusa",
    "addressLineOne": "305 Fremont Street",
    "city": "Colusa",
    "zip": "95932",
    "zip4": "2279",
    "phoneNumber": "9162272970",
    "districtID": "285",
    "effectiveDate": "1994-12-08T00:00:00",
    "nameAbbriv": "COL",
    "fieldFileDsg": "SC",
    "requestorCode": "86306",
    "faxNumber": null,
    "terminationDate": null
  },
  {
    "officeID": "568",
    "name": "San Andreas",
    "addressLineOne": "745 Mountain Ranch Road",
    "city": "San Andreas",
    "zip": "95249",
    "zip4": "1720",
    "phoneNumber": "9162272970",
    "districtID": "285",
    "effectiveDate": "1994-12-08T00:00:00",
    "nameAbbriv": "SNA",
    "fieldFileDsg": "SC",
    "requestorCode": "86305",
    "faxNumber": null,
    "terminationDate": null
  },
  {
    "officeID": "569",
    "name": "Sonora",
    "addressLineOne": "885 Morning Star Drive",
    "city": "Sonora",
    "zip": "95370",
    "zip4": "1720",
    "phoneNumber": "9162272970",
    "districtID": "285",
    "effectiveDate": "1994-12-08T00:00:00",
    "nameAbbriv": "SNR",
    "fieldFileDsg": "SC",
    "requestorCode": "86305",
    "faxNumber": null,
    "terminationDate": null
  },
  {
    "officeID": "570",
    "name": "Auburn",
    "addressLineOne": "11722 Enterprise Drive",
    "city": "Auburn",
    "zip": "95603",
    "zip4": "1720",
    "phoneNumber": "9162272970",
    "districtID": "285",
    "effectiveDate": "1995-03-28T00:00:00",
    "nameAbbriv": "AUB",
    "fieldFileDsg": "SC",
    "requestorCode": "86300",
    "faxNumber": null,
    "terminationDate": null
  },
  {
    "officeID": "571",
    "name": "Willows",
    "addressLineOne": "460 N. Humboldt Avenue",
    "city": "Willows",
    "zip": "95988",
    "zip4": "2279",
    "phoneNumber": "9162272970",
    "districtID": "285",
    "effectiveDate": "1994-12-08T00:00:00",
    "nameAbbriv": "WLW",
    "fieldFileDsg": "SC",
    "requestorCode": "86306",
    "faxNumber": null,
    "terminationDate": null
  },
  {
    "officeID": "590",
    "name": "Fort Bragg",
    "addressLineOne": "410 South Franklin Street",
    "city": "Fort Bragg",
    "zip": "95437",
    "zip4": "2279",
    "phoneNumber": "9162272970",
    "districtID": "285",
    "effectiveDate": "1994-12-08T00:00:00",
    "nameAbbriv": "FTB",
    "fieldFileDsg": "SR",
    "requestorCode": "86314",
    "faxNumber": null,
    "terminationDate": null
  },
  {
    "officeID": "598",
    "name": "Davis",
    "addressLineOne": "505 Pole Line Road",
    "city": "Davis",
    "zip": "95616",
    "zip4": "1720",
    "phoneNumber": "9162272970",
    "districtID": "285",
    "effectiveDate": "1995-03-28T00:00:00",
    "nameAbbriv": "DAV",
    "fieldFileDsg": "SC",
    "requestorCode": "86300",
    "faxNumber": null,
    "terminationDate": null
  },
  {
    "officeID": "601",
    "name": "Paradise",
    "addressLineOne": "5921A Clark Road",
    "city": "Paradise",
    "zip": "95969",
    "zip4": "1720",
    "phoneNumber": "9162272970",
    "districtID": "285",
    "effectiveDate": "1994-12-08T00:00:00",
    "nameAbbriv": "PAR",
    "fieldFileDsg": "SC",
    "requestorCode": "86306",
    "faxNumber": "          ",
    "terminationDate": null
  },
  {
    "officeID": "621",
    "name": "Fairfield",
    "addressLineOne": "160 Serrano Drive",
    "city": "Fairfield",
    "zip": "94533",
    "zip4": "    ",
    "phoneNumber": "7074296218",
    "districtID": "285",
    "effectiveDate": "1994-12-09T00:00:00",
    "nameAbbriv": "FRF",
    "fieldFileDsg": "SC",
    "requestorCode": "86523",
    "faxNumber": "7074296251",
    "terminationDate": null
  },
  {
    "officeID": "639",
    "name": "Mount Shasta",
    "addressLineOne": "154 Morgan Way",
    "city": "Mount Shasta",
    "zip": "96067",
    "zip4": "1720",
    "phoneNumber": "9162272970",
    "districtID": "285",
    "effectiveDate": "1994-12-08T00:00:00",
    "nameAbbriv": "MTS",
    "fieldFileDsg": "SC",
    "requestorCode": "86306",
    "faxNumber": null,
    "terminationDate": null
  },
  {
    "officeID": "643",
    "name": "Fall River Mills",
    "addressLineOne": "Highway 299 E.",
    "city": "Fall Rver Mls",
    "zip": "96028",
    "zip4": "2279",
    "phoneNumber": "9162272970",
    "districtID": "285",
    "effectiveDate": "1994-12-08T00:00:00",
    "nameAbbriv": "FRM",
    "fieldFileDsg": "SC",
    "requestorCode": "86306",
    "faxNumber": null,
    "terminationDate": null
  },
  {
    "officeID": "655",
    "name": "Folsom",
    "addressLineOne": "323 E. Bidwell, Suite A",
    "city": "Folsom",
    "zip": "95630",
    "zip4": "1720",
    "phoneNumber": "9162272970",
    "districtID": "285",
    "effectiveDate": "1995-03-28T00:00:00",
    "nameAbbriv": "FOM",
    "fieldFileDsg": "SC",
    "requestorCode": "86300",
    "faxNumber": null,
    "terminationDate": null
  },
  {
    "officeID": "673",
    "name": "Rocklin",
    "addressLineOne": "5245 S. Grove Street",
    "city": "Rocklin",
    "zip": "95677",
    "zip4": "    ",
    "phoneNumber": "9166245194",
    "districtID": "285",
    "effectiveDate": "2002-04-04T00:00:00",
    "nameAbbriv": "ROC",
    "fieldFileDsg": "SC",
    "requestorCode": "86300",
    "faxNumber": "9166245197",
    "terminationDate": null
  }
]