[
  {
    "empid": 13,
    "userID": "MWAMY   ",
    "shortID": "AMY",
    "firstName": "Ardene",
    "middleName": "M",
    "lastName": "Yamakawa",
    "nameSuffix": "   ",
    "officeID": "285",
    "dateUpdated": null,
    "lastUpdBy": null,
    "classification": "H",
    "employeeClass": "8727      ",
    "dateTerminated": null,
    "loanFlag": false,
    "transferFlag": false,
    "transferOffice": "   ",
    "transferDate": null,
    "loanOffice": "   ",
    "loanStart": null,
    "loanEnd": null,
    "officeList": null,
    "classificationList": null,
    "classList": null
  },
  {
    "empid": 21,
    "userID": "MWAL    ",
    "shortID": "AXL",
    "firstName": "Andrew",
    "middleName": null,
    "lastName": "Lee",
    "nameSuffix": "   ",
    "officeID": "285",
    "dateUpdated": null,
    "lastUpdBy": null,
    "classification": "M",
    "employeeClass": "8728      ",
    "dateTerminated": null,
    "loanFlag": false,
    "transferFlag": false,
    "transferOffice": null,
    "transferDate": null,
    "loanOffice": null,
    "loanStart": null,
    "loanEnd": null,
    "officeList": null,
    "classificationList": null,
    "classList": null
  },
  {
    "empid": 22,
    "userID": "MWAS    ",
    "shortID": "AXS",
    "firstName": "Aurora",
    "middleName": "",
    "lastName": "Sandoval",
    "nameSuffix": "   ",
    "officeID": "285",
    "dateUpdated": null,
    "lastUpdBy": null,
    "classification": "S",
    "employeeClass": "1897      ",
    "dateTerminated": null,
    "loanFlag": false,
    "transferFlag": false,
    "transferOffice": "   ",
    "transferDate": null,
    "loanOffice": "   ",
    "loanStart": null,
    "loanEnd": null,
    "officeList": null,
    "classificationList": null,
    "classList": null
  },
  {
    "empid": 23,
    "userID": "MWAYC3  ",
    "shortID": "AYC",
    "firstName": "Allan",
    "middleName": "Y",
    "lastName": "Cai",
    "nameSuffix": "   ",
    "officeID": "285",
    "dateUpdated": null,
    "lastUpdBy": null,
    "classification": "H",
    "employeeClass": "8727      ",
    "dateTerminated": null,
    "loanFlag": false,
    "transferFlag": false,
    "transferOffice": "   ",
    "transferDate": null,
    "loanOffice": "   ",
    "loanStart": null,
    "loanEnd": null,
    "officeList": null,
    "classificationList": null,
    "classList": null
  },
  {
    "empid": 27,
    "userID": "MWBEK   ",
    "shortID": "BEK",
    "firstName": "Barbara",
    "middleName": "E",
    "lastName": "Klag",
    "nameSuffix": null,
    "officeID": "285",
    "dateUpdated": null,
    "lastUpdBy": null,
    "classification": "H",
    "employeeClass": "8727      ",
    "dateTerminated": null,
    "loanFlag": false,
    "transferFlag": false,
    "transferOffice": null,
    "transferDate": null,
    "loanOffice": null,
    "loanStart": null,
    "loanEnd": null,
    "officeList": null,
    "classificationList": null,
    "classList": null
  },
  {
    "empid": 33,
    "userID": "MWBMC   ",
    "shortID": "BMC",
    "firstName": "Betty",
    "middleName": "M",
    "lastName": "Clark",
    "nameSuffix": "   ",
    "officeID": "285",
    "dateUpdated": null,
    "lastUpdBy": null,
    "classification": "M",
    "employeeClass": "1766      ",
    "dateTerminated": null,
    "loanFlag": false,
    "transferFlag": false,
    "transferOffice": null,
    "transferDate": null,
    "loanOffice": null,
    "loanStart": null,
    "loanEnd": null,
    "officeList": null,
    "classificationList": null,
    "classList": null
  },
  {
    "empid": 38,
    "userID": "MWBXB   ",
    "shortID": "BXB",
    "firstName": "Bruce",
    "middleName": null,
    "lastName": "Bartholomew",
    "nameSuffix": "   ",
    "officeID": "285",
    "dateUpdated": null,
    "lastUpdBy": null,
    "classification": "H",
    "employeeClass": "8727      ",
    "dateTerminated": null,
    "loanFlag": false,
    "transferFlag": false,
    "transferOffice": null,
    "transferDate": null,
    "loanOffice": null,
    "loanStart": null,
    "loanEnd": null,
    "officeList": null,
    "classificationList": null,
    "classList": null
  },
  {
    "empid": 39,
    "userID": "MWBWM   ",
    "shortID": "BXM",
    "firstName": "Bob",
    "middleName": "",
    "lastName": "Maser",
    "nameSuffix": "   ",
    "officeID": "285",
    "dateUpdated": null,
    "lastUpdBy": null,
    "classification": "S",
    "employeeClass": "1897      ",
    "dateTerminated": null,
    "loanFlag": false,
    "transferFlag": false,
    "transferOffice": "   ",
    "transferDate": null,
    "loanOffice": "   ",
    "loanStart": null,
    "loanEnd": null,
    "officeList": null,
    "classificationList": null,
    "classList": null
  },
  {
    "empid": 48,
    "userID": "MWCKW   ",
    "shortID": "CKW",
    "firstName": "Chung",
    "middleName": "K",
    "lastName": "Wong",
    "nameSuffix": null,
    "officeID": "285",
    "dateUpdated": null,
    "lastUpdBy": null,
    "classification": "M",
    "employeeClass": "8729      ",
    "dateTerminated": null,
    "loanFlag": false,
    "transferFlag": false,
    "transferOffice": null,
    "transferDate": null,
    "loanOffice": null,
    "loanStart": null,
    "loanEnd": null,
    "officeList": null,
    "classificationList": null,
    "classList": null
  },
  {
    "empid": 67,
    "userID": "MWDGE   ",
    "shortID": "DGE",
    "firstName": "Daniel",
    "middleName": "G",
    "lastName": "Emick",
    "nameSuffix": "   ",
    "officeID": "285",
    "dateUpdated": null,
    "lastUpdBy": null,
    "classification": "H",
    "employeeClass": "8727      ",
    "dateTerminated": null,
    "loanFlag": false,
    "transferFlag": false,
    "transferOffice": "   ",
    "transferDate": null,
    "loanOffice": "   ",
    "loanStart": null,
    "loanEnd": null,
    "officeList": null,
    "classificationList": null,
    "classList": null
  },
  {
    "empid": 76,
    "userID": "MWDXO3  ",
    "shortID": "DXO",
    "firstName": "Dmitriy",
    "middleName": "",
    "lastName": "Oleshko",
    "nameSuffix": "   ",
    "officeID": "285",
    "dateUpdated": null,
    "lastUpdBy": null,
    "classification": "H",
    "employeeClass": "8727      ",
    "dateTerminated": null,
    "loanFlag": false,
    "transferFlag": false,
    "transferOffice": "   ",
    "transferDate": null,
    "loanOffice": "   ",
    "loanStart": null,
    "loanEnd": null,
    "officeList": null,
    "classificationList": null,
    "classList": null
  },
  {
    "empid": 85,
    "userID": "MWERG   ",
    "shortID": "ERG",
    "firstName": "Eilene",
    "middleName": "R",
    "lastName": "Gilbertson",
    "nameSuffix": "   ",
    "officeID": "285",
    "dateUpdated": null,
    "lastUpdBy": null,
    "classification": "S",
    "employeeClass": "1897      ",
    "dateTerminated": null,
    "loanFlag": false,
    "transferFlag": false,
    "transferOffice": null,
    "transferDate": null,
    "loanOffice": null,
    "loanStart": null,
    "loanEnd": null,
    "officeList": null,
    "classificationList": null,
    "classList": null
  },
  {
    "empid": 97,
    "userID": "MWGAL   ",
    "shortID": "GAL",
    "firstName": "Gloria",
    "middleName": "A",
    "lastName": "Luevano",
    "nameSuffix": "   ",
    "officeID": "285",
    "dateUpdated": null,
    "lastUpdBy": null,
    "classification": "S",
    "employeeClass": "1897      ",
    "dateTerminated": null,
    "loanFlag": false,
    "transferFlag": false,
    "transferOffice": null,
    "transferDate": null,
    "loanOffice": null,
    "loanStart": null,
    "loanEnd": null,
    "officeList": null,
    "classificationList": null,
    "classList": null
  },
  {
    "empid": 117,
    "userID": "MWHGB   ",
    "shortID": "HGB",
    "firstName": "Homer",
    "middleName": "G",
    "lastName": "Black",
    "nameSuffix": null,
    "officeID": "285",
    "dateUpdated": null,
    "lastUpdBy": null,
    "classification": "M",
    "employeeClass": "8729      ",
    "dateTerminated": null,
    "loanFlag": false,
    "transferFlag": false,
    "transferOffice": null,
    "transferDate": null,
    "loanOffice": null,
    "loanStart": null,
    "loanEnd": null,
    "officeList": null,
    "classificationList": null,
    "classList": null
  },
  {
    "empid": 138,
    "userID": "MVJFP   ",
    "shortID": "JFP",
    "firstName": "Janice",
    "middleName": "F",
    "lastName": "Prince",
    "nameSuffix": "   ",
    "officeID": "285",
    "dateUpdated": null,
    "lastUpdBy": null,
    "classification": "H",
    "employeeClass": "8727      ",
    "dateTerminated": null,
    "loanFlag": false,
    "transferFlag": false,
    "transferOffice": null,
    "transferDate": null,
    "loanOffice": null,
    "loanStart": null,
    "loanEnd": null,
    "officeList": null,
    "classificationList": null,
    "classList": null
  },
  {
    "empid": 141,
    "userID": "MVJJH1  ",
    "shortID": "JJH",
    "firstName": "John",
    "middleName": null,
    "lastName": "Henderson",
    "nameSuffix": "   ",
    "officeID": "285",
    "dateUpdated": null,
    "lastUpdBy": null,
    "classification": "H",
    "employeeClass": "8727      ",
    "dateTerminated": null,
    "loanFlag": false,
    "transferFlag": false,
    "transferOffice": null,
    "transferDate": null,
    "loanOffice": null,
    "loanStart": null,
    "loanEnd": null,
    "officeList": null,
    "classificationList": null,
    "classList": null
  },
  {
    "empid": 145,
    "userID": "MWJNO   ",
    "shortID": "JNO",
    "firstName": "Joseph",
    "middleName": "N",
    "lastName": "O'Flaherty",
    "nameSuffix": "   ",
    "officeID": "285",
    "dateUpdated": null,
    "lastUpdBy": null,
    "classification": "H",
    "employeeClass": "8727      ",
    "dateTerminated": null,
    "loanFlag": false,
    "transferFlag": false,
    "transferOffice": null,
    "transferDate": null,
    "loanOffice": null,
    "loanStart": null,
    "loanEnd": null,
    "officeList": null,
    "classificationList": null,
    "classList": null
  },
  {
    "empid": 156,
    "userID": "MWJYW1  ",
    "shortID": "JYW",
    "firstName": "Janie",
    "middleName": "Y",
    "lastName": "Wong",
    "nameSuffix": "   ",
    "officeID": "285",
    "dateUpdated": null,
    "lastUpdBy": null,
    "classification": "M",
    "employeeClass": "8729      ",
    "dateTerminated": null,
    "loanFlag": false,
    "transferFlag": false,
    "transferOffice": "   ",
    "transferDate": null,
    "loanOffice": "   ",
    "loanStart": null,
    "loanEnd": null,
    "officeList": null,
    "classificationList": null,
    "classList": null
  },
  {
    "empid": 168,
    "userID": "MWKNT1  ",
    "shortID": "KNT",
    "firstName": "Khanh",
    "middleName": "N",
    "lastName": "Tran",
    "nameSuffix": "   ",
    "officeID": "285",
    "dateUpdated": null,
    "lastUpdBy": null,
    "classification": "M",
    "employeeClass": "8729      ",
    "dateTerminated": null,
    "loanFlag": false,
    "transferFlag": false,
    "transferOffice": "   ",
    "transferDate": null,
    "loanOffice": "   ",
    "loanStart": null,
    "loanEnd": null,
    "officeList": null,
    "classificationList": null,
    "classList": null
  },
  {
    "empid": 171,
    "userID": "MVKXH   ",
    "shortID": "KXH",
    "firstName": "Ken",
    "middleName": "",
    "lastName": "Hom",
    "nameSuffix": "   ",
    "officeID": "285",
    "dateUpdated": null,
    "lastUpdBy": null,
    "classification": "H",
    "employeeClass": "8727      ",
    "dateTerminated": null,
    "loanFlag": false,
    "transferFlag": false,
    "transferOffice": "   ",
    "transferDate": null,
    "loanOffice": "   ",
    "loanStart": null,
    "loanEnd": null,
    "officeList": null,
    "classificationList": null,
    "classList": null
  },
  {
    "empid": 178,
    "userID": "MWLDS   ",
    "shortID": "LDS",
    "firstName": "Lydia",
    "middleName": "D",
    "lastName": "Shaull",
    "nameSuffix": "   ",
    "officeID": "285",
    "dateUpdated": null,
    "lastUpdBy": null,
    "classification": "H",
    "employeeClass": "8727      ",
    "dateTerminated": null,
    "loanFlag": false,
    "transferFlag": false,
    "transferOffice": null,
    "transferDate": null,
    "loanOffice": null,
    "loanStart": null,
    "loanEnd": null,
    "officeList": null,
    "classificationList": null,
    "classList": null
  },
  {
    "empid": 190,
    "userID": "MWLMH1  ",
    "shortID": "LMH",
    "firstName": "Linda",
    "middleName": "M",
    "lastName": "Hall",
    "nameSuffix": "   ",
    "officeID": "285",
    "dateUpdated": null,
    "lastUpdBy": null,
    "classification": "H",
    "employeeClass": "8727      ",
    "dateTerminated": null,
    "loanFlag": false,
    "transferFlag": false,
    "transferOffice": null,
    "transferDate": null,
    "loanOffice": null,
    "loanStart": null,
    "loanEnd": null,
    "officeList": null,
    "classificationList": null,
    "classList": null
  },
  {
    "empid": 220,
    "userID": "MWMPG4  ",
    "shortID": "MPG",
    "firstName": "Michael",
    "middleName": null,
    "lastName": "Grahn",
    "nameSuffix": "   ",
    "officeID": "285",
    "dateUpdated": null,
    "lastUpdBy": null,
    "classification": "R",
    "employeeClass": "8727      ",
    "dateTerminated": null,
    "loanFlag": false,
    "transferFlag": false,
    "transferOffice": null,
    "transferDate": null,
    "loanOffice": null,
    "loanStart": null,
    "loanEnd": null,
    "officeList": null,
    "classificationList": null,
    "classList": null
  },
  {
    "empid": 237,
    "userID": "MWPAH   ",
    "shortID": "PAH",
    "firstName": "Patricia",
    "middleName": "A",
    "lastName": "House",
    "nameSuffix": "   ",
    "officeID": "285",
    "dateUpdated": null,
    "lastUpdBy": null,
    "classification": "H",
    "employeeClass": "8727      ",
    "dateTerminated": null,
    "loanFlag": false,
    "transferFlag": false,
    "transferOffice": null,
    "transferDate": null,
    "loanOffice": null,
    "loanStart": null,
    "loanEnd": null,
    "officeList": null,
    "classificationList": null,
    "classList": null
  },
  {
    "empid": 255,
    "userID": "MWREH   ",
    "shortID": "REH",
    "firstName": "Russell",
    "middleName": "E",
    "lastName": "Haste",
    "nameSuffix": "   ",
    "officeID": "285",
    "dateUpdated": null,
    "lastUpdBy": null,
    "classification": "H",
    "employeeClass": "8727      ",
    "dateTerminated": null,
    "loanFlag": false,
    "transferFlag": false,
    "transferOffice": null,
    "transferDate": null,
    "loanOffice": null,
    "loanStart": null,
    "loanEnd": null,
    "officeList": null,
    "classificationList": null,
    "classList": null
  },
  {
    "empid": 273,
    "userID": "MWRTR   ",
    "shortID": "RTR",
    "firstName": "Rico",
    "middleName": "T",
    "lastName": "Rubiono",
    "nameSuffix": null,
    "officeID": "285",
    "dateUpdated": null,
    "lastUpdBy": null,
    "classification": "H",
    "employeeClass": "8727      ",
    "dateTerminated": null,
    "loanFlag": false,
    "transferFlag": false,
    "transferOffice": null,
    "transferDate": null,
    "loanOffice": null,
    "loanStart": null,
    "loanEnd": null,
    "officeList": null,
    "classificationList": null,
    "classList": null
  },
  {
    "empid": 293,
    "userID": "MWSLP1  ",
    "shortID": "SPX",
    "firstName": "Steven",
    "middleName": "L",
    "lastName": "Price",
    "nameSuffix": "   ",
    "officeID": "285",
    "dateUpdated": null,
    "lastUpdBy": null,
    "classification": "H",
    "employeeClass": "8727      ",
    "dateTerminated": null,
    "loanFlag": false,
    "transferFlag": false,
    "transferOffice": "   ",
    "transferDate": null,
    "loanOffice": "   ",
    "loanStart": null,
    "loanEnd": null,
    "officeList": null,
    "classificationList": null,
    "classList": null
  },
  {
    "empid": 304,
    "userID": "MWTXH   ",
    "shortID": "TXH",
    "firstName": "Tricia",
    "middleName": "",
    "lastName": "Hollingsworth",
    "nameSuffix": "   ",
    "officeID": "285",
    "dateUpdated": null,
    "lastUpdBy": null,
    "classification": "H",
    "employeeClass": "8727      ",
    "dateTerminated": null,
    "loanFlag": false,
    "transferFlag": false,
    "transferOffice": null,
    "transferDate": null,
    "loanOffice": null,
    "loanStart": null,
    "loanEnd": null,
    "officeList": null,
    "classificationList": null,
    "classList": null
  },
  {
    "empid": 307,
    "userID": "MWVAB1  ",
    "shortID": "VAB",
    "firstName": "Virginia",
    "middleName": null,
    "lastName": "Bolton",
    "nameSuffix": null,
    "officeID": "285",
    "dateUpdated": null,
    "lastUpdBy": null,
    "classification": "H",
    "employeeClass": "8727      ",
    "dateTerminated": null,
    "loanFlag": false,
    "transferFlag": false,
    "transferOffice": null,
    "transferDate": null,
    "loanOffice": null,
    "loanStart": null,
    "loanEnd": null,
    "officeList": null,
    "classificationList": null,
    "classList": null
  },
  {
    "empid": 313,
    "userID": "MWVLJ1  ",
    "shortID": "VLJ",
    "firstName": "Latrease",
    "middleName": "",
    "lastName": "Jordan",
    "nameSuffix": "   ",
    "officeID": "285",
    "dateUpdated": null,
    "lastUpdBy": null,
    "classification": "H",
    "employeeClass": "8727      ",
    "dateTerminated": null,
    "loanFlag": false,
    "transferFlag": false,
    "transferOffice": "   ",
    "transferDate": null,
    "loanOffice": "   ",
    "loanStart": null,
    "loanEnd": null,
    "officeList": null,
    "classificationList": null,
    "classList": null
  },
  {
    "empid": 319,
    "userID": "MWVXT1  ",
    "shortID": "VXT",
    "firstName": "Valerie",
    "middleName": null,
    "lastName": "Toy-Wong",
    "nameSuffix": "   ",
    "officeID": "285",
    "dateUpdated": null,
    "lastUpdBy": null,
    "classification": "H",
    "employeeClass": "8727      ",
    "dateTerminated": null,
    "loanFlag": false,
    "transferFlag": false,
    "transferOffice": null,
    "transferDate": null,
    "loanOffice": null,
    "loanStart": null,
    "loanEnd": null,
    "officeList": null,
    "classificationList": null,
    "classList": null
  },
  {
    "empid": 325,
    "userID": "MWWTB   ",
    "shortID": "WTB",
    "firstName": "William",
    "middleName": "T",
    "lastName": "Boyd",
    "nameSuffix": "   ",
    "officeID": "285",
    "dateUpdated": null,
    "lastUpdBy": null,
    "classification": "H",
    "employeeClass": "8727      ",
    "dateTerminated": null,
    "loanFlag": false,
    "transferFlag": false,
    "transferOffice": "   ",
    "transferDate": null,
    "loanOffice": "   ",
    "loanStart": null,
    "loanEnd": null,
    "officeList": null,
    "classificationList": null,
    "classList": null
  },
  {
    "empid": 326,
    "userID": "MWWWS   ",
    "shortID": "WWS",
    "firstName": "Walter",
    "middleName": "W",
    "lastName": "Skinner",
    "nameSuffix": "   ",
    "officeID": "285",
    "dateUpdated": null,
    "lastUpdBy": null,
    "classification": "H",
    "employeeClass": "8727      ",
    "dateTerminated": null,
    "loanFlag": false,
    "transferFlag": false,
    "transferOffice": "   ",
    "transferDate": null,
    "loanOffice": "   ",
    "loanStart": null,
    "loanEnd": null,
    "officeList": null,
    "classificationList": null,
    "classList": null
  },
  {
    "empid": 327,
    "userID": "MWDWS4  ",
    "shortID": "DWS",
    "firstName": "David",
    "middleName": "W",
    "lastName": "Schmidt",
    "nameSuffix": "   ",
    "officeID": "285",
    "dateUpdated": null,
    "lastUpdBy": null,
    "classification": "H",
    "employeeClass": "8727      ",
    "dateTerminated": null,
    "loanFlag": false,
    "transferFlag": false,
    "transferOffice": "   ",
    "transferDate": null,
    "loanOffice": "   ",
    "loanStart": null,
    "loanEnd": null,
    "officeList": null,
    "classificationList": null,
    "classList": null
  },
  {
    "empid": 332,
    "userID": "MWACA4  ",
    "shortID": "ACA",
    "firstName": "Albert a",
    "middleName": "C",
    "lastName": "Aguilar",
    "nameSuffix": "III",
    "officeID": "285",
    "dateUpdated": null,
    "lastUpdBy": null,
    "classification": "S",
    "employeeClass": "1897      ",
    "dateTerminated": null,
    "loanFlag": false,
    "transferFlag": false,
    "transferOffice": null,
    "transferDate": null,
    "loanOffice": null,
    "loanStart": null,
    "loanEnd": null,
    "officeList": null,
    "classificationList": null,
    "classList": null
  },
  {
    "empid": 390,
    "userID": "MWSXB20 ",
    "shortID": "SXB",
    "firstName": "Soumya",
    "middleName": null,
    "lastName": "Boddu",
    "nameSuffix": "   ",
    "officeID": "285",
    "dateUpdated": null,
    "lastUpdBy": null,
    "classification": "D",
    "employeeClass": "8727      ",
    "dateTerminated": null,
    "loanFlag": false,
    "transferFlag": false,
    "transferOffice": null,
    "transferDate": null,
    "loanOffice": null,
    "loanStart": null,
    "loanEnd": null,
    "officeList": null,
    "classificationList": null,
    "classList": null
  },
  {
    "empid": 334,
    "userID": "mwxxx5  ",
    "shortID": "xx5",
    "firstName": "test",
    "middleName": "b",
    "lastName": "test",
    "nameSuffix": "jr ",
    "officeID": "285",
    "dateUpdated": null,
    "lastUpdBy": null,
    "classification": "S",
    "employeeClass": "1897      ",
    "dateTerminated": null,
    "loanFlag": false,
    "transferFlag": false,
    "transferOffice": null,
    "transferDate": null,
    "loanOffice": null,
    "loanStart": null,
    "loanEnd": null,
    "officeList": null,
    "classificationList": null,
    "classList": null
  },
  {
    "empid": 388,
    "userID": "MWMPG4X ",
    "shortID": "MPX",
    "firstName": "Michael",
    "middleName": null,
    "lastName": "Grahn",
    "nameSuffix": "   ",
    "officeID": "285",
    "dateUpdated": null,
    "lastUpdBy": null,
    "classification": "D",
    "employeeClass": "8727      ",
    "dateTerminated": null,
    "loanFlag": false,
    "transferFlag": false,
    "transferOffice": null,
    "transferDate": null,
    "loanOffice": null,
    "loanStart": null,
    "loanEnd": null,
    "officeList": null,
    "classificationList": null,
    "classList": null
  },
  {
    "empid": 383,
    "userID": "MWNXN3  ",
    "shortID": "NXN",
    "firstName": "Deno",
    "middleName": "P",
    "lastName": "Nguyen",
    "nameSuffix": "   ",
    "officeID": "285",
    "dateUpdated": null,
    "lastUpdBy": null,
    "classification": "H",
    "employeeClass": "8727      ",
    "dateTerminated": null,
    "loanFlag": false,
    "transferFlag": false,
    "transferOffice": null,
    "transferDate": null,
    "loanOffice": null,
    "loanStart": null,
    "loanEnd": null,
    "officeList": null,
    "classificationList": null,
    "classList": null
  }
]