{
  "defultAppointment": {
    "appointmentId": 0,
    "reacurrenceNumber": 0,
    "activityType": "A",
    "dayType": null,
    "dayOfTheWeek": null,
    "empId": 0,
    "monthOfTheYear": null,
    "dayOfTheMonth": null,
    "occuranceType": null,
    "updatedBy": null,
    "startTime": "2018-09-04T00:00:00-07:00",
    "endTime": "2018-09-04T00:00:00-07:00",
    "dateUpdated": null,
    "isDispayComment": false,
    "comment": null,
    "appointmentNumber": null,
    "isAllDay": false
  },
  "activityTypeList": [
    {
      "activityTypeId": 1,
      "code": "C",
      "description": "ATO",
      "abbriviation": "ATO",
      "types": "H",
      "isConfidential": false,
      "teminationDate": null,
      "updatedBy": null,
      "updateDate": null
    },
    {
      "activityTypeId": 2,
      "code": "G",
      "description": "CTO",
      "abbriviation": "CTO",
      "types": "H",
      "isConfidential": false,
      "teminationDate": null,
      "updatedBy": null,
      "updateDate": null
    },
    {
      "activityTypeId": 3,
      "code": "P",
      "description": "Reports",
      "abbriviation": "RPT",
      "types": "H",
      "isConfidential": false,
      "teminationDate": null,
      "updatedBy": null,
      "updateDate": null
    },
    {
      "activityTypeId": 4,
      "code": "W",
      "description": "Training",
      "abbriviation": "TRG",
      "types": "H",
      "isConfidential": false,
      "teminationDate": null,
      "updatedBy": null,
      "updateDate": null
    },
    {
      "activityTypeId": 5,
      "code": "Y",
      "description": "Vacation",
      "abbriviation": "VAC",
      "types": "H",
      "isConfidential": false,
      "teminationDate": null,
      "updatedBy": null,
      "updateDate": null
    },
    {
      "activityTypeId": 6,
      "code": "Z",
      "description": "Other",
      "abbriviation": "OTH",
      "types": "H",
      "isConfidential": false,
      "teminationDate": null,
      "updatedBy": null,
      "updateDate": null
    },
    {
      "activityTypeId": 7,
      "code": "U",
      "description": "Meeting",
      "abbriviation": "MTG",
      "types": "H",
      "isConfidential": false,
      "teminationDate": null,
      "updatedBy": null,
      "updateDate": null
    },
    {
      "activityTypeId": 8,
      "code": "C",
      "description": "ATO",
      "abbriviation": "ATO",
      "types": "S",
      "isConfidential": false,
      "teminationDate": null,
      "updatedBy": null,
      "updateDate": null
    },
    {
      "activityTypeId": 9,
      "code": "G",
      "description": "CTO",
      "abbriviation": "CTO",
      "types": "S",
      "isConfidential": false,
      "teminationDate": null,
      "updatedBy": null,
      "updateDate": null
    },
    {
      "activityTypeId": 10,
      "code": "P",
      "description": "Reports",
      "abbriviation": "RPT",
      "types": "S",
      "isConfidential": false,
      "teminationDate": null,
      "updatedBy": null,
      "updateDate": null
    },
    {
      "activityTypeId": 11,
      "code": "U",
      "description": "Meeting",
      "abbriviation": "MTG",
      "types": "S",
      "isConfidential": false,
      "teminationDate": null,
      "updatedBy": null,
      "updateDate": null
    },
    {
      "activityTypeId": 12,
      "code": "W",
      "description": "Training",
      "abbriviation": "TRG",
      "types": "S",
      "isConfidential": false,
      "teminationDate": null,
      "updatedBy": null,
      "updateDate": null
    },
    {
      "activityTypeId": 13,
      "code": "Y",
      "description": "Vacation",
      "abbriviation": "VAC",
      "types": "S",
      "isConfidential": false,
      "teminationDate": null,
      "updatedBy": null,
      "updateDate": null
    },
    {
      "activityTypeId": 14,
      "code": "Z",
      "description": "Other",
      "abbriviation": "OTH",
      "types": "S",
      "isConfidential": false,
      "teminationDate": null,
      "updatedBy": null,
      "updateDate": null
    },
    {
      "activityTypeId": 15,
      "code": "3",
      "description": "Project",
      "abbriviation": "PRJ",
      "types": "H",
      "isConfidential": false,
      "teminationDate": null,
      "updatedBy": null,
      "updateDate": null
    },
    {
      "activityTypeId": 16,
      "code": "3",
      "description": "Project",
      "abbriviation": "PRJ",
      "types": "S",
      "isConfidential": false,
      "teminationDate": null,
      "updatedBy": null,
      "updateDate": null
    },
    {
      "activityTypeId": 17,
      "code": "D",
      "description": "AWOL",
      "abbriviation": "AWL",
      "types": "H",
      "isConfidential": true,
      "teminationDate": null,
      "updatedBy": null,
      "updateDate": null
    },
    {
      "activityTypeId": 18,
      "code": "D",
      "description": "AWOL",
      "abbriviation": "AWL",
      "types": "S",
      "isConfidential": true,
      "teminationDate": null,
      "updatedBy": null,
      "updateDate": null
    },
    {
      "activityTypeId": 19,
      "code": "H",
      "description": "Dock",
      "abbriviation": "DCK",
      "types": "H",
      "isConfidential": true,
      "teminationDate": null,
      "updatedBy": null,
      "updateDate": null
    },
    {
      "activityTypeId": 20,
      "code": "H",
      "description": "Dock",
      "abbriviation": "DCK",
      "types": "S",
      "isConfidential": true,
      "teminationDate": null,
      "updatedBy": null,
      "updateDate": null
    },
    {
      "activityTypeId": 21,
      "code": "2",
      "description": "Bereavement",
      "abbriviation": "BER",
      "types": "H",
      "isConfidential": true,
      "teminationDate": null,
      "updatedBy": null,
      "updateDate": null
    },
    {
      "activityTypeId": 22,
      "code": "2",
      "description": "Bereavement",
      "abbriviation": "BER",
      "types": "S",
      "isConfidential": true,
      "teminationDate": null,
      "updatedBy": null,
      "updateDate": null
    },
    {
      "activityTypeId": 23,
      "code": "1",
      "description": "Saturday workday off",
      "abbriviation": "SWD",
      "types": "H",
      "isConfidential": false,
      "teminationDate": null,
      "updatedBy": null,
      "updateDate": null
    },
    {
      "activityTypeId": 24,
      "code": "1",
      "description": "Saturday workday off",
      "abbriviation": "SWD",
      "types": "S",
      "isConfidential": false,
      "teminationDate": null,
      "updatedBy": null,
      "updateDate": null
    },
    {
      "activityTypeId": 25,
      "code": "4",
      "description": "Center desk",
      "abbriviation": "CDK",
      "types": "H",
      "isConfidential": false,
      "teminationDate": null,
      "updatedBy": null,
      "updateDate": null
    },
    {
      "activityTypeId": 26,
      "code": "4",
      "description": "Center desk",
      "abbriviation": "CDK",
      "types": "S",
      "isConfidential": false,
      "teminationDate": null,
      "updatedBy": null,
      "updateDate": null
    },
    {
      "activityTypeId": 27,
      "code": "5",
      "description": "Subpoenaed witness",
      "abbriviation": "SUB",
      "types": "H",
      "isConfidential": false,
      "teminationDate": null,
      "updatedBy": null,
      "updateDate": null
    },
    {
      "activityTypeId": 28,
      "code": "5",
      "description": "Subpoenaed witness",
      "abbriviation": "SUB",
      "types": "S",
      "isConfidential": false,
      "teminationDate": null,
      "updatedBy": null,
      "updateDate": null
    },
    {
      "activityTypeId": 29,
      "code": "A",
      "description": "Admin assignment",
      "abbriviation": "ADM",
      "types": "H",
      "isConfidential": false,
      "teminationDate": null,
      "updatedBy": null,
      "updateDate": null
    },
    {
      "activityTypeId": 30,
      "code": "A",
      "description": "Admin assignment",
      "abbriviation": "ADM",
      "types": "S",
      "isConfidential": false,
      "teminationDate": null,
      "updatedBy": null,
      "updateDate": null
    },
    {
      "activityTypeId": 31,
      "code": "B",
      "description": "Annual leave",
      "abbriviation": "ALV",
      "types": "H",
      "isConfidential": false,
      "teminationDate": null,
      "updatedBy": null,
      "updateDate": null
    },
    {
      "activityTypeId": 32,
      "code": "B",
      "description": "Annual leave",
      "abbriviation": "ALV",
      "types": "S",
      "isConfidential": false,
      "teminationDate": null,
      "updatedBy": null,
      "updateDate": null
    },
    {
      "activityTypeId": 33,
      "code": "F",
      "description": "Same day contact",
      "abbriviation": "SDC",
      "types": "H",
      "isConfidential": false,
      "teminationDate": null,
      "updatedBy": null,
      "updateDate": null
    },
    {
      "activityTypeId": 34,
      "code": "F",
      "description": "Same day contact",
      "abbriviation": "SDC",
      "types": "S",
      "isConfidential": false,
      "teminationDate": null,
      "updatedBy": null,
      "updateDate": null
    },
    {
      "activityTypeId": 35,
      "code": "I",
      "description": "Excess hours used",
      "abbriviation": "EHU",
      "types": "H",
      "isConfidential": false,
      "teminationDate": null,
      "updatedBy": null,
      "updateDate": null
    },
    {
      "activityTypeId": 36,
      "code": "I",
      "description": "Excess hours used",
      "abbriviation": "EHU",
      "types": "S",
      "isConfidential": false,
      "teminationDate": null,
      "updatedBy": null,
      "updateDate": null
    },
    {
      "activityTypeId": 37,
      "code": "J",
      "description": "Jury duty",
      "abbriviation": "JRD",
      "types": "H",
      "isConfidential": false,
      "teminationDate": null,
      "updatedBy": null,
      "updateDate": null
    },
    {
      "activityTypeId": 38,
      "code": "J",
      "description": "Jury duty",
      "abbriviation": "JRD",
      "types": "S",
      "isConfidential": false,
      "teminationDate": null,
      "updatedBy": null,
      "updateDate": null
    },
    {
      "activityTypeId": 39,
      "code": "K",
      "description": "Loaned hours",
      "abbriviation": "LHR",
      "types": "H",
      "isConfidential": false,
      "teminationDate": null,
      "updatedBy": null,
      "updateDate": null
    },
    {
      "activityTypeId": 40,
      "code": "K",
      "description": "Loaned hours",
      "abbriviation": "LHR",
      "types": "S",
      "isConfidential": false,
      "teminationDate": null,
      "updatedBy": null,
      "updateDate": null
    },
    {
      "activityTypeId": 41,
      "code": "L",
      "description": "Military leave",
      "abbriviation": "MLV",
      "types": "H",
      "isConfidential": false,
      "teminationDate": null,
      "updatedBy": null,
      "updateDate": null
    },
    {
      "activityTypeId": 42,
      "code": "L",
      "description": "Military leave",
      "abbriviation": "MLV",
      "types": "S",
      "isConfidential": false,
      "teminationDate": null,
      "updatedBy": null,
      "updateDate": null
    },
    {
      "activityTypeId": 43,
      "code": "M",
      "description": "On-the-job inj",
      "abbriviation": "OJI",
      "types": "H",
      "isConfidential": false,
      "teminationDate": null,
      "updatedBy": null,
      "updateDate": null
    },
    {
      "activityTypeId": 44,
      "code": "M",
      "description": "On-the-job inj",
      "abbriviation": "OJI",
      "types": "S",
      "isConfidential": false,
      "teminationDate": null,
      "updatedBy": null,
      "updateDate": null
    },
    {
      "activityTypeId": 45,
      "code": "N",
      "description": "Personal holiday",
      "abbriviation": "PHL",
      "types": "H",
      "isConfidential": false,
      "teminationDate": null,
      "updatedBy": null,
      "updateDate": null
    },
    {
      "activityTypeId": 46,
      "code": "N",
      "description": "Personal holiday",
      "abbriviation": "PHL",
      "types": "S",
      "isConfidential": false,
      "teminationDate": null,
      "updatedBy": null,
      "updateDate": null
    },
    {
      "activityTypeId": 47,
      "code": "O",
      "description": "Personal leave credit",
      "abbriviation": "PLC",
      "types": "H",
      "isConfidential": false,
      "teminationDate": null,
      "updatedBy": null,
      "updateDate": null
    },
    {
      "activityTypeId": 48,
      "code": "O",
      "description": "Personal leave credit",
      "abbriviation": "PLC",
      "types": "S",
      "isConfidential": false,
      "teminationDate": null,
      "updatedBy": null,
      "updateDate": null
    },
    {
      "activityTypeId": 49,
      "code": "Q",
      "description": "Saturday holiday",
      "abbriviation": "SHL",
      "types": "H",
      "isConfidential": false,
      "teminationDate": null,
      "updatedBy": null,
      "updateDate": null
    },
    {
      "activityTypeId": 50,
      "code": "Q",
      "description": "Saturday holiday",
      "abbriviation": "SHL",
      "types": "S",
      "isConfidential": false,
      "teminationDate": null,
      "updatedBy": null,
      "updateDate": null
    },
    {
      "activityTypeId": 51,
      "code": "R",
      "description": "Sick employee",
      "abbriviation": "SKE",
      "types": "H",
      "isConfidential": true,
      "teminationDate": null,
      "updatedBy": null,
      "updateDate": null
    },
    {
      "activityTypeId": 52,
      "code": "R",
      "description": "Sick employee",
      "abbriviation": "SKE",
      "types": "S",
      "isConfidential": true,
      "teminationDate": null,
      "updatedBy": null,
      "updateDate": null
    },
    {
      "activityTypeId": 53,
      "code": "S",
      "description": "Sick family",
      "abbriviation": "SKF",
      "types": "H",
      "isConfidential": true,
      "teminationDate": null,
      "updatedBy": null,
      "updateDate": null
    },
    {
      "activityTypeId": 54,
      "code": "S",
      "description": "Sick family",
      "abbriviation": "SKF",
      "types": "S",
      "isConfidential": true,
      "teminationDate": null,
      "updatedBy": null,
      "updateDate": null
    },
    {
      "activityTypeId": 55,
      "code": "T",
      "description": "Staff meeting",
      "abbriviation": "SMG",
      "types": "H",
      "isConfidential": false,
      "teminationDate": null,
      "updatedBy": null,
      "updateDate": null
    },
    {
      "activityTypeId": 56,
      "code": "T",
      "description": "Staff meeting",
      "abbriviation": "SMG",
      "types": "S",
      "isConfidential": false,
      "teminationDate": null,
      "updatedBy": null,
      "updateDate": null
    },
    {
      "activityTypeId": 57,
      "code": "V",
      "description": "Traffic safety contact",
      "abbriviation": "TSC",
      "types": "H",
      "isConfidential": false,
      "teminationDate": null,
      "updatedBy": null,
      "updateDate": null
    },
    {
      "activityTypeId": 58,
      "code": "V",
      "description": "Traffic safety contact",
      "abbriviation": "TSC",
      "types": "S",
      "isConfidential": false,
      "teminationDate": null,
      "updatedBy": null,
      "updateDate": null
    },
    {
      "activityTypeId": 59,
      "code": "X",
      "description": "Travel time",
      "abbriviation": "TTM",
      "types": "H",
      "isConfidential": false,
      "teminationDate": null,
      "updatedBy": null,
      "updateDate": null
    },
    {
      "activityTypeId": 60,
      "code": "X",
      "description": "Travel time",
      "abbriviation": "TTM",
      "types": "S",
      "isConfidential": false,
      "teminationDate": null,
      "updatedBy": null,
      "updateDate": null
    },
    {
      "activityTypeId": 61,
      "code": "6",
      "description": "Hearing",
      "abbriviation": "HRG",
      "types": "H",
      "isConfidential": false,
      "teminationDate": null,
      "updatedBy": null,
      "updateDate": null
    },
    {
      "activityTypeId": 62,
      "code": "6",
      "description": "Hearing",
      "abbriviation": "HRG",
      "types": "S",
      "isConfidential": false,
      "teminationDate": null,
      "updatedBy": null,
      "updateDate": null
    },
    {
      "activityTypeId": 63,
      "code": "E",
      "description": "Case review & prep",
      "abbriviation": "CRP",
      "types": "H",
      "isConfidential": false,
      "teminationDate": null,
      "updatedBy": null,
      "updateDate": null
    },
    {
      "activityTypeId": 64,
      "code": "E",
      "description": "Case review & prep",
      "abbriviation": "CRP",
      "types": "S",
      "isConfidential": false,
      "teminationDate": null,
      "updatedBy": null,
      "updateDate": null
    },
    {
      "activityTypeId": 65,
      "code": "7",
      "description": "Pending Master Schedule",
      "abbriviation": "MSR",
      "types": "H",
      "isConfidential": false,
      "teminationDate": null,
      "updatedBy": null,
      "updateDate": null
    },
    {
      "activityTypeId": 66,
      "code": "7",
      "description": "Pending Master Schedule",
      "abbriviation": "MSR",
      "types": "S",
      "isConfidential": false,
      "teminationDate": null,
      "updatedBy": null,
      "updateDate": null
    },
    {
      "activityTypeId": 68,
      "code": "1",
      "description": "testaa",
      "abbriviation": "TST",
      "types": "H",
      "isConfidential": true,
      "teminationDate": null,
      "updatedBy": null,
      "updateDate": "2017-10-09T11:26:03.58"
    },
    {
      "activityTypeId": 70,
      "code": "8",
      "description": "testaaaaaa",
      "abbriviation": "tst",
      "types": "H",
      "isConfidential": false,
      "teminationDate": null,
      "updatedBy": null,
      "updateDate": "2017-09-20T14:47:13.84"
    },
    {
      "activityTypeId": 73,
      "code": "9",
      "description": "tstsst",
      "abbriviation": "TST",
      "types": "H",
      "isConfidential": false,
      "teminationDate": "2017-10-03T11:03:21.717",
      "updatedBy": null,
      "updateDate": "2017-10-03T11:03:21.727"
    },
    {
      "activityTypeId": 74,
      "code": "9",
      "description": "tstsst",
      "abbriviation": "TST",
      "types": "S",
      "isConfidential": false,
      "teminationDate": null,
      "updatedBy": null,
      "updateDate": "2017-09-20T14:43:04.74"
    }
  ],
  "employeeListForOffice": [
    {
      "empid": 13,
      "userID": "MWAMY   ",
      "shortID": "AMY",
      "firstName": "Ardene",
      "middleName": "M",
      "lastName": "Yamakawa",
      "nameSuffix": "   ",
      "officeID": "285",
      "dateUpdated": null,
      "lastUpdBy": null,
      "classification": "H",
      "employeeClass": "8727      ",
      "dateTerminated": null,
      "loanFlag": false,
      "transferFlag": false,
      "transferOffice": "   ",
      "transferDate": null,
      "loanOffice": "   ",
      "loanStart": null,
      "loanEnd": null,
      "officeList": null,
      "classificationList": null,
      "classList": null
    },
    {
      "empid": 21,
      "userID": "MWAL    ",
      "shortID": "AXL",
      "firstName": "Andrew",
      "middleName": null,
      "lastName": "Lee",
      "nameSuffix": "   ",
      "officeID": "285",
      "dateUpdated": null,
      "lastUpdBy": null,
      "classification": "M",
      "employeeClass": "8728      ",
      "dateTerminated": null,
      "loanFlag": false,
      "transferFlag": false,
      "transferOffice": null,
      "transferDate": null,
      "loanOffice": null,
      "loanStart": null,
      "loanEnd": null,
      "officeList": null,
      "classificationList": null,
      "classList": null
    },
    {
      "empid": 22,
      "userID": "MWAS    ",
      "shortID": "AXS",
      "firstName": "Aurora",
      "middleName": "",
      "lastName": "Sandoval",
      "nameSuffix": "   ",
      "officeID": "285",
      "dateUpdated": null,
      "lastUpdBy": null,
      "classification": "S",
      "employeeClass": "1897      ",
      "dateTerminated": null,
      "loanFlag": false,
      "transferFlag": false,
      "transferOffice": "   ",
      "transferDate": null,
      "loanOffice": "   ",
      "loanStart": null,
      "loanEnd": null,
      "officeList": null,
      "classificationList": null,
      "classList": null
    },
    {
      "empid": 23,
      "userID": "MWAYC3  ",
      "shortID": "AYC",
      "firstName": "Allan",
      "middleName": "Y",
      "lastName": "Cai",
      "nameSuffix": "   ",
      "officeID": "285",
      "dateUpdated": null,
      "lastUpdBy": null,
      "classification": "H",
      "employeeClass": "8727      ",
      "dateTerminated": null,
      "loanFlag": false,
      "transferFlag": false,
      "transferOffice": "   ",
      "transferDate": null,
      "loanOffice": "   ",
      "loanStart": null,
      "loanEnd": null,
      "officeList": null,
      "classificationList": null,
      "classList": null
    },
    {
      "empid": 27,
      "userID": "MWBEK   ",
      "shortID": "BEK",
      "firstName": "Barbara",
      "middleName": "E",
      "lastName": "Klag",
      "nameSuffix": null,
      "officeID": "285",
      "dateUpdated": null,
      "lastUpdBy": null,
      "classification": "H",
      "employeeClass": "8727      ",
      "dateTerminated": null,
      "loanFlag": false,
      "transferFlag": false,
      "transferOffice": null,
      "transferDate": null,
      "loanOffice": null,
      "loanStart": null,
      "loanEnd": null,
      "officeList": null,
      "classificationList": null,
      "classList": null
    },
    {
      "empid": 33,
      "userID": "MWBMC   ",
      "shortID": "BMC",
      "firstName": "Betty",
      "middleName": "M",
      "lastName": "Clark",
      "nameSuffix": "   ",
      "officeID": "285",
      "dateUpdated": null,
      "lastUpdBy": null,
      "classification": "M",
      "employeeClass": "1766      ",
      "dateTerminated": null,
      "loanFlag": false,
      "transferFlag": false,
      "transferOffice": null,
      "transferDate": null,
      "loanOffice": null,
      "loanStart": null,
      "loanEnd": null,
      "officeList": null,
      "classificationList": null,
      "classList": null
    },
    {
      "empid": 38,
      "userID": "MWBXB   ",
      "shortID": "BXB",
      "firstName": "Bruce",
      "middleName": null,
      "lastName": "Bartholomew",
      "nameSuffix": "   ",
      "officeID": "285",
      "dateUpdated": null,
      "lastUpdBy": null,
      "classification": "H",
      "employeeClass": "8727      ",
      "dateTerminated": null,
      "loanFlag": false,
      "transferFlag": false,
      "transferOffice": null,
      "transferDate": null,
      "loanOffice": null,
      "loanStart": null,
      "loanEnd": null,
      "officeList": null,
      "classificationList": null,
      "classList": null
    },
    {
      "empid": 39,
      "userID": "MWBWM   ",
      "shortID": "BXM",
      "firstName": "Bob",
      "middleName": "",
      "lastName": "Maser",
      "nameSuffix": "   ",
      "officeID": "285",
      "dateUpdated": null,
      "lastUpdBy": null,
      "classification": "S",
      "employeeClass": "1897      ",
      "dateTerminated": null,
      "loanFlag": false,
      "transferFlag": false,
      "transferOffice": "   ",
      "transferDate": null,
      "loanOffice": "   ",
      "loanStart": null,
      "loanEnd": null,
      "officeList": null,
      "classificationList": null,
      "classList": null
    },
    {
      "empid": 48,
      "userID": "MWCKW   ",
      "shortID": "CKW",
      "firstName": "Chung",
      "middleName": "K",
      "lastName": "Wong",
      "nameSuffix": null,
      "officeID": "285",
      "dateUpdated": null,
      "lastUpdBy": null,
      "classification": "M",
      "employeeClass": "8729      ",
      "dateTerminated": null,
      "loanFlag": false,
      "transferFlag": false,
      "transferOffice": null,
      "transferDate": null,
      "loanOffice": null,
      "loanStart": null,
      "loanEnd": null,
      "officeList": null,
      "classificationList": null,
      "classList": null
    },
    {
      "empid": 67,
      "userID": "MWDGE   ",
      "shortID": "DGE",
      "firstName": "Daniel",
      "middleName": "G",
      "lastName": "Emick",
      "nameSuffix": "   ",
      "officeID": "285",
      "dateUpdated": null,
      "lastUpdBy": null,
      "classification": "H",
      "employeeClass": "8727      ",
      "dateTerminated": null,
      "loanFlag": false,
      "transferFlag": false,
      "transferOffice": "   ",
      "transferDate": null,
      "loanOffice": "   ",
      "loanStart": null,
      "loanEnd": null,
      "officeList": null,
      "classificationList": null,
      "classList": null
    },
    {
      "empid": 76,
      "userID": "MWDXO3  ",
      "shortID": "DXO",
      "firstName": "Dmitriy",
      "middleName": "",
      "lastName": "Oleshko",
      "nameSuffix": "   ",
      "officeID": "285",
      "dateUpdated": null,
      "lastUpdBy": null,
      "classification": "H",
      "employeeClass": "8727      ",
      "dateTerminated": null,
      "loanFlag": false,
      "transferFlag": false,
      "transferOffice": "   ",
      "transferDate": null,
      "loanOffice": "   ",
      "loanStart": null,
      "loanEnd": null,
      "officeList": null,
      "classificationList": null,
      "classList": null
    },
    {
      "empid": 85,
      "userID": "MWERG   ",
      "shortID": "ERG",
      "firstName": "Eilene",
      "middleName": "R",
      "lastName": "Gilbertson",
      "nameSuffix": "   ",
      "officeID": "285",
      "dateUpdated": null,
      "lastUpdBy": null,
      "classification": "S",
      "employeeClass": "1897      ",
      "dateTerminated": null,
      "loanFlag": false,
      "transferFlag": false,
      "transferOffice": null,
      "transferDate": null,
      "loanOffice": null,
      "loanStart": null,
      "loanEnd": null,
      "officeList": null,
      "classificationList": null,
      "classList": null
    },
    {
      "empid": 97,
      "userID": "MWGAL   ",
      "shortID": "GAL",
      "firstName": "Gloria",
      "middleName": "A",
      "lastName": "Luevano",
      "nameSuffix": "   ",
      "officeID": "285",
      "dateUpdated": null,
      "lastUpdBy": null,
      "classification": "S",
      "employeeClass": "1897      ",
      "dateTerminated": null,
      "loanFlag": false,
      "transferFlag": false,
      "transferOffice": null,
      "transferDate": null,
      "loanOffice": null,
      "loanStart": null,
      "loanEnd": null,
      "officeList": null,
      "classificationList": null,
      "classList": null
    },
    {
      "empid": 117,
      "userID": "MWHGB   ",
      "shortID": "HGB",
      "firstName": "Homer",
      "middleName": "G",
      "lastName": "Black",
      "nameSuffix": null,
      "officeID": "285",
      "dateUpdated": null,
      "lastUpdBy": null,
      "classification": "M",
      "employeeClass": "8729      ",
      "dateTerminated": null,
      "loanFlag": false,
      "transferFlag": false,
      "transferOffice": null,
      "transferDate": null,
      "loanOffice": null,
      "loanStart": null,
      "loanEnd": null,
      "officeList": null,
      "classificationList": null,
      "classList": null
    },
    {
      "empid": 138,
      "userID": "MVJFP   ",
      "shortID": "JFP",
      "firstName": "Janice",
      "middleName": "F",
      "lastName": "Prince",
      "nameSuffix": "   ",
      "officeID": "285",
      "dateUpdated": null,
      "lastUpdBy": null,
      "classification": "H",
      "employeeClass": "8727      ",
      "dateTerminated": null,
      "loanFlag": false,
      "transferFlag": false,
      "transferOffice": null,
      "transferDate": null,
      "loanOffice": null,
      "loanStart": null,
      "loanEnd": null,
      "officeList": null,
      "classificationList": null,
      "classList": null
    },
    {
      "empid": 141,
      "userID": "MVJJH1  ",
      "shortID": "JJH",
      "firstName": "John",
      "middleName": null,
      "lastName": "Henderson",
      "nameSuffix": "   ",
      "officeID": "285",
      "dateUpdated": null,
      "lastUpdBy": null,
      "classification": "H",
      "employeeClass": "8727      ",
      "dateTerminated": null,
      "loanFlag": false,
      "transferFlag": false,
      "transferOffice": null,
      "transferDate": null,
      "loanOffice": null,
      "loanStart": null,
      "loanEnd": null,
      "officeList": null,
      "classificationList": null,
      "classList": null
    },
    {
      "empid": 145,
      "userID": "MWJNO   ",
      "shortID": "JNO",
      "firstName": "Joseph",
      "middleName": "N",
      "lastName": "O'Flaherty",
      "nameSuffix": "   ",
      "officeID": "285",
      "dateUpdated": null,
      "lastUpdBy": null,
      "classification": "H",
      "employeeClass": "8727      ",
      "dateTerminated": null,
      "loanFlag": false,
      "transferFlag": false,
      "transferOffice": null,
      "transferDate": null,
      "loanOffice": null,
      "loanStart": null,
      "loanEnd": null,
      "officeList": null,
      "classificationList": null,
      "classList": null
    },
    {
      "empid": 156,
      "userID": "MWJYW1  ",
      "shortID": "JYW",
      "firstName": "Janie",
      "middleName": "Y",
      "lastName": "Wong",
      "nameSuffix": "   ",
      "officeID": "285",
      "dateUpdated": null,
      "lastUpdBy": null,
      "classification": "M",
      "employeeClass": "8729      ",
      "dateTerminated": null,
      "loanFlag": false,
      "transferFlag": false,
      "transferOffice": "   ",
      "transferDate": null,
      "loanOffice": "   ",
      "loanStart": null,
      "loanEnd": null,
      "officeList": null,
      "classificationList": null,
      "classList": null
    },
    {
      "empid": 168,
      "userID": "MWKNT1  ",
      "shortID": "KNT",
      "firstName": "Khanh",
      "middleName": "N",
      "lastName": "Tran",
      "nameSuffix": "   ",
      "officeID": "285",
      "dateUpdated": null,
      "lastUpdBy": null,
      "classification": "M",
      "employeeClass": "8729      ",
      "dateTerminated": null,
      "loanFlag": false,
      "transferFlag": false,
      "transferOffice": "   ",
      "transferDate": null,
      "loanOffice": "   ",
      "loanStart": null,
      "loanEnd": null,
      "officeList": null,
      "classificationList": null,
      "classList": null
    },
    {
      "empid": 171,
      "userID": "MVKXH   ",
      "shortID": "KXH",
      "firstName": "Ken",
      "middleName": "",
      "lastName": "Hom",
      "nameSuffix": "   ",
      "officeID": "285",
      "dateUpdated": null,
      "lastUpdBy": null,
      "classification": "H",
      "employeeClass": "8727      ",
      "dateTerminated": null,
      "loanFlag": false,
      "transferFlag": false,
      "transferOffice": "   ",
      "transferDate": null,
      "loanOffice": "   ",
      "loanStart": null,
      "loanEnd": null,
      "officeList": null,
      "classificationList": null,
      "classList": null
    },
    {
      "empid": 178,
      "userID": "MWLDS   ",
      "shortID": "LDS",
      "firstName": "Lydia",
      "middleName": "D",
      "lastName": "Shaull",
      "nameSuffix": "   ",
      "officeID": "285",
      "dateUpdated": null,
      "lastUpdBy": null,
      "classification": "H",
      "employeeClass": "8727      ",
      "dateTerminated": null,
      "loanFlag": false,
      "transferFlag": false,
      "transferOffice": null,
      "transferDate": null,
      "loanOffice": null,
      "loanStart": null,
      "loanEnd": null,
      "officeList": null,
      "classificationList": null,
      "classList": null
    },
    {
      "empid": 190,
      "userID": "MWLMH1  ",
      "shortID": "LMH",
      "firstName": "Linda",
      "middleName": "M",
      "lastName": "Hall",
      "nameSuffix": "   ",
      "officeID": "285",
      "dateUpdated": null,
      "lastUpdBy": null,
      "classification": "H",
      "employeeClass": "8727      ",
      "dateTerminated": null,
      "loanFlag": false,
      "transferFlag": false,
      "transferOffice": null,
      "transferDate": null,
      "loanOffice": null,
      "loanStart": null,
      "loanEnd": null,
      "officeList": null,
      "classificationList": null,
      "classList": null
    },
    {
      "empid": 220,
      "userID": "MWMPG4  ",
      "shortID": "MPG",
      "firstName": "Michael",
      "middleName": null,
      "lastName": "Grahn",
      "nameSuffix": "   ",
      "officeID": "285",
      "dateUpdated": null,
      "lastUpdBy": null,
      "classification": "R",
      "employeeClass": "8727      ",
      "dateTerminated": null,
      "loanFlag": false,
      "transferFlag": false,
      "transferOffice": null,
      "transferDate": null,
      "loanOffice": null,
      "loanStart": null,
      "loanEnd": null,
      "officeList": null,
      "classificationList": null,
      "classList": null
    },
    {
      "empid": 237,
      "userID": "MWPAH   ",
      "shortID": "PAH",
      "firstName": "Patricia",
      "middleName": "A",
      "lastName": "House",
      "nameSuffix": "   ",
      "officeID": "285",
      "dateUpdated": null,
      "lastUpdBy": null,
      "classification": "H",
      "employeeClass": "8727      ",
      "dateTerminated": null,
      "loanFlag": false,
      "transferFlag": false,
      "transferOffice": null,
      "transferDate": null,
      "loanOffice": null,
      "loanStart": null,
      "loanEnd": null,
      "officeList": null,
      "classificationList": null,
      "classList": null
    },
    {
      "empid": 255,
      "userID": "MWREH   ",
      "shortID": "REH",
      "firstName": "Russell",
      "middleName": "E",
      "lastName": "Haste",
      "nameSuffix": "   ",
      "officeID": "285",
      "dateUpdated": null,
      "lastUpdBy": null,
      "classification": "H",
      "employeeClass": "8727      ",
      "dateTerminated": null,
      "loanFlag": false,
      "transferFlag": false,
      "transferOffice": null,
      "transferDate": null,
      "loanOffice": null,
      "loanStart": null,
      "loanEnd": null,
      "officeList": null,
      "classificationList": null,
      "classList": null
    },
    {
      "empid": 273,
      "userID": "MWRTR   ",
      "shortID": "RTR",
      "firstName": "Rico",
      "middleName": "T",
      "lastName": "Rubiono",
      "nameSuffix": null,
      "officeID": "285",
      "dateUpdated": null,
      "lastUpdBy": null,
      "classification": "H",
      "employeeClass": "8727      ",
      "dateTerminated": null,
      "loanFlag": false,
      "transferFlag": false,
      "transferOffice": null,
      "transferDate": null,
      "loanOffice": null,
      "loanStart": null,
      "loanEnd": null,
      "officeList": null,
      "classificationList": null,
      "classList": null
    },
    {
      "empid": 293,
      "userID": "MWSLP1  ",
      "shortID": "SPX",
      "firstName": "Steven",
      "middleName": "L",
      "lastName": "Price",
      "nameSuffix": "   ",
      "officeID": "285",
      "dateUpdated": null,
      "lastUpdBy": null,
      "classification": "H",
      "employeeClass": "8727      ",
      "dateTerminated": null,
      "loanFlag": false,
      "transferFlag": false,
      "transferOffice": "   ",
      "transferDate": null,
      "loanOffice": "   ",
      "loanStart": null,
      "loanEnd": null,
      "officeList": null,
      "classificationList": null,
      "classList": null
    },
    {
      "empid": 304,
      "userID": "MWTXH   ",
      "shortID": "TXH",
      "firstName": "Tricia",
      "middleName": "",
      "lastName": "Hollingsworth",
      "nameSuffix": "   ",
      "officeID": "285",
      "dateUpdated": null,
      "lastUpdBy": null,
      "classification": "H",
      "employeeClass": "8727      ",
      "dateTerminated": null,
      "loanFlag": false,
      "transferFlag": false,
      "transferOffice": null,
      "transferDate": null,
      "loanOffice": null,
      "loanStart": null,
      "loanEnd": null,
      "officeList": null,
      "classificationList": null,
      "classList": null
    },
    {
      "empid": 307,
      "userID": "MWVAB1  ",
      "shortID": "VAB",
      "firstName": "Virginia",
      "middleName": null,
      "lastName": "Bolton",
      "nameSuffix": null,
      "officeID": "285",
      "dateUpdated": null,
      "lastUpdBy": null,
      "classification": "H",
      "employeeClass": "8727      ",
      "dateTerminated": null,
      "loanFlag": false,
      "transferFlag": false,
      "transferOffice": null,
      "transferDate": null,
      "loanOffice": null,
      "loanStart": null,
      "loanEnd": null,
      "officeList": null,
      "classificationList": null,
      "classList": null
    },
    {
      "empid": 313,
      "userID": "MWVLJ1  ",
      "shortID": "VLJ",
      "firstName": "Latrease",
      "middleName": "",
      "lastName": "Jordan",
      "nameSuffix": "   ",
      "officeID": "285",
      "dateUpdated": null,
      "lastUpdBy": null,
      "classification": "H",
      "employeeClass": "8727      ",
      "dateTerminated": null,
      "loanFlag": false,
      "transferFlag": false,
      "transferOffice": "   ",
      "transferDate": null,
      "loanOffice": "   ",
      "loanStart": null,
      "loanEnd": null,
      "officeList": null,
      "classificationList": null,
      "classList": null
    },
    {
      "empid": 319,
      "userID": "MWVXT1  ",
      "shortID": "VXT",
      "firstName": "Valerie",
      "middleName": null,
      "lastName": "Toy-Wong",
      "nameSuffix": "   ",
      "officeID": "285",
      "dateUpdated": null,
      "lastUpdBy": null,
      "classification": "H",
      "employeeClass": "8727      ",
      "dateTerminated": null,
      "loanFlag": false,
      "transferFlag": false,
      "transferOffice": null,
      "transferDate": null,
      "loanOffice": null,
      "loanStart": null,
      "loanEnd": null,
      "officeList": null,
      "classificationList": null,
      "classList": null
    },
    {
      "empid": 325,
      "userID": "MWWTB   ",
      "shortID": "WTB",
      "firstName": "William",
      "middleName": "T",
      "lastName": "Boyd",
      "nameSuffix": "   ",
      "officeID": "285",
      "dateUpdated": null,
      "lastUpdBy": null,
      "classification": "H",
      "employeeClass": "8727      ",
      "dateTerminated": null,
      "loanFlag": false,
      "transferFlag": false,
      "transferOffice": "   ",
      "transferDate": null,
      "loanOffice": "   ",
      "loanStart": null,
      "loanEnd": null,
      "officeList": null,
      "classificationList": null,
      "classList": null
    },
    {
      "empid": 326,
      "userID": "MWWWS   ",
      "shortID": "WWS",
      "firstName": "Walter",
      "middleName": "W",
      "lastName": "Skinner",
      "nameSuffix": "   ",
      "officeID": "285",
      "dateUpdated": null,
      "lastUpdBy": null,
      "classification": "H",
      "employeeClass": "8727      ",
      "dateTerminated": null,
      "loanFlag": false,
      "transferFlag": false,
      "transferOffice": "   ",
      "transferDate": null,
      "loanOffice": "   ",
      "loanStart": null,
      "loanEnd": null,
      "officeList": null,
      "classificationList": null,
      "classList": null
    },
    {
      "empid": 327,
      "userID": "MWDWS4  ",
      "shortID": "DWS",
      "firstName": "David",
      "middleName": "W",
      "lastName": "Schmidt",
      "nameSuffix": "   ",
      "officeID": "285",
      "dateUpdated": null,
      "lastUpdBy": null,
      "classification": "H",
      "employeeClass": "8727      ",
      "dateTerminated": null,
      "loanFlag": false,
      "transferFlag": false,
      "transferOffice": "   ",
      "transferDate": null,
      "loanOffice": "   ",
      "loanStart": null,
      "loanEnd": null,
      "officeList": null,
      "classificationList": null,
      "classList": null
    },
    {
      "empid": 332,
      "userID": "MWACA4  ",
      "shortID": "ACA",
      "firstName": "Albert a",
      "middleName": "C",
      "lastName": "Aguilar",
      "nameSuffix": "III",
      "officeID": "285",
      "dateUpdated": null,
      "lastUpdBy": null,
      "classification": "S",
      "employeeClass": "1897      ",
      "dateTerminated": null,
      "loanFlag": false,
      "transferFlag": false,
      "transferOffice": null,
      "transferDate": null,
      "loanOffice": null,
      "loanStart": null,
      "loanEnd": null,
      "officeList": null,
      "classificationList": null,
      "classList": null
    },
    {
      "empid": 390,
      "userID": "MWSXB20 ",
      "shortID": "SXB",
      "firstName": "Soumya",
      "middleName": null,
      "lastName": "Boddu",
      "nameSuffix": "   ",
      "officeID": "285",
      "dateUpdated": null,
      "lastUpdBy": null,
      "classification": "D",
      "employeeClass": "8727      ",
      "dateTerminated": null,
      "loanFlag": false,
      "transferFlag": false,
      "transferOffice": null,
      "transferDate": null,
      "loanOffice": null,
      "loanStart": null,
      "loanEnd": null,
      "officeList": null,
      "classificationList": null,
      "classList": null
    },
    {
      "empid": 334,
      "userID": "mwxxx5  ",
      "shortID": "xx5",
      "firstName": "test",
      "middleName": "b",
      "lastName": "test",
      "nameSuffix": "jr ",
      "officeID": "285",
      "dateUpdated": null,
      "lastUpdBy": null,
      "classification": "S",
      "employeeClass": "1897      ",
      "dateTerminated": null,
      "loanFlag": false,
      "transferFlag": false,
      "transferOffice": null,
      "transferDate": null,
      "loanOffice": null,
      "loanStart": null,
      "loanEnd": null,
      "officeList": null,
      "classificationList": null,
      "classList": null
    },
    {
      "empid": 388,
      "userID": "MWMPG4X ",
      "shortID": "MPX",
      "firstName": "Michael",
      "middleName": null,
      "lastName": "Grahn",
      "nameSuffix": "   ",
      "officeID": "285",
      "dateUpdated": null,
      "lastUpdBy": null,
      "classification": "D",
      "employeeClass": "8727      ",
      "dateTerminated": null,
      "loanFlag": false,
      "transferFlag": false,
      "transferOffice": null,
      "transferDate": null,
      "loanOffice": null,
      "loanStart": null,
      "loanEnd": null,
      "officeList": null,
      "classificationList": null,
      "classList": null
    },
    {
      "empid": 383,
      "userID": "MWNXN3  ",
      "shortID": "NXN",
      "firstName": "Deno",
      "middleName": "P",
      "lastName": "Nguyen",
      "nameSuffix": "   ",
      "officeID": "285",
      "dateUpdated": null,
      "lastUpdBy": null,
      "classification": "H",
      "employeeClass": "8727      ",
      "dateTerminated": null,
      "loanFlag": false,
      "transferFlag": false,
      "transferOffice": null,
      "transferDate": null,
      "loanOffice": null,
      "loanStart": null,
      "loanEnd": null,
      "officeList": null,
      "classificationList": null,
      "classList": null
    }
  ]
}