{
  "employee": {
    "empid": 0,
    "userID": "string",
    "shortID": "string",
    "firstName": "string",
    "middleName": "string",
    "lastName": "string",
    "nameSuffix": "string",
    "officeID": "string",
    "dateUpdated": "string",
    "lastUpdBy": "string",
    "classification": "string",
    "employeeClass": "string",
    "dateTerminated": "string",
    "loanFlag": true,
    "transferFlag": true,
    "transferOffice": "string",
    "transferDate": "string",
    "loanOffice": "string",
    "loanStart": "string",
    "loanEnd": "string",
    "officeList": [
      {
        "disabled": true,
        "group": {
          "disabled": true,
          "name": "string"
        },
        "selected": true,
        "text": "string",
        "value": "string"
      }
    ],
    "classificationList": [
      {
        "disabled": true,
        "group": {
          "disabled": true,
          "name": "string"
        },
        "selected": true,
        "text": "string",
        "value": "string"
      }
    ],
    "classList": [
      {
        "disabled": true,
        "group": {
          "disabled": true,
          "name": "string"
        },
        "selected": true,
        "text": "string",
        "value": "string"
      }
    ]
  },
  "officeList": [
    {
      "disabled": true,
      "group": {
        "disabled": true,
        "name": "string"
      },
      "selected": true,
      "text": "string",
      "value": "string"
    }
  ],
  "classificationList": [
    {
      "disabled": true,
      "group": {
        "disabled": true,
        "name": "string"
      },
      "selected": true,
      "text": "string",
      "value": "string"
    }
  ],
  "classList": [
    {
      "disabled": true,
      "group": {
        "disabled": true,
        "name": "string"
      },
      "selected": true,
      "text": "string",
      "value": "string"
    }
  ]
}